file	sight	kind	lat	lon	bearing	pitch	elevation	sky	labels	width	height	await_ms	command
zermatt-matterhorn.sky-on.peaks-on.areas-on.b180.std.png	zermatt-matterhorn	matrix	46.0207	7.7491	180	-3	0.55	on	peaks,mountain_ranges,islands,lakes,cities	1600	1000	120000	java -jar headless/build/libs/peaknav-headless-1.1.0.jar --lat 46.0207 --lon 7.7491 --width 1600 --height 1000 --await 120000 --sky on --sky-mode local --constellations on --horizon-compass off --coordinates off --labels "peaks,mountain_ranges,islands,lakes,cities" --download 900000 --shot "180,-3,0.55,snapshots/images/zermatt-matterhorn.sky-on.peaks-on.areas-on.b180.std.png"
zermatt-matterhorn.sky-on.peaks-on.areas-on.b180.wide.png	zermatt-matterhorn	matrix	46.0207	7.7491	180	-8	0.9	on	peaks,mountain_ranges,islands,lakes,cities	1600	1000	120000	java -jar headless/build/libs/peaknav-headless-1.1.0.jar --lat 46.0207 --lon 7.7491 --width 1600 --height 1000 --await 120000 --sky on --sky-mode local --constellations on --horizon-compass off --coordinates off --labels "peaks,mountain_ranges,islands,lakes,cities" --download 900000 --shot "180,-8,0.9,snapshots/images/zermatt-matterhorn.sky-on.peaks-on.areas-on.b180.wide.png"
zermatt-matterhorn.sky-on.peaks-on.areas-on.b210.std.png	zermatt-matterhorn	matrix	46.0207	7.7491	210	-3	0.55	on	peaks,mountain_ranges,islands,lakes,cities	1600	1000	120000	java -jar headless/build/libs/peaknav-headless-1.1.0.jar --lat 46.0207 --lon 7.7491 --width 1600 --height 1000 --await 120000 --sky on --sky-mode local --constellations on --horizon-compass off --coordinates off --labels "peaks,mountain_ranges,islands,lakes,cities" --download 900000 --shot "210,-3,0.55,snapshots/images/zermatt-matterhorn.sky-on.peaks-on.areas-on.b210.std.png"
zermatt-matterhorn.sky-on.peaks-on.areas-on.b210.wide.png	zermatt-matterhorn	matrix	46.0207	7.7491	210	-8	0.9	on	peaks,mountain_ranges,islands,lakes,cities	1600	1000	120000	java -jar headless/build/libs/peaknav-headless-1.1.0.jar --lat 46.0207 --lon 7.7491 --width 1600 --height 1000 --await 120000 --sky on --sky-mode local --constellations on --horizon-compass off --coordinates off --labels "peaks,mountain_ranges,islands,lakes,cities" --download 900000 --shot "210,-8,0.9,snapshots/images/zermatt-matterhorn.sky-on.peaks-on.areas-on.b210.wide.png"
zermatt-matterhorn.sky-on.peaks-on.areas-on.b240.std.png	zermatt-matterhorn	matrix	46.0207	7.7491	240	-3	0.55	on	peaks,mountain_ranges,islands,lakes,cities	1600	1000	120000	java -jar headless/build/libs/peaknav-headless-1.1.0.jar --lat 46.0207 --lon 7.7491 --width 1600 --height 1000 --await 120000 --sky on --sky-mode local --constellations on --horizon-compass off --coordinates off --labels "peaks,mountain_ranges,islands,lakes,cities" --download 900000 --shot "240,-3,0.55,snapshots/images/zermatt-matterhorn.sky-on.peaks-on.areas-on.b240.std.png"
zermatt-matterhorn.sky-on.peaks-on.areas-on.b240.wide.png	zermatt-matterhorn	matrix	46.0207	7.7491	240	-8	0.9	on	peaks,mountain_ranges,islands,lakes,cities	1600	1000	120000	java -jar headless/build/libs/peaknav-headless-1.1.0.jar --lat 46.0207 --lon 7.7491 --width 1600 --height 1000 --await 120000 --sky on --sky-mode local --constellations on --horizon-compass off --coordinates off --labels "peaks,mountain_ranges,islands,lakes,cities" --download 900000 --shot "240,-8,0.9,snapshots/images/zermatt-matterhorn.sky-on.peaks-on.areas-on.b240.wide.png"
zermatt-matterhorn.sky-on.peaks-on.areas-off.b180.std.png	zermatt-matterhorn	matrix	46.0207	7.7491	180	-3	0.55	on	peaks	1600	1000	120000	java -jar headless/build/libs/peaknav-headless-1.1.0.jar --lat 46.0207 --lon 7.7491 --width 1600 --height 1000 --await 120000 --sky on --sky-mode local --constellations on --horizon-compass off --coordinates off --labels "peaks" --download 900000 --shot "180,-3,0.55,snapshots/images/zermatt-matterhorn.sky-on.peaks-on.areas-off.b180.std.png"
zermatt-matterhorn.sky-on.peaks-on.areas-off.b180.wide.png	zermatt-matterhorn	matrix	46.0207	7.7491	180	-8	0.9	on	peaks	1600	1000	120000	java -jar headless/build/libs/peaknav-headless-1.1.0.jar --lat 46.0207 --lon 7.7491 --width 1600 --height 1000 --await 120000 --sky on --sky-mode local --constellations on --horizon-compass off --coordinates off --labels "peaks" --download 900000 --shot "180,-8,0.9,snapshots/images/zermatt-matterhorn.sky-on.peaks-on.areas-off.b180.wide.png"
zermatt-matterhorn.sky-on.peaks-on.areas-off.b210.std.png	zermatt-matterhorn	matrix	46.0207	7.7491	210	-3	0.55	on	peaks	1600	1000	120000	java -jar headless/build/libs/peaknav-headless-1.1.0.jar --lat 46.0207 --lon 7.7491 --width 1600 --height 1000 --await 120000 --sky on --sky-mode local --constellations on --horizon-compass off --coordinates off --labels "peaks" --download 900000 --shot "210,-3,0.55,snapshots/images/zermatt-matterhorn.sky-on.peaks-on.areas-off.b210.std.png"
zermatt-matterhorn.sky-on.peaks-on.areas-off.b210.wide.png	zermatt-matterhorn	matrix	46.0207	7.7491	210	-8	0.9	on	peaks	1600	1000	120000	java -jar headless/build/libs/peaknav-headless-1.1.0.jar --lat 46.0207 --lon 7.7491 --width 1600 --height 1000 --await 120000 --sky on --sky-mode local --constellations on --horizon-compass off --coordinates off --labels "peaks" --download 900000 --shot "210,-8,0.9,snapshots/images/zermatt-matterhorn.sky-on.peaks-on.areas-off.b210.wide.png"
zermatt-matterhorn.sky-on.peaks-on.areas-off.b240.std.png	zermatt-matterhorn	matrix	46.0207	7.7491	240	-3	0.55	on	peaks	1600	1000	120000	java -jar headless/build/libs/peaknav-headless-1.1.0.jar --lat 46.0207 --lon 7.7491 --width 1600 --height 1000 --await 120000 --sky on --sky-mode local --constellations on --horizon-compass off --coordinates off --labels "peaks" --download 900000 --shot "240,-3,0.55,snapshots/images/zermatt-matterhorn.sky-on.peaks-on.areas-off.b240.std.png"
zermatt-matterhorn.sky-on.peaks-on.areas-off.b240.wide.png	zermatt-matterhorn	matrix	46.0207	7.7491	240	-8	0.9	on	peaks	1600	1000	120000	java -jar headless/build/libs/peaknav-headless-1.1.0.jar --lat 46.0207 --lon 7.7491 --width 1600 --height 1000 --await 120000 --sky on --sky-mode local --constellations on --horizon-compass off --coordinates off --labels "peaks" --download 900000 --shot "240,-8,0.9,snapshots/images/zermatt-matterhorn.sky-on.peaks-on.areas-off.b240.wide.png"
zermatt-matterhorn.sky-on.peaks-off.areas-on.b180.std.png	zermatt-matterhorn	matrix	46.0207	7.7491	180	-3	0.55	on	mountain_ranges,islands,lakes,cities	1600	1000	120000	java -jar headless/build/libs/peaknav-headless-1.1.0.jar --lat 46.0207 --lon 7.7491 --width 1600 --height 1000 --await 120000 --sky on --sky-mode local --constellations on --horizon-compass off --coordinates off --labels "mountain_ranges,islands,lakes,cities" --download 900000 --shot "180,-3,0.55,snapshots/images/zermatt-matterhorn.sky-on.peaks-off.areas-on.b180.std.png"
zermatt-matterhorn.sky-on.peaks-off.areas-on.b180.wide.png	zermatt-matterhorn	matrix	46.0207	7.7491	180	-8	0.9	on	mountain_ranges,islands,lakes,cities	1600	1000	120000	java -jar headless/build/libs/peaknav-headless-1.1.0.jar --lat 46.0207 --lon 7.7491 --width 1600 --height 1000 --await 120000 --sky on --sky-mode local --constellations on --horizon-compass off --coordinates off --labels "mountain_ranges,islands,lakes,cities" --download 900000 --shot "180,-8,0.9,snapshots/images/zermatt-matterhorn.sky-on.peaks-off.areas-on.b180.wide.png"
zermatt-matterhorn.sky-on.peaks-off.areas-on.b210.std.png	zermatt-matterhorn	matrix	46.0207	7.7491	210	-3	0.55	on	mountain_ranges,islands,lakes,cities	1600	1000	120000	java -jar headless/build/libs/peaknav-headless-1.1.0.jar --lat 46.0207 --lon 7.7491 --width 1600 --height 1000 --await 120000 --sky on --sky-mode local --constellations on --horizon-compass off --coordinates off --labels "mountain_ranges,islands,lakes,cities" --download 900000 --shot "210,-3,0.55,snapshots/images/zermatt-matterhorn.sky-on.peaks-off.areas-on.b210.std.png"
zermatt-matterhorn.sky-on.peaks-off.areas-on.b210.wide.png	zermatt-matterhorn	matrix	46.0207	7.7491	210	-8	0.9	on	mountain_ranges,islands,lakes,cities	1600	1000	120000	java -jar headless/build/libs/peaknav-headless-1.1.0.jar --lat 46.0207 --lon 7.7491 --width 1600 --height 1000 --await 120000 --sky on --sky-mode local --constellations on --horizon-compass off --coordinates off --labels "mountain_ranges,islands,lakes,cities" --download 900000 --shot "210,-8,0.9,snapshots/images/zermatt-matterhorn.sky-on.peaks-off.areas-on.b210.wide.png"
zermatt-matterhorn.sky-on.peaks-off.areas-on.b240.std.png	zermatt-matterhorn	matrix	46.0207	7.7491	240	-3	0.55	on	mountain_ranges,islands,lakes,cities	1600	1000	120000	java -jar headless/build/libs/peaknav-headless-1.1.0.jar --lat 46.0207 --lon 7.7491 --width 1600 --height 1000 --await 120000 --sky on --sky-mode local --constellations on --horizon-compass off --coordinates off --labels "mountain_ranges,islands,lakes,cities" --download 900000 --shot "240,-3,0.55,snapshots/images/zermatt-matterhorn.sky-on.peaks-off.areas-on.b240.std.png"
zermatt-matterhorn.sky-on.peaks-off.areas-on.b240.wide.png	zermatt-matterhorn	matrix	46.0207	7.7491	240	-8	0.9	on	mountain_ranges,islands,lakes,cities	1600	1000	120000	java -jar headless/build/libs/peaknav-headless-1.1.0.jar --lat 46.0207 --lon 7.7491 --width 1600 --height 1000 --await 120000 --sky on --sky-mode local --constellations on --horizon-compass off --coordinates off --labels "mountain_ranges,islands,lakes,cities" --download 900000 --shot "240,-8,0.9,snapshots/images/zermatt-matterhorn.sky-on.peaks-off.areas-on.b240.wide.png"
zermatt-matterhorn.sky-on.peaks-off.areas-off.b180.std.png	zermatt-matterhorn	matrix	46.0207	7.7491	180	-3	0.55	on	(none)	1600	1000	120000	java -jar headless/build/libs/peaknav-headless-1.1.0.jar --lat 46.0207 --lon 7.7491 --width 1600 --height 1000 --await 120000 --sky on --sky-mode local --constellations on --horizon-compass off --coordinates off --labels "" --download 900000 --shot "180,-3,0.55,snapshots/images/zermatt-matterhorn.sky-on.peaks-off.areas-off.b180.std.png"
zermatt-matterhorn.sky-on.peaks-off.areas-off.b180.wide.png	zermatt-matterhorn	matrix	46.0207	7.7491	180	-8	0.9	on	(none)	1600	1000	120000	java -jar headless/build/libs/peaknav-headless-1.1.0.jar --lat 46.0207 --lon 7.7491 --width 1600 --height 1000 --await 120000 --sky on --sky-mode local --constellations on --horizon-compass off --coordinates off --labels "" --download 900000 --shot "180,-8,0.9,snapshots/images/zermatt-matterhorn.sky-on.peaks-off.areas-off.b180.wide.png"
zermatt-matterhorn.sky-on.peaks-off.areas-off.b210.std.png	zermatt-matterhorn	matrix	46.0207	7.7491	210	-3	0.55	on	(none)	1600	1000	120000	java -jar headless/build/libs/peaknav-headless-1.1.0.jar --lat 46.0207 --lon 7.7491 --width 1600 --height 1000 --await 120000 --sky on --sky-mode local --constellations on --horizon-compass off --coordinates off --labels "" --download 900000 --shot "210,-3,0.55,snapshots/images/zermatt-matterhorn.sky-on.peaks-off.areas-off.b210.std.png"
zermatt-matterhorn.sky-on.peaks-off.areas-off.b210.wide.png	zermatt-matterhorn	matrix	46.0207	7.7491	210	-8	0.9	on	(none)	1600	1000	120000	java -jar headless/build/libs/peaknav-headless-1.1.0.jar --lat 46.0207 --lon 7.7491 --width 1600 --height 1000 --await 120000 --sky on --sky-mode local --constellations on --horizon-compass off --coordinates off --labels "" --download 900000 --shot "210,-8,0.9,snapshots/images/zermatt-matterhorn.sky-on.peaks-off.areas-off.b210.wide.png"
zermatt-matterhorn.sky-on.peaks-off.areas-off.b240.std.png	zermatt-matterhorn	matrix	46.0207	7.7491	240	-3	0.55	on	(none)	1600	1000	120000	java -jar headless/build/libs/peaknav-headless-1.1.0.jar --lat 46.0207 --lon 7.7491 --width 1600 --height 1000 --await 120000 --sky on --sky-mode local --constellations on --horizon-compass off --coordinates off --labels "" --download 900000 --shot "240,-3,0.55,snapshots/images/zermatt-matterhorn.sky-on.peaks-off.areas-off.b240.std.png"
zermatt-matterhorn.sky-on.peaks-off.areas-off.b240.wide.png	zermatt-matterhorn	matrix	46.0207	7.7491	240	-8	0.9	on	(none)	1600	1000	120000	java -jar headless/build/libs/peaknav-headless-1.1.0.jar --lat 46.0207 --lon 7.7491 --width 1600 --height 1000 --await 120000 --sky on --sky-mode local --constellations on --horizon-compass off --coordinates off --labels "" --download 900000 --shot "240,-8,0.9,snapshots/images/zermatt-matterhorn.sky-on.peaks-off.areas-off.b240.wide.png"
zermatt-matterhorn.sky-off.peaks-on.areas-on.b180.std.png	zermatt-matterhorn	matrix	46.0207	7.7491	180	-3	0.55	off	peaks,mountain_ranges,islands,lakes,cities	1600	1000	120000	java -jar headless/build/libs/peaknav-headless-1.1.0.jar --lat 46.0207 --lon 7.7491 --width 1600 --height 1000 --await 120000 --sky off --sky-mode local --constellations on --horizon-compass off --coordinates off --labels "peaks,mountain_ranges,islands,lakes,cities" --download 900000 --shot "180,-3,0.55,snapshots/images/zermatt-matterhorn.sky-off.peaks-on.areas-on.b180.std.png"
zermatt-matterhorn.sky-off.peaks-on.areas-on.b180.wide.png	zermatt-matterhorn	matrix	46.0207	7.7491	180	-8	0.9	off	peaks,mountain_ranges,islands,lakes,cities	1600	1000	120000	java -jar headless/build/libs/peaknav-headless-1.1.0.jar --lat 46.0207 --lon 7.7491 --width 1600 --height 1000 --await 120000 --sky off --sky-mode local --constellations on --horizon-compass off --coordinates off --labels "peaks,mountain_ranges,islands,lakes,cities" --download 900000 --shot "180,-8,0.9,snapshots/images/zermatt-matterhorn.sky-off.peaks-on.areas-on.b180.wide.png"
zermatt-matterhorn.sky-off.peaks-on.areas-on.b210.std.png	zermatt-matterhorn	matrix	46.0207	7.7491	210	-3	0.55	off	peaks,mountain_ranges,islands,lakes,cities	1600	1000	120000	java -jar headless/build/libs/peaknav-headless-1.1.0.jar --lat 46.0207 --lon 7.7491 --width 1600 --height 1000 --await 120000 --sky off --sky-mode local --constellations on --horizon-compass off --coordinates off --labels "peaks,mountain_ranges,islands,lakes,cities" --download 900000 --shot "210,-3,0.55,snapshots/images/zermatt-matterhorn.sky-off.peaks-on.areas-on.b210.std.png"
zermatt-matterhorn.sky-off.peaks-on.areas-on.b210.wide.png	zermatt-matterhorn	matrix	46.0207	7.7491	210	-8	0.9	off	peaks,mountain_ranges,islands,lakes,cities	1600	1000	120000	java -jar headless/build/libs/peaknav-headless-1.1.0.jar --lat 46.0207 --lon 7.7491 --width 1600 --height 1000 --await 120000 --sky off --sky-mode local --constellations on --horizon-compass off --coordinates off --labels "peaks,mountain_ranges,islands,lakes,cities" --download 900000 --shot "210,-8,0.9,snapshots/images/zermatt-matterhorn.sky-off.peaks-on.areas-on.b210.wide.png"
zermatt-matterhorn.sky-off.peaks-on.areas-on.b240.std.png	zermatt-matterhorn	matrix	46.0207	7.7491	240	-3	0.55	off	peaks,mountain_ranges,islands,lakes,cities	1600	1000	120000	java -jar headless/build/libs/peaknav-headless-1.1.0.jar --lat 46.0207 --lon 7.7491 --width 1600 --height 1000 --await 120000 --sky off --sky-mode local --constellations on --horizon-compass off --coordinates off --labels "peaks,mountain_ranges,islands,lakes,cities" --download 900000 --shot "240,-3,0.55,snapshots/images/zermatt-matterhorn.sky-off.peaks-on.areas-on.b240.std.png"
zermatt-matterhorn.sky-off.peaks-on.areas-on.b240.wide.png	zermatt-matterhorn	matrix	46.0207	7.7491	240	-8	0.9	off	peaks,mountain_ranges,islands,lakes,cities	1600	1000	120000	java -jar headless/build/libs/peaknav-headless-1.1.0.jar --lat 46.0207 --lon 7.7491 --width 1600 --height 1000 --await 120000 --sky off --sky-mode local --constellations on --horizon-compass off --coordinates off --labels "peaks,mountain_ranges,islands,lakes,cities" --download 900000 --shot "240,-8,0.9,snapshots/images/zermatt-matterhorn.sky-off.peaks-on.areas-on.b240.wide.png"
zermatt-matterhorn.sky-off.peaks-on.areas-off.b180.std.png	zermatt-matterhorn	matrix	46.0207	7.7491	180	-3	0.55	off	peaks	1600	1000	120000	java -jar headless/build/libs/peaknav-headless-1.1.0.jar --lat 46.0207 --lon 7.7491 --width 1600 --height 1000 --await 120000 --sky off --sky-mode local --constellations on --horizon-compass off --coordinates off --labels "peaks" --download 900000 --shot "180,-3,0.55,snapshots/images/zermatt-matterhorn.sky-off.peaks-on.areas-off.b180.std.png"
zermatt-matterhorn.sky-off.peaks-on.areas-off.b180.wide.png	zermatt-matterhorn	matrix	46.0207	7.7491	180	-8	0.9	off	peaks	1600	1000	120000	java -jar headless/build/libs/peaknav-headless-1.1.0.jar --lat 46.0207 --lon 7.7491 --width 1600 --height 1000 --await 120000 --sky off --sky-mode local --constellations on --horizon-compass off --coordinates off --labels "peaks" --download 900000 --shot "180,-8,0.9,snapshots/images/zermatt-matterhorn.sky-off.peaks-on.areas-off.b180.wide.png"
zermatt-matterhorn.sky-off.peaks-on.areas-off.b210.std.png	zermatt-matterhorn	matrix	46.0207	7.7491	210	-3	0.55	off	peaks	1600	1000	120000	java -jar headless/build/libs/peaknav-headless-1.1.0.jar --lat 46.0207 --lon 7.7491 --width 1600 --height 1000 --await 120000 --sky off --sky-mode local --constellations on --horizon-compass off --coordinates off --labels "peaks" --download 900000 --shot "210,-3,0.55,snapshots/images/zermatt-matterhorn.sky-off.peaks-on.areas-off.b210.std.png"
zermatt-matterhorn.sky-off.peaks-on.areas-off.b210.wide.png	zermatt-matterhorn	matrix	46.0207	7.7491	210	-8	0.9	off	peaks	1600	1000	120000	java -jar headless/build/libs/peaknav-headless-1.1.0.jar --lat 46.0207 --lon 7.7491 --width 1600 --height 1000 --await 120000 --sky off --sky-mode local --constellations on --horizon-compass off --coordinates off --labels "peaks" --download 900000 --shot "210,-8,0.9,snapshots/images/zermatt-matterhorn.sky-off.peaks-on.areas-off.b210.wide.png"
zermatt-matterhorn.sky-off.peaks-on.areas-off.b240.std.png	zermatt-matterhorn	matrix	46.0207	7.7491	240	-3	0.55	off	peaks	1600	1000	120000	java -jar headless/build/libs/peaknav-headless-1.1.0.jar --lat 46.0207 --lon 7.7491 --width 1600 --height 1000 --await 120000 --sky off --sky-mode local --constellations on --horizon-compass off --coordinates off --labels "peaks" --download 900000 --shot "240,-3,0.55,snapshots/images/zermatt-matterhorn.sky-off.peaks-on.areas-off.b240.std.png"
zermatt-matterhorn.sky-off.peaks-on.areas-off.b240.wide.png	zermatt-matterhorn	matrix	46.0207	7.7491	240	-8	0.9	off	peaks	1600	1000	120000	java -jar headless/build/libs/peaknav-headless-1.1.0.jar --lat 46.0207 --lon 7.7491 --width 1600 --height 1000 --await 120000 --sky off --sky-mode local --constellations on --horizon-compass off --coordinates off --labels "peaks" --download 900000 --shot "240,-8,0.9,snapshots/images/zermatt-matterhorn.sky-off.peaks-on.areas-off.b240.wide.png"
zermatt-matterhorn.sky-off.peaks-off.areas-on.b180.std.png	zermatt-matterhorn	matrix	46.0207	7.7491	180	-3	0.55	off	mountain_ranges,islands,lakes,cities	1600	1000	120000	java -jar headless/build/libs/peaknav-headless-1.1.0.jar --lat 46.0207 --lon 7.7491 --width 1600 --height 1000 --await 120000 --sky off --sky-mode local --constellations on --horizon-compass off --coordinates off --labels "mountain_ranges,islands,lakes,cities" --download 900000 --shot "180,-3,0.55,snapshots/images/zermatt-matterhorn.sky-off.peaks-off.areas-on.b180.std.png"
zermatt-matterhorn.sky-off.peaks-off.areas-on.b180.wide.png	zermatt-matterhorn	matrix	46.0207	7.7491	180	-8	0.9	off	mountain_ranges,islands,lakes,cities	1600	1000	120000	java -jar headless/build/libs/peaknav-headless-1.1.0.jar --lat 46.0207 --lon 7.7491 --width 1600 --height 1000 --await 120000 --sky off --sky-mode local --constellations on --horizon-compass off --coordinates off --labels "mountain_ranges,islands,lakes,cities" --download 900000 --shot "180,-8,0.9,snapshots/images/zermatt-matterhorn.sky-off.peaks-off.areas-on.b180.wide.png"
zermatt-matterhorn.sky-off.peaks-off.areas-on.b210.std.png	zermatt-matterhorn	matrix	46.0207	7.7491	210	-3	0.55	off	mountain_ranges,islands,lakes,cities	1600	1000	120000	java -jar headless/build/libs/peaknav-headless-1.1.0.jar --lat 46.0207 --lon 7.7491 --width 1600 --height 1000 --await 120000 --sky off --sky-mode local --constellations on --horizon-compass off --coordinates off --labels "mountain_ranges,islands,lakes,cities" --download 900000 --shot "210,-3,0.55,snapshots/images/zermatt-matterhorn.sky-off.peaks-off.areas-on.b210.std.png"
zermatt-matterhorn.sky-off.peaks-off.areas-on.b210.wide.png	zermatt-matterhorn	matrix	46.0207	7.7491	210	-8	0.9	off	mountain_ranges,islands,lakes,cities	1600	1000	120000	java -jar headless/build/libs/peaknav-headless-1.1.0.jar --lat 46.0207 --lon 7.7491 --width 1600 --height 1000 --await 120000 --sky off --sky-mode local --constellations on --horizon-compass off --coordinates off --labels "mountain_ranges,islands,lakes,cities" --download 900000 --shot "210,-8,0.9,snapshots/images/zermatt-matterhorn.sky-off.peaks-off.areas-on.b210.wide.png"
zermatt-matterhorn.sky-off.peaks-off.areas-on.b240.std.png	zermatt-matterhorn	matrix	46.0207	7.7491	240	-3	0.55	off	mountain_ranges,islands,lakes,cities	1600	1000	120000	java -jar headless/build/libs/peaknav-headless-1.1.0.jar --lat 46.0207 --lon 7.7491 --width 1600 --height 1000 --await 120000 --sky off --sky-mode local --constellations on --horizon-compass off --coordinates off --labels "mountain_ranges,islands,lakes,cities" --download 900000 --shot "240,-3,0.55,snapshots/images/zermatt-matterhorn.sky-off.peaks-off.areas-on.b240.std.png"
zermatt-matterhorn.sky-off.peaks-off.areas-on.b240.wide.png	zermatt-matterhorn	matrix	46.0207	7.7491	240	-8	0.9	off	mountain_ranges,islands,lakes,cities	1600	1000	120000	java -jar headless/build/libs/peaknav-headless-1.1.0.jar --lat 46.0207 --lon 7.7491 --width 1600 --height 1000 --await 120000 --sky off --sky-mode local --constellations on --horizon-compass off --coordinates off --labels "mountain_ranges,islands,lakes,cities" --download 900000 --shot "240,-8,0.9,snapshots/images/zermatt-matterhorn.sky-off.peaks-off.areas-on.b240.wide.png"
zermatt-matterhorn.sky-off.peaks-off.areas-off.b180.std.png	zermatt-matterhorn	matrix	46.0207	7.7491	180	-3	0.55	off	(none)	1600	1000	120000	java -jar headless/build/libs/peaknav-headless-1.1.0.jar --lat 46.0207 --lon 7.7491 --width 1600 --height 1000 --await 120000 --sky off --sky-mode local --constellations on --horizon-compass off --coordinates off --labels "" --download 900000 --shot "180,-3,0.55,snapshots/images/zermatt-matterhorn.sky-off.peaks-off.areas-off.b180.std.png"
zermatt-matterhorn.sky-off.peaks-off.areas-off.b180.wide.png	zermatt-matterhorn	matrix	46.0207	7.7491	180	-8	0.9	off	(none)	1600	1000	120000	java -jar headless/build/libs/peaknav-headless-1.1.0.jar --lat 46.0207 --lon 7.7491 --width 1600 --height 1000 --await 120000 --sky off --sky-mode local --constellations on --horizon-compass off --coordinates off --labels "" --download 900000 --shot "180,-8,0.9,snapshots/images/zermatt-matterhorn.sky-off.peaks-off.areas-off.b180.wide.png"
zermatt-matterhorn.sky-off.peaks-off.areas-off.b210.std.png	zermatt-matterhorn	matrix	46.0207	7.7491	210	-3	0.55	off	(none)	1600	1000	120000	java -jar headless/build/libs/peaknav-headless-1.1.0.jar --lat 46.0207 --lon 7.7491 --width 1600 --height 1000 --await 120000 --sky off --sky-mode local --constellations on --horizon-compass off --coordinates off --labels "" --download 900000 --shot "210,-3,0.55,snapshots/images/zermatt-matterhorn.sky-off.peaks-off.areas-off.b210.std.png"
zermatt-matterhorn.sky-off.peaks-off.areas-off.b210.wide.png	zermatt-matterhorn	matrix	46.0207	7.7491	210	-8	0.9	off	(none)	1600	1000	120000	java -jar headless/build/libs/peaknav-headless-1.1.0.jar --lat 46.0207 --lon 7.7491 --width 1600 --height 1000 --await 120000 --sky off --sky-mode local --constellations on --horizon-compass off --coordinates off --labels "" --download 900000 --shot "210,-8,0.9,snapshots/images/zermatt-matterhorn.sky-off.peaks-off.areas-off.b210.wide.png"
zermatt-matterhorn.sky-off.peaks-off.areas-off.b240.std.png	zermatt-matterhorn	matrix	46.0207	7.7491	240	-3	0.55	off	(none)	1600	1000	120000	java -jar headless/build/libs/peaknav-headless-1.1.0.jar --lat 46.0207 --lon 7.7491 --width 1600 --height 1000 --await 120000 --sky off --sky-mode local --constellations on --horizon-compass off --coordinates off --labels "" --download 900000 --shot "240,-3,0.55,snapshots/images/zermatt-matterhorn.sky-off.peaks-off.areas-off.b240.std.png"
zermatt-matterhorn.sky-off.peaks-off.areas-off.b240.wide.png	zermatt-matterhorn	matrix	46.0207	7.7491	240	-8	0.9	off	(none)	1600	1000	120000	java -jar headless/build/libs/peaknav-headless-1.1.0.jar --lat 46.0207 --lon 7.7491 --width 1600 --height 1000 --await 120000 --sky off --sky-mode local --constellations on --horizon-compass off --coordinates off --labels "" --download 900000 --shot "240,-8,0.9,snapshots/images/zermatt-matterhorn.sky-off.peaks-off.areas-off.b240.wide.png"
zermatt-matterhorn.ring.d3km.az0.up.png	zermatt-matterhorn	ring	46.00325	7.6586	180	12	0.2	on	peaks,mountain_ranges,islands,lakes,cities	1600	1000	120000	java -jar headless/build/libs/peaknav-headless-1.1.0.jar --lat 46.00325 --lon 7.6586 --width 1600 --height 1000 --await 120000 --sky on --sky-mode local --constellations on --horizon-compass off --coordinates off --labels "peaks,mountain_ranges,islands,lakes,cities" --download 900000 --shot "180,12,0.2,snapshots/images/zermatt-matterhorn.ring.d3km.az0.up.png"
zermatt-matterhorn.ring.d3km.az0.level.png	zermatt-matterhorn	ring	46.00325	7.6586	180	-2	0.75	on	peaks,mountain_ranges,islands,lakes,cities	1600	1000	120000	java -jar headless/build/libs/peaknav-headless-1.1.0.jar --lat 46.00325 --lon 7.6586 --width 1600 --height 1000 --await 120000 --sky on --sky-mode local --constellations on --horizon-compass off --coordinates off --labels "peaks,mountain_ranges,islands,lakes,cities" --download 900000 --shot "180,-2,0.75,snapshots/images/zermatt-matterhorn.ring.d3km.az0.level.png"
zermatt-matterhorn.ring.d3km.az90.up.png	zermatt-matterhorn	ring	45.9763	7.69738	270	12	0.2	on	peaks,mountain_ranges,islands,lakes,cities	1600	1000	120000	java -jar headless/build/libs/peaknav-headless-1.1.0.jar --lat 45.9763 --lon 7.69738 --width 1600 --height 1000 --await 120000 --sky on --sky-mode local --constellations on --horizon-compass off --coordinates off --labels "peaks,mountain_ranges,islands,lakes,cities" --download 900000 --shot "270,12,0.2,snapshots/images/zermatt-matterhorn.ring.d3km.az90.up.png"
zermatt-matterhorn.ring.d3km.az90.level.png	zermatt-matterhorn	ring	45.9763	7.69738	270	-2	0.75	on	peaks,mountain_ranges,islands,lakes,cities	1600	1000	120000	java -jar headless/build/libs/peaknav-headless-1.1.0.jar --lat 45.9763 --lon 7.69738 --width 1600 --height 1000 --await 120000 --sky on --sky-mode local --constellations on --horizon-compass off --coordinates off --labels "peaks,mountain_ranges,islands,lakes,cities" --download 900000 --shot "270,-2,0.75,snapshots/images/zermatt-matterhorn.ring.d3km.az90.level.png"
zermatt-matterhorn.ring.d3km.az180.up.png	zermatt-matterhorn	ring	45.94935	7.6586	0	12	0.2	on	peaks,mountain_ranges,islands,lakes,cities	1600	1000	120000	java -jar headless/build/libs/peaknav-headless-1.1.0.jar --lat 45.94935 --lon 7.6586 --width 1600 --height 1000 --await 120000 --sky on --sky-mode local --constellations on --horizon-compass off --coordinates off --labels "peaks,mountain_ranges,islands,lakes,cities" --download 900000 --shot "0,12,0.2,snapshots/images/zermatt-matterhorn.ring.d3km.az180.up.png"
zermatt-matterhorn.ring.d3km.az180.level.png	zermatt-matterhorn	ring	45.94935	7.6586	0	-2	0.75	on	peaks,mountain_ranges,islands,lakes,cities	1600	1000	120000	java -jar headless/build/libs/peaknav-headless-1.1.0.jar --lat 45.94935 --lon 7.6586 --width 1600 --height 1000 --await 120000 --sky on --sky-mode local --constellations on --horizon-compass off --coordinates off --labels "peaks,mountain_ranges,islands,lakes,cities" --download 900000 --shot "0,-2,0.75,snapshots/images/zermatt-matterhorn.ring.d3km.az180.level.png"
zermatt-matterhorn.ring.d3km.az270.up.png	zermatt-matterhorn	ring	45.9763	7.61982	90	12	0.2	on	peaks,mountain_ranges,islands,lakes,cities	1600	1000	120000	java -jar headless/build/libs/peaknav-headless-1.1.0.jar --lat 45.9763 --lon 7.61982 --width 1600 --height 1000 --await 120000 --sky on --sky-mode local --constellations on --horizon-compass off --coordinates off --labels "peaks,mountain_ranges,islands,lakes,cities" --download 900000 --shot "90,12,0.2,snapshots/images/zermatt-matterhorn.ring.d3km.az270.up.png"
zermatt-matterhorn.ring.d3km.az270.level.png	zermatt-matterhorn	ring	45.9763	7.61982	90	-2	0.75	on	peaks,mountain_ranges,islands,lakes,cities	1600	1000	120000	java -jar headless/build/libs/peaknav-headless-1.1.0.jar --lat 45.9763 --lon 7.61982 --width 1600 --height 1000 --await 120000 --sky on --sky-mode local --constellations on --horizon-compass off --coordinates off --labels "peaks,mountain_ranges,islands,lakes,cities" --download 900000 --shot "90,-2,0.75,snapshots/images/zermatt-matterhorn.ring.d3km.az270.level.png"
zermatt-matterhorn.ring.d5km.az0.up.png	zermatt-matterhorn	ring	46.02122	7.6586	180	7	0.2	on	peaks,mountain_ranges,islands,lakes,cities	1600	1000	120000	java -jar headless/build/libs/peaknav-headless-1.1.0.jar --lat 46.02122 --lon 7.6586 --width 1600 --height 1000 --await 120000 --sky on --sky-mode local --constellations on --horizon-compass off --coordinates off --labels "peaks,mountain_ranges,islands,lakes,cities" --download 900000 --shot "180,7,0.2,snapshots/images/zermatt-matterhorn.ring.d5km.az0.up.png"
zermatt-matterhorn.ring.d5km.az0.level.png	zermatt-matterhorn	ring	46.02122	7.6586	180	-2	0.75	on	peaks,mountain_ranges,islands,lakes,cities	1600	1000	120000	java -jar headless/build/libs/peaknav-headless-1.1.0.jar --lat 46.02122 --lon 7.6586 --width 1600 --height 1000 --await 120000 --sky on --sky-mode local --constellations on --horizon-compass off --coordinates off --labels "peaks,mountain_ranges,islands,lakes,cities" --download 900000 --shot "180,-2,0.75,snapshots/images/zermatt-matterhorn.ring.d5km.az0.level.png"
zermatt-matterhorn.ring.d5km.az90.up.png	zermatt-matterhorn	ring	45.9763	7.72323	270	7	0.2	on	peaks,mountain_ranges,islands,lakes,cities	1600	1000	120000	java -jar headless/build/libs/peaknav-headless-1.1.0.jar --lat 45.9763 --lon 7.72323 --width 1600 --height 1000 --await 120000 --sky on --sky-mode local --constellations on --horizon-compass off --coordinates off --labels "peaks,mountain_ranges,islands,lakes,cities" --download 900000 --shot "270,7,0.2,snapshots/images/zermatt-matterhorn.ring.d5km.az90.up.png"
zermatt-matterhorn.ring.d5km.az90.level.png	zermatt-matterhorn	ring	45.9763	7.72323	270	-2	0.75	on	peaks,mountain_ranges,islands,lakes,cities	1600	1000	120000	java -jar headless/build/libs/peaknav-headless-1.1.0.jar --lat 45.9763 --lon 7.72323 --width 1600 --height 1000 --await 120000 --sky on --sky-mode local --constellations on --horizon-compass off --coordinates off --labels "peaks,mountain_ranges,islands,lakes,cities" --download 900000 --shot "270,-2,0.75,snapshots/images/zermatt-matterhorn.ring.d5km.az90.level.png"
zermatt-matterhorn.ring.d5km.az180.up.png	zermatt-matterhorn	ring	45.93138	7.6586	0	7	0.2	on	peaks,mountain_ranges,islands,lakes,cities	1600	1000	120000	java -jar headless/build/libs/peaknav-headless-1.1.0.jar --lat 45.93138 --lon 7.6586 --width 1600 --height 1000 --await 120000 --sky on --sky-mode local --constellations on --horizon-compass off --coordinates off --labels "peaks,mountain_ranges,islands,lakes,cities" --download 900000 --shot "0,7,0.2,snapshots/images/zermatt-matterhorn.ring.d5km.az180.up.png"
zermatt-matterhorn.ring.d5km.az180.level.png	zermatt-matterhorn	ring	45.93138	7.6586	0	-2	0.75	on	peaks,mountain_ranges,islands,lakes,cities	1600	1000	120000	java -jar headless/build/libs/peaknav-headless-1.1.0.jar --lat 45.93138 --lon 7.6586 --width 1600 --height 1000 --await 120000 --sky on --sky-mode local --constellations on --horizon-compass off --coordinates off --labels "peaks,mountain_ranges,islands,lakes,cities" --download 900000 --shot "0,-2,0.75,snapshots/images/zermatt-matterhorn.ring.d5km.az180.level.png"
zermatt-matterhorn.ring.d5km.az270.up.png	zermatt-matterhorn	ring	45.9763	7.59397	90	7	0.2	on	peaks,mountain_ranges,islands,lakes,cities	1600	1000	120000	java -jar headless/build/libs/peaknav-headless-1.1.0.jar --lat 45.9763 --lon 7.59397 --width 1600 --height 1000 --await 120000 --sky on --sky-mode local --constellations on --horizon-compass off --coordinates off --labels "peaks,mountain_ranges,islands,lakes,cities" --download 900000 --shot "90,7,0.2,snapshots/images/zermatt-matterhorn.ring.d5km.az270.up.png"
zermatt-matterhorn.ring.d5km.az270.level.png	zermatt-matterhorn	ring	45.9763	7.59397	90	-2	0.75	on	peaks,mountain_ranges,islands,lakes,cities	1600	1000	120000	java -jar headless/build/libs/peaknav-headless-1.1.0.jar --lat 45.9763 --lon 7.59397 --width 1600 --height 1000 --await 120000 --sky on --sky-mode local --constellations on --horizon-compass off --coordinates off --labels "peaks,mountain_ranges,islands,lakes,cities" --download 900000 --shot "90,-2,0.75,snapshots/images/zermatt-matterhorn.ring.d5km.az270.level.png"
zermatt-matterhorn.ring.d10km.az0.up.png	zermatt-matterhorn	ring	46.06613	7.6586	180	4	0.2	on	peaks,mountain_ranges,islands,lakes,cities	1600	1000	120000	java -jar headless/build/libs/peaknav-headless-1.1.0.jar --lat 46.06613 --lon 7.6586 --width 1600 --height 1000 --await 120000 --sky on --sky-mode local --constellations on --horizon-compass off --coordinates off --labels "peaks,mountain_ranges,islands,lakes,cities" --download 900000 --shot "180,4,0.2,snapshots/images/zermatt-matterhorn.ring.d10km.az0.up.png"
zermatt-matterhorn.ring.d10km.az0.level.png	zermatt-matterhorn	ring	46.06613	7.6586	180	-2	0.75	on	peaks,mountain_ranges,islands,lakes,cities	1600	1000	120000	java -jar headless/build/libs/peaknav-headless-1.1.0.jar --lat 46.06613 --lon 7.6586 --width 1600 --height 1000 --await 120000 --sky on --sky-mode local --constellations on --horizon-compass off --coordinates off --labels "peaks,mountain_ranges,islands,lakes,cities" --download 900000 --shot "180,-2,0.75,snapshots/images/zermatt-matterhorn.ring.d10km.az0.level.png"
zermatt-matterhorn.ring.d10km.az90.up.png	zermatt-matterhorn	ring	45.9763	7.78786	270	4	0.2	on	peaks,mountain_ranges,islands,lakes,cities	1600	1000	120000	java -jar headless/build/libs/peaknav-headless-1.1.0.jar --lat 45.9763 --lon 7.78786 --width 1600 --height 1000 --await 120000 --sky on --sky-mode local --constellations on --horizon-compass off --coordinates off --labels "peaks,mountain_ranges,islands,lakes,cities" --download 900000 --shot "270,4,0.2,snapshots/images/zermatt-matterhorn.ring.d10km.az90.up.png"
zermatt-matterhorn.ring.d10km.az90.level.png	zermatt-matterhorn	ring	45.9763	7.78786	270	-2	0.75	on	peaks,mountain_ranges,islands,lakes,cities	1600	1000	120000	java -jar headless/build/libs/peaknav-headless-1.1.0.jar --lat 45.9763 --lon 7.78786 --width 1600 --height 1000 --await 120000 --sky on --sky-mode local --constellations on --horizon-compass off --coordinates off --labels "peaks,mountain_ranges,islands,lakes,cities" --download 900000 --shot "270,-2,0.75,snapshots/images/zermatt-matterhorn.ring.d10km.az90.level.png"
zermatt-matterhorn.ring.d10km.az180.up.png	zermatt-matterhorn	ring	45.88647	7.6586	0	4	0.2	on	peaks,mountain_ranges,islands,lakes,cities	1600	1000	120000	java -jar headless/build/libs/peaknav-headless-1.1.0.jar --lat 45.88647 --lon 7.6586 --width 1600 --height 1000 --await 120000 --sky on --sky-mode local --constellations on --horizon-compass off --coordinates off --labels "peaks,mountain_ranges,islands,lakes,cities" --download 900000 --shot "0,4,0.2,snapshots/images/zermatt-matterhorn.ring.d10km.az180.up.png"
zermatt-matterhorn.ring.d10km.az180.level.png	zermatt-matterhorn	ring	45.88647	7.6586	0	-2	0.75	on	peaks,mountain_ranges,islands,lakes,cities	1600	1000	120000	java -jar headless/build/libs/peaknav-headless-1.1.0.jar --lat 45.88647 --lon 7.6586 --width 1600 --height 1000 --await 120000 --sky on --sky-mode local --constellations on --horizon-compass off --coordinates off --labels "peaks,mountain_ranges,islands,lakes,cities" --download 900000 --shot "0,-2,0.75,snapshots/images/zermatt-matterhorn.ring.d10km.az180.level.png"
zermatt-matterhorn.ring.d10km.az270.up.png	zermatt-matterhorn	ring	45.9763	7.52934	90	4	0.2	on	peaks,mountain_ranges,islands,lakes,cities	1600	1000	120000	java -jar headless/build/libs/peaknav-headless-1.1.0.jar --lat 45.9763 --lon 7.52934 --width 1600 --height 1000 --await 120000 --sky on --sky-mode local --constellations on --horizon-compass off --coordinates off --labels "peaks,mountain_ranges,islands,lakes,cities" --download 900000 --shot "90,4,0.2,snapshots/images/zermatt-matterhorn.ring.d10km.az270.up.png"
zermatt-matterhorn.ring.d10km.az270.level.png	zermatt-matterhorn	ring	45.9763	7.52934	90	-2	0.75	on	peaks,mountain_ranges,islands,lakes,cities	1600	1000	120000	java -jar headless/build/libs/peaknav-headless-1.1.0.jar --lat 45.9763 --lon 7.52934 --width 1600 --height 1000 --await 120000 --sky on --sky-mode local --constellations on --horizon-compass off --coordinates off --labels "peaks,mountain_ranges,islands,lakes,cities" --download 900000 --shot "90,-2,0.75,snapshots/images/zermatt-matterhorn.ring.d10km.az270.level.png"
dolomites-tre-cime.sky-on.peaks-on.areas-on.b170.std.png	dolomites-tre-cime	matrix	46.618	12.305	170	-3	0.5	on	peaks,mountain_ranges,islands,lakes,cities	1600	1000	120000	java -jar headless/build/libs/peaknav-headless-1.1.0.jar --lat 46.618 --lon 12.305 --width 1600 --height 1000 --await 120000 --sky on --sky-mode local --constellations on --horizon-compass off --coordinates off --labels "peaks,mountain_ranges,islands,lakes,cities" --download 900000 --shot "170,-3,0.5,snapshots/images/dolomites-tre-cime.sky-on.peaks-on.areas-on.b170.std.png"
dolomites-tre-cime.sky-on.peaks-on.areas-on.b170.wide.png	dolomites-tre-cime	matrix	46.618	12.305	170	-8	0.9	on	peaks,mountain_ranges,islands,lakes,cities	1600	1000	120000	java -jar headless/build/libs/peaknav-headless-1.1.0.jar --lat 46.618 --lon 12.305 --width 1600 --height 1000 --await 120000 --sky on --sky-mode local --constellations on --horizon-compass off --coordinates off --labels "peaks,mountain_ranges,islands,lakes,cities" --download 900000 --shot "170,-8,0.9,snapshots/images/dolomites-tre-cime.sky-on.peaks-on.areas-on.b170.wide.png"
dolomites-tre-cime.sky-on.peaks-on.areas-on.b200.std.png	dolomites-tre-cime	matrix	46.618	12.305	200	-3	0.5	on	peaks,mountain_ranges,islands,lakes,cities	1600	1000	120000	java -jar headless/build/libs/peaknav-headless-1.1.0.jar --lat 46.618 --lon 12.305 --width 1600 --height 1000 --await 120000 --sky on --sky-mode local --constellations on --horizon-compass off --coordinates off --labels "peaks,mountain_ranges,islands,lakes,cities" --download 900000 --shot "200,-3,0.5,snapshots/images/dolomites-tre-cime.sky-on.peaks-on.areas-on.b200.std.png"
dolomites-tre-cime.sky-on.peaks-on.areas-on.b200.wide.png	dolomites-tre-cime	matrix	46.618	12.305	200	-8	0.9	on	peaks,mountain_ranges,islands,lakes,cities	1600	1000	120000	java -jar headless/build/libs/peaknav-headless-1.1.0.jar --lat 46.618 --lon 12.305 --width 1600 --height 1000 --await 120000 --sky on --sky-mode local --constellations on --horizon-compass off --coordinates off --labels "peaks,mountain_ranges,islands,lakes,cities" --download 900000 --shot "200,-8,0.9,snapshots/images/dolomites-tre-cime.sky-on.peaks-on.areas-on.b200.wide.png"
dolomites-tre-cime.sky-on.peaks-on.areas-on.b230.std.png	dolomites-tre-cime	matrix	46.618	12.305	230	-3	0.5	on	peaks,mountain_ranges,islands,lakes,cities	1600	1000	120000	java -jar headless/build/libs/peaknav-headless-1.1.0.jar --lat 46.618 --lon 12.305 --width 1600 --height 1000 --await 120000 --sky on --sky-mode local --constellations on --horizon-compass off --coordinates off --labels "peaks,mountain_ranges,islands,lakes,cities" --download 900000 --shot "230,-3,0.5,snapshots/images/dolomites-tre-cime.sky-on.peaks-on.areas-on.b230.std.png"
dolomites-tre-cime.sky-on.peaks-on.areas-on.b230.wide.png	dolomites-tre-cime	matrix	46.618	12.305	230	-8	0.9	on	peaks,mountain_ranges,islands,lakes,cities	1600	1000	120000	java -jar headless/build/libs/peaknav-headless-1.1.0.jar --lat 46.618 --lon 12.305 --width 1600 --height 1000 --await 120000 --sky on --sky-mode local --constellations on --horizon-compass off --coordinates off --labels "peaks,mountain_ranges,islands,lakes,cities" --download 900000 --shot "230,-8,0.9,snapshots/images/dolomites-tre-cime.sky-on.peaks-on.areas-on.b230.wide.png"
dolomites-tre-cime.sky-on.peaks-on.areas-off.b170.std.png	dolomites-tre-cime	matrix	46.618	12.305	170	-3	0.5	on	peaks	1600	1000	120000	java -jar headless/build/libs/peaknav-headless-1.1.0.jar --lat 46.618 --lon 12.305 --width 1600 --height 1000 --await 120000 --sky on --sky-mode local --constellations on --horizon-compass off --coordinates off --labels "peaks" --download 900000 --shot "170,-3,0.5,snapshots/images/dolomites-tre-cime.sky-on.peaks-on.areas-off.b170.std.png"
dolomites-tre-cime.sky-on.peaks-on.areas-off.b170.wide.png	dolomites-tre-cime	matrix	46.618	12.305	170	-8	0.9	on	peaks	1600	1000	120000	java -jar headless/build/libs/peaknav-headless-1.1.0.jar --lat 46.618 --lon 12.305 --width 1600 --height 1000 --await 120000 --sky on --sky-mode local --constellations on --horizon-compass off --coordinates off --labels "peaks" --download 900000 --shot "170,-8,0.9,snapshots/images/dolomites-tre-cime.sky-on.peaks-on.areas-off.b170.wide.png"
dolomites-tre-cime.sky-on.peaks-on.areas-off.b200.std.png	dolomites-tre-cime	matrix	46.618	12.305	200	-3	0.5	on	peaks	1600	1000	120000	java -jar headless/build/libs/peaknav-headless-1.1.0.jar --lat 46.618 --lon 12.305 --width 1600 --height 1000 --await 120000 --sky on --sky-mode local --constellations on --horizon-compass off --coordinates off --labels "peaks" --download 900000 --shot "200,-3,0.5,snapshots/images/dolomites-tre-cime.sky-on.peaks-on.areas-off.b200.std.png"
dolomites-tre-cime.sky-on.peaks-on.areas-off.b200.wide.png	dolomites-tre-cime	matrix	46.618	12.305	200	-8	0.9	on	peaks	1600	1000	120000	java -jar headless/build/libs/peaknav-headless-1.1.0.jar --lat 46.618 --lon 12.305 --width 1600 --height 1000 --await 120000 --sky on --sky-mode local --constellations on --horizon-compass off --coordinates off --labels "peaks" --download 900000 --shot "200,-8,0.9,snapshots/images/dolomites-tre-cime.sky-on.peaks-on.areas-off.b200.wide.png"
dolomites-tre-cime.sky-on.peaks-on.areas-off.b230.std.png	dolomites-tre-cime	matrix	46.618	12.305	230	-3	0.5	on	peaks	1600	1000	120000	java -jar headless/build/libs/peaknav-headless-1.1.0.jar --lat 46.618 --lon 12.305 --width 1600 --height 1000 --await 120000 --sky on --sky-mode local --constellations on --horizon-compass off --coordinates off --labels "peaks" --download 900000 --shot "230,-3,0.5,snapshots/images/dolomites-tre-cime.sky-on.peaks-on.areas-off.b230.std.png"
dolomites-tre-cime.sky-on.peaks-on.areas-off.b230.wide.png	dolomites-tre-cime	matrix	46.618	12.305	230	-8	0.9	on	peaks	1600	1000	120000	java -jar headless/build/libs/peaknav-headless-1.1.0.jar --lat 46.618 --lon 12.305 --width 1600 --height 1000 --await 120000 --sky on --sky-mode local --constellations on --horizon-compass off --coordinates off --labels "peaks" --download 900000 --shot "230,-8,0.9,snapshots/images/dolomites-tre-cime.sky-on.peaks-on.areas-off.b230.wide.png"
dolomites-tre-cime.sky-on.peaks-off.areas-on.b170.std.png	dolomites-tre-cime	matrix	46.618	12.305	170	-3	0.5	on	mountain_ranges,islands,lakes,cities	1600	1000	120000	java -jar headless/build/libs/peaknav-headless-1.1.0.jar --lat 46.618 --lon 12.305 --width 1600 --height 1000 --await 120000 --sky on --sky-mode local --constellations on --horizon-compass off --coordinates off --labels "mountain_ranges,islands,lakes,cities" --download 900000 --shot "170,-3,0.5,snapshots/images/dolomites-tre-cime.sky-on.peaks-off.areas-on.b170.std.png"
dolomites-tre-cime.sky-on.peaks-off.areas-on.b170.wide.png	dolomites-tre-cime	matrix	46.618	12.305	170	-8	0.9	on	mountain_ranges,islands,lakes,cities	1600	1000	120000	java -jar headless/build/libs/peaknav-headless-1.1.0.jar --lat 46.618 --lon 12.305 --width 1600 --height 1000 --await 120000 --sky on --sky-mode local --constellations on --horizon-compass off --coordinates off --labels "mountain_ranges,islands,lakes,cities" --download 900000 --shot "170,-8,0.9,snapshots/images/dolomites-tre-cime.sky-on.peaks-off.areas-on.b170.wide.png"
dolomites-tre-cime.sky-on.peaks-off.areas-on.b200.std.png	dolomites-tre-cime	matrix	46.618	12.305	200	-3	0.5	on	mountain_ranges,islands,lakes,cities	1600	1000	120000	java -jar headless/build/libs/peaknav-headless-1.1.0.jar --lat 46.618 --lon 12.305 --width 1600 --height 1000 --await 120000 --sky on --sky-mode local --constellations on --horizon-compass off --coordinates off --labels "mountain_ranges,islands,lakes,cities" --download 900000 --shot "200,-3,0.5,snapshots/images/dolomites-tre-cime.sky-on.peaks-off.areas-on.b200.std.png"
dolomites-tre-cime.sky-on.peaks-off.areas-on.b200.wide.png	dolomites-tre-cime	matrix	46.618	12.305	200	-8	0.9	on	mountain_ranges,islands,lakes,cities	1600	1000	120000	java -jar headless/build/libs/peaknav-headless-1.1.0.jar --lat 46.618 --lon 12.305 --width 1600 --height 1000 --await 120000 --sky on --sky-mode local --constellations on --horizon-compass off --coordinates off --labels "mountain_ranges,islands,lakes,cities" --download 900000 --shot "200,-8,0.9,snapshots/images/dolomites-tre-cime.sky-on.peaks-off.areas-on.b200.wide.png"
dolomites-tre-cime.sky-on.peaks-off.areas-on.b230.std.png	dolomites-tre-cime	matrix	46.618	12.305	230	-3	0.5	on	mountain_ranges,islands,lakes,cities	1600	1000	120000	java -jar headless/build/libs/peaknav-headless-1.1.0.jar --lat 46.618 --lon 12.305 --width 1600 --height 1000 --await 120000 --sky on --sky-mode local --constellations on --horizon-compass off --coordinates off --labels "mountain_ranges,islands,lakes,cities" --download 900000 --shot "230,-3,0.5,snapshots/images/dolomites-tre-cime.sky-on.peaks-off.areas-on.b230.std.png"
dolomites-tre-cime.sky-on.peaks-off.areas-on.b230.wide.png	dolomites-tre-cime	matrix	46.618	12.305	230	-8	0.9	on	mountain_ranges,islands,lakes,cities	1600	1000	120000	java -jar headless/build/libs/peaknav-headless-1.1.0.jar --lat 46.618 --lon 12.305 --width 1600 --height 1000 --await 120000 --sky on --sky-mode local --constellations on --horizon-compass off --coordinates off --labels "mountain_ranges,islands,lakes,cities" --download 900000 --shot "230,-8,0.9,snapshots/images/dolomites-tre-cime.sky-on.peaks-off.areas-on.b230.wide.png"
dolomites-tre-cime.sky-on.peaks-off.areas-off.b170.std.png	dolomites-tre-cime	matrix	46.618	12.305	170	-3	0.5	on	(none)	1600	1000	120000	java -jar headless/build/libs/peaknav-headless-1.1.0.jar --lat 46.618 --lon 12.305 --width 1600 --height 1000 --await 120000 --sky on --sky-mode local --constellations on --horizon-compass off --coordinates off --labels "" --download 900000 --shot "170,-3,0.5,snapshots/images/dolomites-tre-cime.sky-on.peaks-off.areas-off.b170.std.png"
dolomites-tre-cime.sky-on.peaks-off.areas-off.b170.wide.png	dolomites-tre-cime	matrix	46.618	12.305	170	-8	0.9	on	(none)	1600	1000	120000	java -jar headless/build/libs/peaknav-headless-1.1.0.jar --lat 46.618 --lon 12.305 --width 1600 --height 1000 --await 120000 --sky on --sky-mode local --constellations on --horizon-compass off --coordinates off --labels "" --download 900000 --shot "170,-8,0.9,snapshots/images/dolomites-tre-cime.sky-on.peaks-off.areas-off.b170.wide.png"
dolomites-tre-cime.sky-on.peaks-off.areas-off.b200.std.png	dolomites-tre-cime	matrix	46.618	12.305	200	-3	0.5	on	(none)	1600	1000	120000	java -jar headless/build/libs/peaknav-headless-1.1.0.jar --lat 46.618 --lon 12.305 --width 1600 --height 1000 --await 120000 --sky on --sky-mode local --constellations on --horizon-compass off --coordinates off --labels "" --download 900000 --shot "200,-3,0.5,snapshots/images/dolomites-tre-cime.sky-on.peaks-off.areas-off.b200.std.png"
dolomites-tre-cime.sky-on.peaks-off.areas-off.b200.wide.png	dolomites-tre-cime	matrix	46.618	12.305	200	-8	0.9	on	(none)	1600	1000	120000	java -jar headless/build/libs/peaknav-headless-1.1.0.jar --lat 46.618 --lon 12.305 --width 1600 --height 1000 --await 120000 --sky on --sky-mode local --constellations on --horizon-compass off --coordinates off --labels "" --download 900000 --shot "200,-8,0.9,snapshots/images/dolomites-tre-cime.sky-on.peaks-off.areas-off.b200.wide.png"
dolomites-tre-cime.sky-on.peaks-off.areas-off.b230.std.png	dolomites-tre-cime	matrix	46.618	12.305	230	-3	0.5	on	(none)	1600	1000	120000	java -jar headless/build/libs/peaknav-headless-1.1.0.jar --lat 46.618 --lon 12.305 --width 1600 --height 1000 --await 120000 --sky on --sky-mode local --constellations on --horizon-compass off --coordinates off --labels "" --download 900000 --shot "230,-3,0.5,snapshots/images/dolomites-tre-cime.sky-on.peaks-off.areas-off.b230.std.png"
dolomites-tre-cime.sky-on.peaks-off.areas-off.b230.wide.png	dolomites-tre-cime	matrix	46.618	12.305	230	-8	0.9	on	(none)	1600	1000	120000	java -jar headless/build/libs/peaknav-headless-1.1.0.jar --lat 46.618 --lon 12.305 --width 1600 --height 1000 --await 120000 --sky on --sky-mode local --constellations on --horizon-compass off --coordinates off --labels "" --download 900000 --shot "230,-8,0.9,snapshots/images/dolomites-tre-cime.sky-on.peaks-off.areas-off.b230.wide.png"
dolomites-tre-cime.sky-off.peaks-on.areas-on.b170.std.png	dolomites-tre-cime	matrix	46.618	12.305	170	-3	0.5	off	peaks,mountain_ranges,islands,lakes,cities	1600	1000	120000	java -jar headless/build/libs/peaknav-headless-1.1.0.jar --lat 46.618 --lon 12.305 --width 1600 --height 1000 --await 120000 --sky off --sky-mode local --constellations on --horizon-compass off --coordinates off --labels "peaks,mountain_ranges,islands,lakes,cities" --download 900000 --shot "170,-3,0.5,snapshots/images/dolomites-tre-cime.sky-off.peaks-on.areas-on.b170.std.png"
dolomites-tre-cime.sky-off.peaks-on.areas-on.b170.wide.png	dolomites-tre-cime	matrix	46.618	12.305	170	-8	0.9	off	peaks,mountain_ranges,islands,lakes,cities	1600	1000	120000	java -jar headless/build/libs/peaknav-headless-1.1.0.jar --lat 46.618 --lon 12.305 --width 1600 --height 1000 --await 120000 --sky off --sky-mode local --constellations on --horizon-compass off --coordinates off --labels "peaks,mountain_ranges,islands,lakes,cities" --download 900000 --shot "170,-8,0.9,snapshots/images/dolomites-tre-cime.sky-off.peaks-on.areas-on.b170.wide.png"
dolomites-tre-cime.sky-off.peaks-on.areas-on.b200.std.png	dolomites-tre-cime	matrix	46.618	12.305	200	-3	0.5	off	peaks,mountain_ranges,islands,lakes,cities	1600	1000	120000	java -jar headless/build/libs/peaknav-headless-1.1.0.jar --lat 46.618 --lon 12.305 --width 1600 --height 1000 --await 120000 --sky off --sky-mode local --constellations on --horizon-compass off --coordinates off --labels "peaks,mountain_ranges,islands,lakes,cities" --download 900000 --shot "200,-3,0.5,snapshots/images/dolomites-tre-cime.sky-off.peaks-on.areas-on.b200.std.png"
dolomites-tre-cime.sky-off.peaks-on.areas-on.b200.wide.png	dolomites-tre-cime	matrix	46.618	12.305	200	-8	0.9	off	peaks,mountain_ranges,islands,lakes,cities	1600	1000	120000	java -jar headless/build/libs/peaknav-headless-1.1.0.jar --lat 46.618 --lon 12.305 --width 1600 --height 1000 --await 120000 --sky off --sky-mode local --constellations on --horizon-compass off --coordinates off --labels "peaks,mountain_ranges,islands,lakes,cities" --download 900000 --shot "200,-8,0.9,snapshots/images/dolomites-tre-cime.sky-off.peaks-on.areas-on.b200.wide.png"
dolomites-tre-cime.sky-off.peaks-on.areas-on.b230.std.png	dolomites-tre-cime	matrix	46.618	12.305	230	-3	0.5	off	peaks,mountain_ranges,islands,lakes,cities	1600	1000	120000	java -jar headless/build/libs/peaknav-headless-1.1.0.jar --lat 46.618 --lon 12.305 --width 1600 --height 1000 --await 120000 --sky off --sky-mode local --constellations on --horizon-compass off --coordinates off --labels "peaks,mountain_ranges,islands,lakes,cities" --download 900000 --shot "230,-3,0.5,snapshots/images/dolomites-tre-cime.sky-off.peaks-on.areas-on.b230.std.png"
dolomites-tre-cime.sky-off.peaks-on.areas-on.b230.wide.png	dolomites-tre-cime	matrix	46.618	12.305	230	-8	0.9	off	peaks,mountain_ranges,islands,lakes,cities	1600	1000	120000	java -jar headless/build/libs/peaknav-headless-1.1.0.jar --lat 46.618 --lon 12.305 --width 1600 --height 1000 --await 120000 --sky off --sky-mode local --constellations on --horizon-compass off --coordinates off --labels "peaks,mountain_ranges,islands,lakes,cities" --download 900000 --shot "230,-8,0.9,snapshots/images/dolomites-tre-cime.sky-off.peaks-on.areas-on.b230.wide.png"
dolomites-tre-cime.sky-off.peaks-on.areas-off.b170.std.png	dolomites-tre-cime	matrix	46.618	12.305	170	-3	0.5	off	peaks	1600	1000	120000	java -jar headless/build/libs/peaknav-headless-1.1.0.jar --lat 46.618 --lon 12.305 --width 1600 --height 1000 --await 120000 --sky off --sky-mode local --constellations on --horizon-compass off --coordinates off --labels "peaks" --download 900000 --shot "170,-3,0.5,snapshots/images/dolomites-tre-cime.sky-off.peaks-on.areas-off.b170.std.png"
dolomites-tre-cime.sky-off.peaks-on.areas-off.b170.wide.png	dolomites-tre-cime	matrix	46.618	12.305	170	-8	0.9	off	peaks	1600	1000	120000	java -jar headless/build/libs/peaknav-headless-1.1.0.jar --lat 46.618 --lon 12.305 --width 1600 --height 1000 --await 120000 --sky off --sky-mode local --constellations on --horizon-compass off --coordinates off --labels "peaks" --download 900000 --shot "170,-8,0.9,snapshots/images/dolomites-tre-cime.sky-off.peaks-on.areas-off.b170.wide.png"
dolomites-tre-cime.sky-off.peaks-on.areas-off.b200.std.png	dolomites-tre-cime	matrix	46.618	12.305	200	-3	0.5	off	peaks	1600	1000	120000	java -jar headless/build/libs/peaknav-headless-1.1.0.jar --lat 46.618 --lon 12.305 --width 1600 --height 1000 --await 120000 --sky off --sky-mode local --constellations on --horizon-compass off --coordinates off --labels "peaks" --download 900000 --shot "200,-3,0.5,snapshots/images/dolomites-tre-cime.sky-off.peaks-on.areas-off.b200.std.png"
dolomites-tre-cime.sky-off.peaks-on.areas-off.b200.wide.png	dolomites-tre-cime	matrix	46.618	12.305	200	-8	0.9	off	peaks	1600	1000	120000	java -jar headless/build/libs/peaknav-headless-1.1.0.jar --lat 46.618 --lon 12.305 --width 1600 --height 1000 --await 120000 --sky off --sky-mode local --constellations on --horizon-compass off --coordinates off --labels "peaks" --download 900000 --shot "200,-8,0.9,snapshots/images/dolomites-tre-cime.sky-off.peaks-on.areas-off.b200.wide.png"
dolomites-tre-cime.sky-off.peaks-on.areas-off.b230.std.png	dolomites-tre-cime	matrix	46.618	12.305	230	-3	0.5	off	peaks	1600	1000	120000	java -jar headless/build/libs/peaknav-headless-1.1.0.jar --lat 46.618 --lon 12.305 --width 1600 --height 1000 --await 120000 --sky off --sky-mode local --constellations on --horizon-compass off --coordinates off --labels "peaks" --download 900000 --shot "230,-3,0.5,snapshots/images/dolomites-tre-cime.sky-off.peaks-on.areas-off.b230.std.png"
dolomites-tre-cime.sky-off.peaks-on.areas-off.b230.wide.png	dolomites-tre-cime	matrix	46.618	12.305	230	-8	0.9	off	peaks	1600	1000	120000	java -jar headless/build/libs/peaknav-headless-1.1.0.jar --lat 46.618 --lon 12.305 --width 1600 --height 1000 --await 120000 --sky off --sky-mode local --constellations on --horizon-compass off --coordinates off --labels "peaks" --download 900000 --shot "230,-8,0.9,snapshots/images/dolomites-tre-cime.sky-off.peaks-on.areas-off.b230.wide.png"
dolomites-tre-cime.sky-off.peaks-off.areas-on.b170.std.png	dolomites-tre-cime	matrix	46.618	12.305	170	-3	0.5	off	mountain_ranges,islands,lakes,cities	1600	1000	120000	java -jar headless/build/libs/peaknav-headless-1.1.0.jar --lat 46.618 --lon 12.305 --width 1600 --height 1000 --await 120000 --sky off --sky-mode local --constellations on --horizon-compass off --coordinates off --labels "mountain_ranges,islands,lakes,cities" --download 900000 --shot "170,-3,0.5,snapshots/images/dolomites-tre-cime.sky-off.peaks-off.areas-on.b170.std.png"
dolomites-tre-cime.sky-off.peaks-off.areas-on.b170.wide.png	dolomites-tre-cime	matrix	46.618	12.305	170	-8	0.9	off	mountain_ranges,islands,lakes,cities	1600	1000	120000	java -jar headless/build/libs/peaknav-headless-1.1.0.jar --lat 46.618 --lon 12.305 --width 1600 --height 1000 --await 120000 --sky off --sky-mode local --constellations on --horizon-compass off --coordinates off --labels "mountain_ranges,islands,lakes,cities" --download 900000 --shot "170,-8,0.9,snapshots/images/dolomites-tre-cime.sky-off.peaks-off.areas-on.b170.wide.png"
dolomites-tre-cime.sky-off.peaks-off.areas-on.b200.std.png	dolomites-tre-cime	matrix	46.618	12.305	200	-3	0.5	off	mountain_ranges,islands,lakes,cities	1600	1000	120000	java -jar headless/build/libs/peaknav-headless-1.1.0.jar --lat 46.618 --lon 12.305 --width 1600 --height 1000 --await 120000 --sky off --sky-mode local --constellations on --horizon-compass off --coordinates off --labels "mountain_ranges,islands,lakes,cities" --download 900000 --shot "200,-3,0.5,snapshots/images/dolomites-tre-cime.sky-off.peaks-off.areas-on.b200.std.png"
dolomites-tre-cime.sky-off.peaks-off.areas-on.b200.wide.png	dolomites-tre-cime	matrix	46.618	12.305	200	-8	0.9	off	mountain_ranges,islands,lakes,cities	1600	1000	120000	java -jar headless/build/libs/peaknav-headless-1.1.0.jar --lat 46.618 --lon 12.305 --width 1600 --height 1000 --await 120000 --sky off --sky-mode local --constellations on --horizon-compass off --coordinates off --labels "mountain_ranges,islands,lakes,cities" --download 900000 --shot "200,-8,0.9,snapshots/images/dolomites-tre-cime.sky-off.peaks-off.areas-on.b200.wide.png"
dolomites-tre-cime.sky-off.peaks-off.areas-on.b230.std.png	dolomites-tre-cime	matrix	46.618	12.305	230	-3	0.5	off	mountain_ranges,islands,lakes,cities	1600	1000	120000	java -jar headless/build/libs/peaknav-headless-1.1.0.jar --lat 46.618 --lon 12.305 --width 1600 --height 1000 --await 120000 --sky off --sky-mode local --constellations on --horizon-compass off --coordinates off --labels "mountain_ranges,islands,lakes,cities" --download 900000 --shot "230,-3,0.5,snapshots/images/dolomites-tre-cime.sky-off.peaks-off.areas-on.b230.std.png"
dolomites-tre-cime.sky-off.peaks-off.areas-on.b230.wide.png	dolomites-tre-cime	matrix	46.618	12.305	230	-8	0.9	off	mountain_ranges,islands,lakes,cities	1600	1000	120000	java -jar headless/build/libs/peaknav-headless-1.1.0.jar --lat 46.618 --lon 12.305 --width 1600 --height 1000 --await 120000 --sky off --sky-mode local --constellations on --horizon-compass off --coordinates off --labels "mountain_ranges,islands,lakes,cities" --download 900000 --shot "230,-8,0.9,snapshots/images/dolomites-tre-cime.sky-off.peaks-off.areas-on.b230.wide.png"
dolomites-tre-cime.sky-off.peaks-off.areas-off.b170.std.png	dolomites-tre-cime	matrix	46.618	12.305	170	-3	0.5	off	(none)	1600	1000	120000	java -jar headless/build/libs/peaknav-headless-1.1.0.jar --lat 46.618 --lon 12.305 --width 1600 --height 1000 --await 120000 --sky off --sky-mode local --constellations on --horizon-compass off --coordinates off --labels "" --download 900000 --shot "170,-3,0.5,snapshots/images/dolomites-tre-cime.sky-off.peaks-off.areas-off.b170.std.png"
dolomites-tre-cime.sky-off.peaks-off.areas-off.b170.wide.png	dolomites-tre-cime	matrix	46.618	12.305	170	-8	0.9	off	(none)	1600	1000	120000	java -jar headless/build/libs/peaknav-headless-1.1.0.jar --lat 46.618 --lon 12.305 --width 1600 --height 1000 --await 120000 --sky off --sky-mode local --constellations on --horizon-compass off --coordinates off --labels "" --download 900000 --shot "170,-8,0.9,snapshots/images/dolomites-tre-cime.sky-off.peaks-off.areas-off.b170.wide.png"
dolomites-tre-cime.sky-off.peaks-off.areas-off.b200.std.png	dolomites-tre-cime	matrix	46.618	12.305	200	-3	0.5	off	(none)	1600	1000	120000	java -jar headless/build/libs/peaknav-headless-1.1.0.jar --lat 46.618 --lon 12.305 --width 1600 --height 1000 --await 120000 --sky off --sky-mode local --constellations on --horizon-compass off --coordinates off --labels "" --download 900000 --shot "200,-3,0.5,snapshots/images/dolomites-tre-cime.sky-off.peaks-off.areas-off.b200.std.png"
dolomites-tre-cime.sky-off.peaks-off.areas-off.b200.wide.png	dolomites-tre-cime	matrix	46.618	12.305	200	-8	0.9	off	(none)	1600	1000	120000	java -jar headless/build/libs/peaknav-headless-1.1.0.jar --lat 46.618 --lon 12.305 --width 1600 --height 1000 --await 120000 --sky off --sky-mode local --constellations on --horizon-compass off --coordinates off --labels "" --download 900000 --shot "200,-8,0.9,snapshots/images/dolomites-tre-cime.sky-off.peaks-off.areas-off.b200.wide.png"
dolomites-tre-cime.sky-off.peaks-off.areas-off.b230.std.png	dolomites-tre-cime	matrix	46.618	12.305	230	-3	0.5	off	(none)	1600	1000	120000	java -jar headless/build/libs/peaknav-headless-1.1.0.jar --lat 46.618 --lon 12.305 --width 1600 --height 1000 --await 120000 --sky off --sky-mode local --constellations on --horizon-compass off --coordinates off --labels "" --download 900000 --shot "230,-3,0.5,snapshots/images/dolomites-tre-cime.sky-off.peaks-off.areas-off.b230.std.png"
dolomites-tre-cime.sky-off.peaks-off.areas-off.b230.wide.png	dolomites-tre-cime	matrix	46.618	12.305	230	-8	0.9	off	(none)	1600	1000	120000	java -jar headless/build/libs/peaknav-headless-1.1.0.jar --lat 46.618 --lon 12.305 --width 1600 --height 1000 --await 120000 --sky off --sky-mode local --constellations on --horizon-compass off --coordinates off --labels "" --download 900000 --shot "230,-8,0.9,snapshots/images/dolomites-tre-cime.sky-off.peaks-off.areas-off.b230.wide.png"
dolomites-tre-cime.ring.d3km.az0.up.png	dolomites-tre-cime	ring	46.64495	12.305	180	12	0.2	on	peaks,mountain_ranges,islands,lakes,cities	1600	1000	120000	java -jar headless/build/libs/peaknav-headless-1.1.0.jar --lat 46.64495 --lon 12.305 --width 1600 --height 1000 --await 120000 --sky on --sky-mode local --constellations on --horizon-compass off --coordinates off --labels "peaks,mountain_ranges,islands,lakes,cities" --download 900000 --shot "180,12,0.2,snapshots/images/dolomites-tre-cime.ring.d3km.az0.up.png"
dolomites-tre-cime.ring.d3km.az0.level.png	dolomites-tre-cime	ring	46.64495	12.305	180	-2	0.75	on	peaks,mountain_ranges,islands,lakes,cities	1600	1000	120000	java -jar headless/build/libs/peaknav-headless-1.1.0.jar --lat 46.64495 --lon 12.305 --width 1600 --height 1000 --await 120000 --sky on --sky-mode local --constellations on --horizon-compass off --coordinates off --labels "peaks,mountain_ranges,islands,lakes,cities" --download 900000 --shot "180,-2,0.75,snapshots/images/dolomites-tre-cime.ring.d3km.az0.level.png"
dolomites-tre-cime.ring.d3km.az90.up.png	dolomites-tre-cime	ring	46.618	12.34424	270	12	0.2	on	peaks,mountain_ranges,islands,lakes,cities	1600	1000	120000	java -jar headless/build/libs/peaknav-headless-1.1.0.jar --lat 46.618 --lon 12.34424 --width 1600 --height 1000 --await 120000 --sky on --sky-mode local --constellations on --horizon-compass off --coordinates off --labels "peaks,mountain_ranges,islands,lakes,cities" --download 900000 --shot "270,12,0.2,snapshots/images/dolomites-tre-cime.ring.d3km.az90.up.png"
dolomites-tre-cime.ring.d3km.az90.level.png	dolomites-tre-cime	ring	46.618	12.34424	270	-2	0.75	on	peaks,mountain_ranges,islands,lakes,cities	1600	1000	120000	java -jar headless/build/libs/peaknav-headless-1.1.0.jar --lat 46.618 --lon 12.34424 --width 1600 --height 1000 --await 120000 --sky on --sky-mode local --constellations on --horizon-compass off --coordinates off --labels "peaks,mountain_ranges,islands,lakes,cities" --download 900000 --shot "270,-2,0.75,snapshots/images/dolomites-tre-cime.ring.d3km.az90.level.png"
dolomites-tre-cime.ring.d3km.az180.up.png	dolomites-tre-cime	ring	46.59105	12.305	0	12	0.2	on	peaks,mountain_ranges,islands,lakes,cities	1600	1000	120000	java -jar headless/build/libs/peaknav-headless-1.1.0.jar --lat 46.59105 --lon 12.305 --width 1600 --height 1000 --await 120000 --sky on --sky-mode local --constellations on --horizon-compass off --coordinates off --labels "peaks,mountain_ranges,islands,lakes,cities" --download 900000 --shot "0,12,0.2,snapshots/images/dolomites-tre-cime.ring.d3km.az180.up.png"
dolomites-tre-cime.ring.d3km.az180.level.png	dolomites-tre-cime	ring	46.59105	12.305	0	-2	0.75	on	peaks,mountain_ranges,islands,lakes,cities	1600	1000	120000	java -jar headless/build/libs/peaknav-headless-1.1.0.jar --lat 46.59105 --lon 12.305 --width 1600 --height 1000 --await 120000 --sky on --sky-mode local --constellations on --horizon-compass off --coordinates off --labels "peaks,mountain_ranges,islands,lakes,cities" --download 900000 --shot "0,-2,0.75,snapshots/images/dolomites-tre-cime.ring.d3km.az180.level.png"
dolomites-tre-cime.ring.d3km.az270.up.png	dolomites-tre-cime	ring	46.618	12.26576	90	12	0.2	on	peaks,mountain_ranges,islands,lakes,cities	1600	1000	120000	java -jar headless/build/libs/peaknav-headless-1.1.0.jar --lat 46.618 --lon 12.26576 --width 1600 --height 1000 --await 120000 --sky on --sky-mode local --constellations on --horizon-compass off --coordinates off --labels "peaks,mountain_ranges,islands,lakes,cities" --download 900000 --shot "90,12,0.2,snapshots/images/dolomites-tre-cime.ring.d3km.az270.up.png"
dolomites-tre-cime.ring.d3km.az270.level.png	dolomites-tre-cime	ring	46.618	12.26576	90	-2	0.75	on	peaks,mountain_ranges,islands,lakes,cities	1600	1000	120000	java -jar headless/build/libs/peaknav-headless-1.1.0.jar --lat 46.618 --lon 12.26576 --width 1600 --height 1000 --await 120000 --sky on --sky-mode local --constellations on --horizon-compass off --coordinates off --labels "peaks,mountain_ranges,islands,lakes,cities" --download 900000 --shot "90,-2,0.75,snapshots/images/dolomites-tre-cime.ring.d3km.az270.level.png"
dolomites-tre-cime.ring.d5km.az0.up.png	dolomites-tre-cime	ring	46.66292	12.305	180	7	0.2	on	peaks,mountain_ranges,islands,lakes,cities	1600	1000	120000	java -jar headless/build/libs/peaknav-headless-1.1.0.jar --lat 46.66292 --lon 12.305 --width 1600 --height 1000 --await 120000 --sky on --sky-mode local --constellations on --horizon-compass off --coordinates off --labels "peaks,mountain_ranges,islands,lakes,cities" --download 900000 --shot "180,7,0.2,snapshots/images/dolomites-tre-cime.ring.d5km.az0.up.png"
dolomites-tre-cime.ring.d5km.az0.level.png	dolomites-tre-cime	ring	46.66292	12.305	180	-2	0.75	on	peaks,mountain_ranges,islands,lakes,cities	1600	1000	120000	java -jar headless/build/libs/peaknav-headless-1.1.0.jar --lat 46.66292 --lon 12.305 --width 1600 --height 1000 --await 120000 --sky on --sky-mode local --constellations on --horizon-compass off --coordinates off --labels "peaks,mountain_ranges,islands,lakes,cities" --download 900000 --shot "180,-2,0.75,snapshots/images/dolomites-tre-cime.ring.d5km.az0.level.png"
dolomites-tre-cime.ring.d5km.az90.up.png	dolomites-tre-cime	ring	46.618	12.37039	270	7	0.2	on	peaks,mountain_ranges,islands,lakes,cities	1600	1000	120000	java -jar headless/build/libs/peaknav-headless-1.1.0.jar --lat 46.618 --lon 12.37039 --width 1600 --height 1000 --await 120000 --sky on --sky-mode local --constellations on --horizon-compass off --coordinates off --labels "peaks,mountain_ranges,islands,lakes,cities" --download 900000 --shot "270,7,0.2,snapshots/images/dolomites-tre-cime.ring.d5km.az90.up.png"
dolomites-tre-cime.ring.d5km.az90.level.png	dolomites-tre-cime	ring	46.618	12.37039	270	-2	0.75	on	peaks,mountain_ranges,islands,lakes,cities	1600	1000	120000	java -jar headless/build/libs/peaknav-headless-1.1.0.jar --lat 46.618 --lon 12.37039 --width 1600 --height 1000 --await 120000 --sky on --sky-mode local --constellations on --horizon-compass off --coordinates off --labels "peaks,mountain_ranges,islands,lakes,cities" --download 900000 --shot "270,-2,0.75,snapshots/images/dolomites-tre-cime.ring.d5km.az90.level.png"
dolomites-tre-cime.ring.d5km.az180.up.png	dolomites-tre-cime	ring	46.57308	12.305	0	7	0.2	on	peaks,mountain_ranges,islands,lakes,cities	1600	1000	120000	java -jar headless/build/libs/peaknav-headless-1.1.0.jar --lat 46.57308 --lon 12.305 --width 1600 --height 1000 --await 120000 --sky on --sky-mode local --constellations on --horizon-compass off --coordinates off --labels "peaks,mountain_ranges,islands,lakes,cities" --download 900000 --shot "0,7,0.2,snapshots/images/dolomites-tre-cime.ring.d5km.az180.up.png"
dolomites-tre-cime.ring.d5km.az180.level.png	dolomites-tre-cime	ring	46.57308	12.305	0	-2	0.75	on	peaks,mountain_ranges,islands,lakes,cities	1600	1000	120000	java -jar headless/build/libs/peaknav-headless-1.1.0.jar --lat 46.57308 --lon 12.305 --width 1600 --height 1000 --await 120000 --sky on --sky-mode local --constellations on --horizon-compass off --coordinates off --labels "peaks,mountain_ranges,islands,lakes,cities" --download 900000 --shot "0,-2,0.75,snapshots/images/dolomites-tre-cime.ring.d5km.az180.level.png"
dolomites-tre-cime.ring.d5km.az270.up.png	dolomites-tre-cime	ring	46.618	12.23961	90	7	0.2	on	peaks,mountain_ranges,islands,lakes,cities	1600	1000	120000	java -jar headless/build/libs/peaknav-headless-1.1.0.jar --lat 46.618 --lon 12.23961 --width 1600 --height 1000 --await 120000 --sky on --sky-mode local --constellations on --horizon-compass off --coordinates off --labels "peaks,mountain_ranges,islands,lakes,cities" --download 900000 --shot "90,7,0.2,snapshots/images/dolomites-tre-cime.ring.d5km.az270.up.png"
dolomites-tre-cime.ring.d5km.az270.level.png	dolomites-tre-cime	ring	46.618	12.23961	90	-2	0.75	on	peaks,mountain_ranges,islands,lakes,cities	1600	1000	120000	java -jar headless/build/libs/peaknav-headless-1.1.0.jar --lat 46.618 --lon 12.23961 --width 1600 --height 1000 --await 120000 --sky on --sky-mode local --constellations on --horizon-compass off --coordinates off --labels "peaks,mountain_ranges,islands,lakes,cities" --download 900000 --shot "90,-2,0.75,snapshots/images/dolomites-tre-cime.ring.d5km.az270.level.png"
dolomites-tre-cime.ring.d10km.az0.up.png	dolomites-tre-cime	ring	46.70783	12.305	180	4	0.2	on	peaks,mountain_ranges,islands,lakes,cities	1600	1000	120000	java -jar headless/build/libs/peaknav-headless-1.1.0.jar --lat 46.70783 --lon 12.305 --width 1600 --height 1000 --await 120000 --sky on --sky-mode local --constellations on --horizon-compass off --coordinates off --labels "peaks,mountain_ranges,islands,lakes,cities" --download 900000 --shot "180,4,0.2,snapshots/images/dolomites-tre-cime.ring.d10km.az0.up.png"
dolomites-tre-cime.ring.d10km.az0.level.png	dolomites-tre-cime	ring	46.70783	12.305	180	-2	0.75	on	peaks,mountain_ranges,islands,lakes,cities	1600	1000	120000	java -jar headless/build/libs/peaknav-headless-1.1.0.jar --lat 46.70783 --lon 12.305 --width 1600 --height 1000 --await 120000 --sky on --sky-mode local --constellations on --horizon-compass off --coordinates off --labels "peaks,mountain_ranges,islands,lakes,cities" --download 900000 --shot "180,-2,0.75,snapshots/images/dolomites-tre-cime.ring.d10km.az0.level.png"
dolomites-tre-cime.ring.d10km.az90.up.png	dolomites-tre-cime	ring	46.618	12.43579	270	4	0.2	on	peaks,mountain_ranges,islands,lakes,cities	1600	1000	120000	java -jar headless/build/libs/peaknav-headless-1.1.0.jar --lat 46.618 --lon 12.43579 --width 1600 --height 1000 --await 120000 --sky on --sky-mode local --constellations on --horizon-compass off --coordinates off --labels "peaks,mountain_ranges,islands,lakes,cities" --download 900000 --shot "270,4,0.2,snapshots/images/dolomites-tre-cime.ring.d10km.az90.up.png"
dolomites-tre-cime.ring.d10km.az90.level.png	dolomites-tre-cime	ring	46.618	12.43579	270	-2	0.75	on	peaks,mountain_ranges,islands,lakes,cities	1600	1000	120000	java -jar headless/build/libs/peaknav-headless-1.1.0.jar --lat 46.618 --lon 12.43579 --width 1600 --height 1000 --await 120000 --sky on --sky-mode local --constellations on --horizon-compass off --coordinates off --labels "peaks,mountain_ranges,islands,lakes,cities" --download 900000 --shot "270,-2,0.75,snapshots/images/dolomites-tre-cime.ring.d10km.az90.level.png"
dolomites-tre-cime.ring.d10km.az180.up.png	dolomites-tre-cime	ring	46.52817	12.305	0	4	0.2	on	peaks,mountain_ranges,islands,lakes,cities	1600	1000	120000	java -jar headless/build/libs/peaknav-headless-1.1.0.jar --lat 46.52817 --lon 12.305 --width 1600 --height 1000 --await 120000 --sky on --sky-mode local --constellations on --horizon-compass off --coordinates off --labels "peaks,mountain_ranges,islands,lakes,cities" --download 900000 --shot "0,4,0.2,snapshots/images/dolomites-tre-cime.ring.d10km.az180.up.png"
dolomites-tre-cime.ring.d10km.az180.level.png	dolomites-tre-cime	ring	46.52817	12.305	0	-2	0.75	on	peaks,mountain_ranges,islands,lakes,cities	1600	1000	120000	java -jar headless/build/libs/peaknav-headless-1.1.0.jar --lat 46.52817 --lon 12.305 --width 1600 --height 1000 --await 120000 --sky on --sky-mode local --constellations on --horizon-compass off --coordinates off --labels "peaks,mountain_ranges,islands,lakes,cities" --download 900000 --shot "0,-2,0.75,snapshots/images/dolomites-tre-cime.ring.d10km.az180.level.png"
dolomites-tre-cime.ring.d10km.az270.up.png	dolomites-tre-cime	ring	46.618	12.17421	90	4	0.2	on	peaks,mountain_ranges,islands,lakes,cities	1600	1000	120000	java -jar headless/build/libs/peaknav-headless-1.1.0.jar --lat 46.618 --lon 12.17421 --width 1600 --height 1000 --await 120000 --sky on --sky-mode local --constellations on --horizon-compass off --coordinates off --labels "peaks,mountain_ranges,islands,lakes,cities" --download 900000 --shot "90,4,0.2,snapshots/images/dolomites-tre-cime.ring.d10km.az270.up.png"
dolomites-tre-cime.ring.d10km.az270.level.png	dolomites-tre-cime	ring	46.618	12.17421	90	-2	0.75	on	peaks,mountain_ranges,islands,lakes,cities	1600	1000	120000	java -jar headless/build/libs/peaknav-headless-1.1.0.jar --lat 46.618 --lon 12.17421 --width 1600 --height 1000 --await 120000 --sky on --sky-mode local --constellations on --horizon-compass off --coordinates off --labels "peaks,mountain_ranges,islands,lakes,cities" --download 900000 --shot "90,-2,0.75,snapshots/images/dolomites-tre-cime.ring.d10km.az270.level.png"
yosemite-valley.sky-on.peaks-on.areas-on.b60.std.png	yosemite-valley	matrix	37.745	-119.533	60	-2	0.45	on	peaks,mountain_ranges,islands,lakes,cities	1600	1000	120000	java -jar headless/build/libs/peaknav-headless-1.1.0.jar --lat 37.745 --lon -119.533 --width 1600 --height 1000 --await 120000 --sky on --sky-mode local --constellations on --horizon-compass off --coordinates off --labels "peaks,mountain_ranges,islands,lakes,cities" --download 900000 --shot "60,-2,0.45,snapshots/images/yosemite-valley.sky-on.peaks-on.areas-on.b60.std.png"
yosemite-valley.sky-on.peaks-on.areas-on.b60.wide.png	yosemite-valley	matrix	37.745	-119.533	60	-8	0.9	on	peaks,mountain_ranges,islands,lakes,cities	1600	1000	120000	java -jar headless/build/libs/peaknav-headless-1.1.0.jar --lat 37.745 --lon -119.533 --width 1600 --height 1000 --await 120000 --sky on --sky-mode local --constellations on --horizon-compass off --coordinates off --labels "peaks,mountain_ranges,islands,lakes,cities" --download 900000 --shot "60,-8,0.9,snapshots/images/yosemite-valley.sky-on.peaks-on.areas-on.b60.wide.png"
yosemite-valley.sky-on.peaks-on.areas-on.b90.std.png	yosemite-valley	matrix	37.745	-119.533	90	-2	0.45	on	peaks,mountain_ranges,islands,lakes,cities	1600	1000	120000	java -jar headless/build/libs/peaknav-headless-1.1.0.jar --lat 37.745 --lon -119.533 --width 1600 --height 1000 --await 120000 --sky on --sky-mode local --constellations on --horizon-compass off --coordinates off --labels "peaks,mountain_ranges,islands,lakes,cities" --download 900000 --shot "90,-2,0.45,snapshots/images/yosemite-valley.sky-on.peaks-on.areas-on.b90.std.png"
yosemite-valley.sky-on.peaks-on.areas-on.b90.wide.png	yosemite-valley	matrix	37.745	-119.533	90	-8	0.9	on	peaks,mountain_ranges,islands,lakes,cities	1600	1000	120000	java -jar headless/build/libs/peaknav-headless-1.1.0.jar --lat 37.745 --lon -119.533 --width 1600 --height 1000 --await 120000 --sky on --sky-mode local --constellations on --horizon-compass off --coordinates off --labels "peaks,mountain_ranges,islands,lakes,cities" --download 900000 --shot "90,-8,0.9,snapshots/images/yosemite-valley.sky-on.peaks-on.areas-on.b90.wide.png"
yosemite-valley.sky-on.peaks-on.areas-on.b120.std.png	yosemite-valley	matrix	37.745	-119.533	120	-2	0.45	on	peaks,mountain_ranges,islands,lakes,cities	1600	1000	120000	java -jar headless/build/libs/peaknav-headless-1.1.0.jar --lat 37.745 --lon -119.533 --width 1600 --height 1000 --await 120000 --sky on --sky-mode local --constellations on --horizon-compass off --coordinates off --labels "peaks,mountain_ranges,islands,lakes,cities" --download 900000 --shot "120,-2,0.45,snapshots/images/yosemite-valley.sky-on.peaks-on.areas-on.b120.std.png"
yosemite-valley.sky-on.peaks-on.areas-on.b120.wide.png	yosemite-valley	matrix	37.745	-119.533	120	-8	0.9	on	peaks,mountain_ranges,islands,lakes,cities	1600	1000	120000	java -jar headless/build/libs/peaknav-headless-1.1.0.jar --lat 37.745 --lon -119.533 --width 1600 --height 1000 --await 120000 --sky on --sky-mode local --constellations on --horizon-compass off --coordinates off --labels "peaks,mountain_ranges,islands,lakes,cities" --download 900000 --shot "120,-8,0.9,snapshots/images/yosemite-valley.sky-on.peaks-on.areas-on.b120.wide.png"
yosemite-valley.sky-on.peaks-on.areas-off.b60.std.png	yosemite-valley	matrix	37.745	-119.533	60	-2	0.45	on	peaks	1600	1000	120000	java -jar headless/build/libs/peaknav-headless-1.1.0.jar --lat 37.745 --lon -119.533 --width 1600 --height 1000 --await 120000 --sky on --sky-mode local --constellations on --horizon-compass off --coordinates off --labels "peaks" --download 900000 --shot "60,-2,0.45,snapshots/images/yosemite-valley.sky-on.peaks-on.areas-off.b60.std.png"
yosemite-valley.sky-on.peaks-on.areas-off.b60.wide.png	yosemite-valley	matrix	37.745	-119.533	60	-8	0.9	on	peaks	1600	1000	120000	java -jar headless/build/libs/peaknav-headless-1.1.0.jar --lat 37.745 --lon -119.533 --width 1600 --height 1000 --await 120000 --sky on --sky-mode local --constellations on --horizon-compass off --coordinates off --labels "peaks" --download 900000 --shot "60,-8,0.9,snapshots/images/yosemite-valley.sky-on.peaks-on.areas-off.b60.wide.png"
yosemite-valley.sky-on.peaks-on.areas-off.b90.std.png	yosemite-valley	matrix	37.745	-119.533	90	-2	0.45	on	peaks	1600	1000	120000	java -jar headless/build/libs/peaknav-headless-1.1.0.jar --lat 37.745 --lon -119.533 --width 1600 --height 1000 --await 120000 --sky on --sky-mode local --constellations on --horizon-compass off --coordinates off --labels "peaks" --download 900000 --shot "90,-2,0.45,snapshots/images/yosemite-valley.sky-on.peaks-on.areas-off.b90.std.png"
yosemite-valley.sky-on.peaks-on.areas-off.b90.wide.png	yosemite-valley	matrix	37.745	-119.533	90	-8	0.9	on	peaks	1600	1000	120000	java -jar headless/build/libs/peaknav-headless-1.1.0.jar --lat 37.745 --lon -119.533 --width 1600 --height 1000 --await 120000 --sky on --sky-mode local --constellations on --horizon-compass off --coordinates off --labels "peaks" --download 900000 --shot "90,-8,0.9,snapshots/images/yosemite-valley.sky-on.peaks-on.areas-off.b90.wide.png"
yosemite-valley.sky-on.peaks-on.areas-off.b120.std.png	yosemite-valley	matrix	37.745	-119.533	120	-2	0.45	on	peaks	1600	1000	120000	java -jar headless/build/libs/peaknav-headless-1.1.0.jar --lat 37.745 --lon -119.533 --width 1600 --height 1000 --await 120000 --sky on --sky-mode local --constellations on --horizon-compass off --coordinates off --labels "peaks" --download 900000 --shot "120,-2,0.45,snapshots/images/yosemite-valley.sky-on.peaks-on.areas-off.b120.std.png"
yosemite-valley.sky-on.peaks-on.areas-off.b120.wide.png	yosemite-valley	matrix	37.745	-119.533	120	-8	0.9	on	peaks	1600	1000	120000	java -jar headless/build/libs/peaknav-headless-1.1.0.jar --lat 37.745 --lon -119.533 --width 1600 --height 1000 --await 120000 --sky on --sky-mode local --constellations on --horizon-compass off --coordinates off --labels "peaks" --download 900000 --shot "120,-8,0.9,snapshots/images/yosemite-valley.sky-on.peaks-on.areas-off.b120.wide.png"
yosemite-valley.sky-on.peaks-off.areas-on.b60.std.png	yosemite-valley	matrix	37.745	-119.533	60	-2	0.45	on	mountain_ranges,islands,lakes,cities	1600	1000	120000	java -jar headless/build/libs/peaknav-headless-1.1.0.jar --lat 37.745 --lon -119.533 --width 1600 --height 1000 --await 120000 --sky on --sky-mode local --constellations on --horizon-compass off --coordinates off --labels "mountain_ranges,islands,lakes,cities" --download 900000 --shot "60,-2,0.45,snapshots/images/yosemite-valley.sky-on.peaks-off.areas-on.b60.std.png"
yosemite-valley.sky-on.peaks-off.areas-on.b60.wide.png	yosemite-valley	matrix	37.745	-119.533	60	-8	0.9	on	mountain_ranges,islands,lakes,cities	1600	1000	120000	java -jar headless/build/libs/peaknav-headless-1.1.0.jar --lat 37.745 --lon -119.533 --width 1600 --height 1000 --await 120000 --sky on --sky-mode local --constellations on --horizon-compass off --coordinates off --labels "mountain_ranges,islands,lakes,cities" --download 900000 --shot "60,-8,0.9,snapshots/images/yosemite-valley.sky-on.peaks-off.areas-on.b60.wide.png"
yosemite-valley.sky-on.peaks-off.areas-on.b90.std.png	yosemite-valley	matrix	37.745	-119.533	90	-2	0.45	on	mountain_ranges,islands,lakes,cities	1600	1000	120000	java -jar headless/build/libs/peaknav-headless-1.1.0.jar --lat 37.745 --lon -119.533 --width 1600 --height 1000 --await 120000 --sky on --sky-mode local --constellations on --horizon-compass off --coordinates off --labels "mountain_ranges,islands,lakes,cities" --download 900000 --shot "90,-2,0.45,snapshots/images/yosemite-valley.sky-on.peaks-off.areas-on.b90.std.png"
yosemite-valley.sky-on.peaks-off.areas-on.b90.wide.png	yosemite-valley	matrix	37.745	-119.533	90	-8	0.9	on	mountain_ranges,islands,lakes,cities	1600	1000	120000	java -jar headless/build/libs/peaknav-headless-1.1.0.jar --lat 37.745 --lon -119.533 --width 1600 --height 1000 --await 120000 --sky on --sky-mode local --constellations on --horizon-compass off --coordinates off --labels "mountain_ranges,islands,lakes,cities" --download 900000 --shot "90,-8,0.9,snapshots/images/yosemite-valley.sky-on.peaks-off.areas-on.b90.wide.png"
yosemite-valley.sky-on.peaks-off.areas-on.b120.std.png	yosemite-valley	matrix	37.745	-119.533	120	-2	0.45	on	mountain_ranges,islands,lakes,cities	1600	1000	120000	java -jar headless/build/libs/peaknav-headless-1.1.0.jar --lat 37.745 --lon -119.533 --width 1600 --height 1000 --await 120000 --sky on --sky-mode local --constellations on --horizon-compass off --coordinates off --labels "mountain_ranges,islands,lakes,cities" --download 900000 --shot "120,-2,0.45,snapshots/images/yosemite-valley.sky-on.peaks-off.areas-on.b120.std.png"
yosemite-valley.sky-on.peaks-off.areas-on.b120.wide.png	yosemite-valley	matrix	37.745	-119.533	120	-8	0.9	on	mountain_ranges,islands,lakes,cities	1600	1000	120000	java -jar headless/build/libs/peaknav-headless-1.1.0.jar --lat 37.745 --lon -119.533 --width 1600 --height 1000 --await 120000 --sky on --sky-mode local --constellations on --horizon-compass off --coordinates off --labels "mountain_ranges,islands,lakes,cities" --download 900000 --shot "120,-8,0.9,snapshots/images/yosemite-valley.sky-on.peaks-off.areas-on.b120.wide.png"
yosemite-valley.sky-on.peaks-off.areas-off.b60.std.png	yosemite-valley	matrix	37.745	-119.533	60	-2	0.45	on	(none)	1600	1000	120000	java -jar headless/build/libs/peaknav-headless-1.1.0.jar --lat 37.745 --lon -119.533 --width 1600 --height 1000 --await 120000 --sky on --sky-mode local --constellations on --horizon-compass off --coordinates off --labels "" --download 900000 --shot "60,-2,0.45,snapshots/images/yosemite-valley.sky-on.peaks-off.areas-off.b60.std.png"
yosemite-valley.sky-on.peaks-off.areas-off.b60.wide.png	yosemite-valley	matrix	37.745	-119.533	60	-8	0.9	on	(none)	1600	1000	120000	java -jar headless/build/libs/peaknav-headless-1.1.0.jar --lat 37.745 --lon -119.533 --width 1600 --height 1000 --await 120000 --sky on --sky-mode local --constellations on --horizon-compass off --coordinates off --labels "" --download 900000 --shot "60,-8,0.9,snapshots/images/yosemite-valley.sky-on.peaks-off.areas-off.b60.wide.png"
yosemite-valley.sky-on.peaks-off.areas-off.b90.std.png	yosemite-valley	matrix	37.745	-119.533	90	-2	0.45	on	(none)	1600	1000	120000	java -jar headless/build/libs/peaknav-headless-1.1.0.jar --lat 37.745 --lon -119.533 --width 1600 --height 1000 --await 120000 --sky on --sky-mode local --constellations on --horizon-compass off --coordinates off --labels "" --download 900000 --shot "90,-2,0.45,snapshots/images/yosemite-valley.sky-on.peaks-off.areas-off.b90.std.png"
yosemite-valley.sky-on.peaks-off.areas-off.b90.wide.png	yosemite-valley	matrix	37.745	-119.533	90	-8	0.9	on	(none)	1600	1000	120000	java -jar headless/build/libs/peaknav-headless-1.1.0.jar --lat 37.745 --lon -119.533 --width 1600 --height 1000 --await 120000 --sky on --sky-mode local --constellations on --horizon-compass off --coordinates off --labels "" --download 900000 --shot "90,-8,0.9,snapshots/images/yosemite-valley.sky-on.peaks-off.areas-off.b90.wide.png"
yosemite-valley.sky-on.peaks-off.areas-off.b120.std.png	yosemite-valley	matrix	37.745	-119.533	120	-2	0.45	on	(none)	1600	1000	120000	java -jar headless/build/libs/peaknav-headless-1.1.0.jar --lat 37.745 --lon -119.533 --width 1600 --height 1000 --await 120000 --sky on --sky-mode local --constellations on --horizon-compass off --coordinates off --labels "" --download 900000 --shot "120,-2,0.45,snapshots/images/yosemite-valley.sky-on.peaks-off.areas-off.b120.std.png"
yosemite-valley.sky-on.peaks-off.areas-off.b120.wide.png	yosemite-valley	matrix	37.745	-119.533	120	-8	0.9	on	(none)	1600	1000	120000	java -jar headless/build/libs/peaknav-headless-1.1.0.jar --lat 37.745 --lon -119.533 --width 1600 --height 1000 --await 120000 --sky on --sky-mode local --constellations on --horizon-compass off --coordinates off --labels "" --download 900000 --shot "120,-8,0.9,snapshots/images/yosemite-valley.sky-on.peaks-off.areas-off.b120.wide.png"
yosemite-valley.sky-off.peaks-on.areas-on.b60.std.png	yosemite-valley	matrix	37.745	-119.533	60	-2	0.45	off	peaks,mountain_ranges,islands,lakes,cities	1600	1000	120000	java -jar headless/build/libs/peaknav-headless-1.1.0.jar --lat 37.745 --lon -119.533 --width 1600 --height 1000 --await 120000 --sky off --sky-mode local --constellations on --horizon-compass off --coordinates off --labels "peaks,mountain_ranges,islands,lakes,cities" --download 900000 --shot "60,-2,0.45,snapshots/images/yosemite-valley.sky-off.peaks-on.areas-on.b60.std.png"
yosemite-valley.sky-off.peaks-on.areas-on.b60.wide.png	yosemite-valley	matrix	37.745	-119.533	60	-8	0.9	off	peaks,mountain_ranges,islands,lakes,cities	1600	1000	120000	java -jar headless/build/libs/peaknav-headless-1.1.0.jar --lat 37.745 --lon -119.533 --width 1600 --height 1000 --await 120000 --sky off --sky-mode local --constellations on --horizon-compass off --coordinates off --labels "peaks,mountain_ranges,islands,lakes,cities" --download 900000 --shot "60,-8,0.9,snapshots/images/yosemite-valley.sky-off.peaks-on.areas-on.b60.wide.png"
yosemite-valley.sky-off.peaks-on.areas-on.b90.std.png	yosemite-valley	matrix	37.745	-119.533	90	-2	0.45	off	peaks,mountain_ranges,islands,lakes,cities	1600	1000	120000	java -jar headless/build/libs/peaknav-headless-1.1.0.jar --lat 37.745 --lon -119.533 --width 1600 --height 1000 --await 120000 --sky off --sky-mode local --constellations on --horizon-compass off --coordinates off --labels "peaks,mountain_ranges,islands,lakes,cities" --download 900000 --shot "90,-2,0.45,snapshots/images/yosemite-valley.sky-off.peaks-on.areas-on.b90.std.png"
yosemite-valley.sky-off.peaks-on.areas-on.b90.wide.png	yosemite-valley	matrix	37.745	-119.533	90	-8	0.9	off	peaks,mountain_ranges,islands,lakes,cities	1600	1000	120000	java -jar headless/build/libs/peaknav-headless-1.1.0.jar --lat 37.745 --lon -119.533 --width 1600 --height 1000 --await 120000 --sky off --sky-mode local --constellations on --horizon-compass off --coordinates off --labels "peaks,mountain_ranges,islands,lakes,cities" --download 900000 --shot "90,-8,0.9,snapshots/images/yosemite-valley.sky-off.peaks-on.areas-on.b90.wide.png"
yosemite-valley.sky-off.peaks-on.areas-on.b120.std.png	yosemite-valley	matrix	37.745	-119.533	120	-2	0.45	off	peaks,mountain_ranges,islands,lakes,cities	1600	1000	120000	java -jar headless/build/libs/peaknav-headless-1.1.0.jar --lat 37.745 --lon -119.533 --width 1600 --height 1000 --await 120000 --sky off --sky-mode local --constellations on --horizon-compass off --coordinates off --labels "peaks,mountain_ranges,islands,lakes,cities" --download 900000 --shot "120,-2,0.45,snapshots/images/yosemite-valley.sky-off.peaks-on.areas-on.b120.std.png"
yosemite-valley.sky-off.peaks-on.areas-on.b120.wide.png	yosemite-valley	matrix	37.745	-119.533	120	-8	0.9	off	peaks,mountain_ranges,islands,lakes,cities	1600	1000	120000	java -jar headless/build/libs/peaknav-headless-1.1.0.jar --lat 37.745 --lon -119.533 --width 1600 --height 1000 --await 120000 --sky off --sky-mode local --constellations on --horizon-compass off --coordinates off --labels "peaks,mountain_ranges,islands,lakes,cities" --download 900000 --shot "120,-8,0.9,snapshots/images/yosemite-valley.sky-off.peaks-on.areas-on.b120.wide.png"
yosemite-valley.sky-off.peaks-on.areas-off.b60.std.png	yosemite-valley	matrix	37.745	-119.533	60	-2	0.45	off	peaks	1600	1000	120000	java -jar headless/build/libs/peaknav-headless-1.1.0.jar --lat 37.745 --lon -119.533 --width 1600 --height 1000 --await 120000 --sky off --sky-mode local --constellations on --horizon-compass off --coordinates off --labels "peaks" --download 900000 --shot "60,-2,0.45,snapshots/images/yosemite-valley.sky-off.peaks-on.areas-off.b60.std.png"
yosemite-valley.sky-off.peaks-on.areas-off.b60.wide.png	yosemite-valley	matrix	37.745	-119.533	60	-8	0.9	off	peaks	1600	1000	120000	java -jar headless/build/libs/peaknav-headless-1.1.0.jar --lat 37.745 --lon -119.533 --width 1600 --height 1000 --await 120000 --sky off --sky-mode local --constellations on --horizon-compass off --coordinates off --labels "peaks" --download 900000 --shot "60,-8,0.9,snapshots/images/yosemite-valley.sky-off.peaks-on.areas-off.b60.wide.png"
yosemite-valley.sky-off.peaks-on.areas-off.b90.std.png	yosemite-valley	matrix	37.745	-119.533	90	-2	0.45	off	peaks	1600	1000	120000	java -jar headless/build/libs/peaknav-headless-1.1.0.jar --lat 37.745 --lon -119.533 --width 1600 --height 1000 --await 120000 --sky off --sky-mode local --constellations on --horizon-compass off --coordinates off --labels "peaks" --download 900000 --shot "90,-2,0.45,snapshots/images/yosemite-valley.sky-off.peaks-on.areas-off.b90.std.png"
yosemite-valley.sky-off.peaks-on.areas-off.b90.wide.png	yosemite-valley	matrix	37.745	-119.533	90	-8	0.9	off	peaks	1600	1000	120000	java -jar headless/build/libs/peaknav-headless-1.1.0.jar --lat 37.745 --lon -119.533 --width 1600 --height 1000 --await 120000 --sky off --sky-mode local --constellations on --horizon-compass off --coordinates off --labels "peaks" --download 900000 --shot "90,-8,0.9,snapshots/images/yosemite-valley.sky-off.peaks-on.areas-off.b90.wide.png"
yosemite-valley.sky-off.peaks-on.areas-off.b120.std.png	yosemite-valley	matrix	37.745	-119.533	120	-2	0.45	off	peaks	1600	1000	120000	java -jar headless/build/libs/peaknav-headless-1.1.0.jar --lat 37.745 --lon -119.533 --width 1600 --height 1000 --await 120000 --sky off --sky-mode local --constellations on --horizon-compass off --coordinates off --labels "peaks" --download 900000 --shot "120,-2,0.45,snapshots/images/yosemite-valley.sky-off.peaks-on.areas-off.b120.std.png"
yosemite-valley.sky-off.peaks-on.areas-off.b120.wide.png	yosemite-valley	matrix	37.745	-119.533	120	-8	0.9	off	peaks	1600	1000	120000	java -jar headless/build/libs/peaknav-headless-1.1.0.jar --lat 37.745 --lon -119.533 --width 1600 --height 1000 --await 120000 --sky off --sky-mode local --constellations on --horizon-compass off --coordinates off --labels "peaks" --download 900000 --shot "120,-8,0.9,snapshots/images/yosemite-valley.sky-off.peaks-on.areas-off.b120.wide.png"
yosemite-valley.sky-off.peaks-off.areas-on.b60.std.png	yosemite-valley	matrix	37.745	-119.533	60	-2	0.45	off	mountain_ranges,islands,lakes,cities	1600	1000	120000	java -jar headless/build/libs/peaknav-headless-1.1.0.jar --lat 37.745 --lon -119.533 --width 1600 --height 1000 --await 120000 --sky off --sky-mode local --constellations on --horizon-compass off --coordinates off --labels "mountain_ranges,islands,lakes,cities" --download 900000 --shot "60,-2,0.45,snapshots/images/yosemite-valley.sky-off.peaks-off.areas-on.b60.std.png"
yosemite-valley.sky-off.peaks-off.areas-on.b60.wide.png	yosemite-valley	matrix	37.745	-119.533	60	-8	0.9	off	mountain_ranges,islands,lakes,cities	1600	1000	120000	java -jar headless/build/libs/peaknav-headless-1.1.0.jar --lat 37.745 --lon -119.533 --width 1600 --height 1000 --await 120000 --sky off --sky-mode local --constellations on --horizon-compass off --coordinates off --labels "mountain_ranges,islands,lakes,cities" --download 900000 --shot "60,-8,0.9,snapshots/images/yosemite-valley.sky-off.peaks-off.areas-on.b60.wide.png"
yosemite-valley.sky-off.peaks-off.areas-on.b90.std.png	yosemite-valley	matrix	37.745	-119.533	90	-2	0.45	off	mountain_ranges,islands,lakes,cities	1600	1000	120000	java -jar headless/build/libs/peaknav-headless-1.1.0.jar --lat 37.745 --lon -119.533 --width 1600 --height 1000 --await 120000 --sky off --sky-mode local --constellations on --horizon-compass off --coordinates off --labels "mountain_ranges,islands,lakes,cities" --download 900000 --shot "90,-2,0.45,snapshots/images/yosemite-valley.sky-off.peaks-off.areas-on.b90.std.png"
yosemite-valley.sky-off.peaks-off.areas-on.b90.wide.png	yosemite-valley	matrix	37.745	-119.533	90	-8	0.9	off	mountain_ranges,islands,lakes,cities	1600	1000	120000	java -jar headless/build/libs/peaknav-headless-1.1.0.jar --lat 37.745 --lon -119.533 --width 1600 --height 1000 --await 120000 --sky off --sky-mode local --constellations on --horizon-compass off --coordinates off --labels "mountain_ranges,islands,lakes,cities" --download 900000 --shot "90,-8,0.9,snapshots/images/yosemite-valley.sky-off.peaks-off.areas-on.b90.wide.png"
yosemite-valley.sky-off.peaks-off.areas-on.b120.std.png	yosemite-valley	matrix	37.745	-119.533	120	-2	0.45	off	mountain_ranges,islands,lakes,cities	1600	1000	120000	java -jar headless/build/libs/peaknav-headless-1.1.0.jar --lat 37.745 --lon -119.533 --width 1600 --height 1000 --await 120000 --sky off --sky-mode local --constellations on --horizon-compass off --coordinates off --labels "mountain_ranges,islands,lakes,cities" --download 900000 --shot "120,-2,0.45,snapshots/images/yosemite-valley.sky-off.peaks-off.areas-on.b120.std.png"
yosemite-valley.sky-off.peaks-off.areas-on.b120.wide.png	yosemite-valley	matrix	37.745	-119.533	120	-8	0.9	off	mountain_ranges,islands,lakes,cities	1600	1000	120000	java -jar headless/build/libs/peaknav-headless-1.1.0.jar --lat 37.745 --lon -119.533 --width 1600 --height 1000 --await 120000 --sky off --sky-mode local --constellations on --horizon-compass off --coordinates off --labels "mountain_ranges,islands,lakes,cities" --download 900000 --shot "120,-8,0.9,snapshots/images/yosemite-valley.sky-off.peaks-off.areas-on.b120.wide.png"
yosemite-valley.sky-off.peaks-off.areas-off.b60.std.png	yosemite-valley	matrix	37.745	-119.533	60	-2	0.45	off	(none)	1600	1000	120000	java -jar headless/build/libs/peaknav-headless-1.1.0.jar --lat 37.745 --lon -119.533 --width 1600 --height 1000 --await 120000 --sky off --sky-mode local --constellations on --horizon-compass off --coordinates off --labels "" --download 900000 --shot "60,-2,0.45,snapshots/images/yosemite-valley.sky-off.peaks-off.areas-off.b60.std.png"
yosemite-valley.sky-off.peaks-off.areas-off.b60.wide.png	yosemite-valley	matrix	37.745	-119.533	60	-8	0.9	off	(none)	1600	1000	120000	java -jar headless/build/libs/peaknav-headless-1.1.0.jar --lat 37.745 --lon -119.533 --width 1600 --height 1000 --await 120000 --sky off --sky-mode local --constellations on --horizon-compass off --coordinates off --labels "" --download 900000 --shot "60,-8,0.9,snapshots/images/yosemite-valley.sky-off.peaks-off.areas-off.b60.wide.png"
yosemite-valley.sky-off.peaks-off.areas-off.b90.std.png	yosemite-valley	matrix	37.745	-119.533	90	-2	0.45	off	(none)	1600	1000	120000	java -jar headless/build/libs/peaknav-headless-1.1.0.jar --lat 37.745 --lon -119.533 --width 1600 --height 1000 --await 120000 --sky off --sky-mode local --constellations on --horizon-compass off --coordinates off --labels "" --download 900000 --shot "90,-2,0.45,snapshots/images/yosemite-valley.sky-off.peaks-off.areas-off.b90.std.png"
yosemite-valley.sky-off.peaks-off.areas-off.b90.wide.png	yosemite-valley	matrix	37.745	-119.533	90	-8	0.9	off	(none)	1600	1000	120000	java -jar headless/build/libs/peaknav-headless-1.1.0.jar --lat 37.745 --lon -119.533 --width 1600 --height 1000 --await 120000 --sky off --sky-mode local --constellations on --horizon-compass off --coordinates off --labels "" --download 900000 --shot "90,-8,0.9,snapshots/images/yosemite-valley.sky-off.peaks-off.areas-off.b90.wide.png"
yosemite-valley.sky-off.peaks-off.areas-off.b120.std.png	yosemite-valley	matrix	37.745	-119.533	120	-2	0.45	off	(none)	1600	1000	120000	java -jar headless/build/libs/peaknav-headless-1.1.0.jar --lat 37.745 --lon -119.533 --width 1600 --height 1000 --await 120000 --sky off --sky-mode local --constellations on --horizon-compass off --coordinates off --labels "" --download 900000 --shot "120,-2,0.45,snapshots/images/yosemite-valley.sky-off.peaks-off.areas-off.b120.std.png"
yosemite-valley.sky-off.peaks-off.areas-off.b120.wide.png	yosemite-valley	matrix	37.745	-119.533	120	-8	0.9	off	(none)	1600	1000	120000	java -jar headless/build/libs/peaknav-headless-1.1.0.jar --lat 37.745 --lon -119.533 --width 1600 --height 1000 --await 120000 --sky off --sky-mode local --constellations on --horizon-compass off --coordinates off --labels "" --download 900000 --shot "120,-8,0.9,snapshots/images/yosemite-valley.sky-off.peaks-off.areas-off.b120.wide.png"
yosemite-valley.ring.d3km.az0.up.png	yosemite-valley	ring	37.77195	-119.533	180	12	0.2	on	peaks,mountain_ranges,islands,lakes,cities	1600	1000	120000	java -jar headless/build/libs/peaknav-headless-1.1.0.jar --lat 37.77195 --lon -119.533 --width 1600 --height 1000 --await 120000 --sky on --sky-mode local --constellations on --horizon-compass off --coordinates off --labels "peaks,mountain_ranges,islands,lakes,cities" --download 900000 --shot "180,12,0.2,snapshots/images/yosemite-valley.ring.d3km.az0.up.png"
yosemite-valley.ring.d3km.az0.level.png	yosemite-valley	ring	37.77195	-119.533	180	-2	0.75	on	peaks,mountain_ranges,islands,lakes,cities	1600	1000	120000	java -jar headless/build/libs/peaknav-headless-1.1.0.jar --lat 37.77195 --lon -119.533 --width 1600 --height 1000 --await 120000 --sky on --sky-mode local --constellations on --horizon-compass off --coordinates off --labels "peaks,mountain_ranges,islands,lakes,cities" --download 900000 --shot "180,-2,0.75,snapshots/images/yosemite-valley.ring.d3km.az0.level.png"
yosemite-valley.ring.d3km.az90.up.png	yosemite-valley	ring	37.745	-119.49892	270	12	0.2	on	peaks,mountain_ranges,islands,lakes,cities	1600	1000	120000	java -jar headless/build/libs/peaknav-headless-1.1.0.jar --lat 37.745 --lon -119.49892 --width 1600 --height 1000 --await 120000 --sky on --sky-mode local --constellations on --horizon-compass off --coordinates off --labels "peaks,mountain_ranges,islands,lakes,cities" --download 900000 --shot "270,12,0.2,snapshots/images/yosemite-valley.ring.d3km.az90.up.png"
yosemite-valley.ring.d3km.az90.level.png	yosemite-valley	ring	37.745	-119.49892	270	-2	0.75	on	peaks,mountain_ranges,islands,lakes,cities	1600	1000	120000	java -jar headless/build/libs/peaknav-headless-1.1.0.jar --lat 37.745 --lon -119.49892 --width 1600 --height 1000 --await 120000 --sky on --sky-mode local --constellations on --horizon-compass off --coordinates off --labels "peaks,mountain_ranges,islands,lakes,cities" --download 900000 --shot "270,-2,0.75,snapshots/images/yosemite-valley.ring.d3km.az90.level.png"
yosemite-valley.ring.d3km.az180.up.png	yosemite-valley	ring	37.71805	-119.533	0	12	0.2	on	peaks,mountain_ranges,islands,lakes,cities	1600	1000	120000	java -jar headless/build/libs/peaknav-headless-1.1.0.jar --lat 37.71805 --lon -119.533 --width 1600 --height 1000 --await 120000 --sky on --sky-mode local --constellations on --horizon-compass off --coordinates off --labels "peaks,mountain_ranges,islands,lakes,cities" --download 900000 --shot "0,12,0.2,snapshots/images/yosemite-valley.ring.d3km.az180.up.png"
yosemite-valley.ring.d3km.az180.level.png	yosemite-valley	ring	37.71805	-119.533	0	-2	0.75	on	peaks,mountain_ranges,islands,lakes,cities	1600	1000	120000	java -jar headless/build/libs/peaknav-headless-1.1.0.jar --lat 37.71805 --lon -119.533 --width 1600 --height 1000 --await 120000 --sky on --sky-mode local --constellations on --horizon-compass off --coordinates off --labels "peaks,mountain_ranges,islands,lakes,cities" --download 900000 --shot "0,-2,0.75,snapshots/images/yosemite-valley.ring.d3km.az180.level.png"
yosemite-valley.ring.d3km.az270.up.png	yosemite-valley	ring	37.745	-119.56708	90	12	0.2	on	peaks,mountain_ranges,islands,lakes,cities	1600	1000	120000	java -jar headless/build/libs/peaknav-headless-1.1.0.jar --lat 37.745 --lon -119.56708 --width 1600 --height 1000 --await 120000 --sky on --sky-mode local --constellations on --horizon-compass off --coordinates off --labels "peaks,mountain_ranges,islands,lakes,cities" --download 900000 --shot "90,12,0.2,snapshots/images/yosemite-valley.ring.d3km.az270.up.png"
yosemite-valley.ring.d3km.az270.level.png	yosemite-valley	ring	37.745	-119.56708	90	-2	0.75	on	peaks,mountain_ranges,islands,lakes,cities	1600	1000	120000	java -jar headless/build/libs/peaknav-headless-1.1.0.jar --lat 37.745 --lon -119.56708 --width 1600 --height 1000 --await 120000 --sky on --sky-mode local --constellations on --horizon-compass off --coordinates off --labels "peaks,mountain_ranges,islands,lakes,cities" --download 900000 --shot "90,-2,0.75,snapshots/images/yosemite-valley.ring.d3km.az270.level.png"
yosemite-valley.ring.d5km.az0.up.png	yosemite-valley	ring	37.78992	-119.533	180	7	0.2	on	peaks,mountain_ranges,islands,lakes,cities	1600	1000	120000	java -jar headless/build/libs/peaknav-headless-1.1.0.jar --lat 37.78992 --lon -119.533 --width 1600 --height 1000 --await 120000 --sky on --sky-mode local --constellations on --horizon-compass off --coordinates off --labels "peaks,mountain_ranges,islands,lakes,cities" --download 900000 --shot "180,7,0.2,snapshots/images/yosemite-valley.ring.d5km.az0.up.png"
yosemite-valley.ring.d5km.az0.level.png	yosemite-valley	ring	37.78992	-119.533	180	-2	0.75	on	peaks,mountain_ranges,islands,lakes,cities	1600	1000	120000	java -jar headless/build/libs/peaknav-headless-1.1.0.jar --lat 37.78992 --lon -119.533 --width 1600 --height 1000 --await 120000 --sky on --sky-mode local --constellations on --horizon-compass off --coordinates off --labels "peaks,mountain_ranges,islands,lakes,cities" --download 900000 --shot "180,-2,0.75,snapshots/images/yosemite-valley.ring.d5km.az0.level.png"
yosemite-valley.ring.d5km.az90.up.png	yosemite-valley	ring	37.745	-119.4762	270	7	0.2	on	peaks,mountain_ranges,islands,lakes,cities	1600	1000	120000	java -jar headless/build/libs/peaknav-headless-1.1.0.jar --lat 37.745 --lon -119.4762 --width 1600 --height 1000 --await 120000 --sky on --sky-mode local --constellations on --horizon-compass off --coordinates off --labels "peaks,mountain_ranges,islands,lakes,cities" --download 900000 --shot "270,7,0.2,snapshots/images/yosemite-valley.ring.d5km.az90.up.png"
yosemite-valley.ring.d5km.az90.level.png	yosemite-valley	ring	37.745	-119.4762	270	-2	0.75	on	peaks,mountain_ranges,islands,lakes,cities	1600	1000	120000	java -jar headless/build/libs/peaknav-headless-1.1.0.jar --lat 37.745 --lon -119.4762 --width 1600 --height 1000 --await 120000 --sky on --sky-mode local --constellations on --horizon-compass off --coordinates off --labels "peaks,mountain_ranges,islands,lakes,cities" --download 900000 --shot "270,-2,0.75,snapshots/images/yosemite-valley.ring.d5km.az90.level.png"
yosemite-valley.ring.d5km.az180.up.png	yosemite-valley	ring	37.70008	-119.533	0	7	0.2	on	peaks,mountain_ranges,islands,lakes,cities	1600	1000	120000	java -jar headless/build/libs/peaknav-headless-1.1.0.jar --lat 37.70008 --lon -119.533 --width 1600 --height 1000 --await 120000 --sky on --sky-mode local --constellations on --horizon-compass off --coordinates off --labels "peaks,mountain_ranges,islands,lakes,cities" --download 900000 --shot "0,7,0.2,snapshots/images/yosemite-valley.ring.d5km.az180.up.png"
yosemite-valley.ring.d5km.az180.level.png	yosemite-valley	ring	37.70008	-119.533	0	-2	0.75	on	peaks,mountain_ranges,islands,lakes,cities	1600	1000	120000	java -jar headless/build/libs/peaknav-headless-1.1.0.jar --lat 37.70008 --lon -119.533 --width 1600 --height 1000 --await 120000 --sky on --sky-mode local --constellations on --horizon-compass off --coordinates off --labels "peaks,mountain_ranges,islands,lakes,cities" --download 900000 --shot "0,-2,0.75,snapshots/images/yosemite-valley.ring.d5km.az180.level.png"
yosemite-valley.ring.d5km.az270.up.png	yosemite-valley	ring	37.745	-119.5898	90	7	0.2	on	peaks,mountain_ranges,islands,lakes,cities	1600	1000	120000	java -jar headless/build/libs/peaknav-headless-1.1.0.jar --lat 37.745 --lon -119.5898 --width 1600 --height 1000 --await 120000 --sky on --sky-mode local --constellations on --horizon-compass off --coordinates off --labels "peaks,mountain_ranges,islands,lakes,cities" --download 900000 --shot "90,7,0.2,snapshots/images/yosemite-valley.ring.d5km.az270.up.png"
yosemite-valley.ring.d5km.az270.level.png	yosemite-valley	ring	37.745	-119.5898	90	-2	0.75	on	peaks,mountain_ranges,islands,lakes,cities	1600	1000	120000	java -jar headless/build/libs/peaknav-headless-1.1.0.jar --lat 37.745 --lon -119.5898 --width 1600 --height 1000 --await 120000 --sky on --sky-mode local --constellations on --horizon-compass off --coordinates off --labels "peaks,mountain_ranges,islands,lakes,cities" --download 900000 --shot "90,-2,0.75,snapshots/images/yosemite-valley.ring.d5km.az270.level.png"
yosemite-valley.ring.d10km.az0.up.png	yosemite-valley	ring	37.83483	-119.533	180	4	0.2	on	peaks,mountain_ranges,islands,lakes,cities	1600	1000	120000	java -jar headless/build/libs/peaknav-headless-1.1.0.jar --lat 37.83483 --lon -119.533 --width 1600 --height 1000 --await 120000 --sky on --sky-mode local --constellations on --horizon-compass off --coordinates off --labels "peaks,mountain_ranges,islands,lakes,cities" --download 900000 --shot "180,4,0.2,snapshots/images/yosemite-valley.ring.d10km.az0.up.png"
yosemite-valley.ring.d10km.az0.level.png	yosemite-valley	ring	37.83483	-119.533	180	-2	0.75	on	peaks,mountain_ranges,islands,lakes,cities	1600	1000	120000	java -jar headless/build/libs/peaknav-headless-1.1.0.jar --lat 37.83483 --lon -119.533 --width 1600 --height 1000 --await 120000 --sky on --sky-mode local --constellations on --horizon-compass off --coordinates off --labels "peaks,mountain_ranges,islands,lakes,cities" --download 900000 --shot "180,-2,0.75,snapshots/images/yosemite-valley.ring.d10km.az0.level.png"
yosemite-valley.ring.d10km.az90.up.png	yosemite-valley	ring	37.745	-119.4194	270	4	0.2	on	peaks,mountain_ranges,islands,lakes,cities	1600	1000	120000	java -jar headless/build/libs/peaknav-headless-1.1.0.jar --lat 37.745 --lon -119.4194 --width 1600 --height 1000 --await 120000 --sky on --sky-mode local --constellations on --horizon-compass off --coordinates off --labels "peaks,mountain_ranges,islands,lakes,cities" --download 900000 --shot "270,4,0.2,snapshots/images/yosemite-valley.ring.d10km.az90.up.png"
yosemite-valley.ring.d10km.az90.level.png	yosemite-valley	ring	37.745	-119.4194	270	-2	0.75	on	peaks,mountain_ranges,islands,lakes,cities	1600	1000	120000	java -jar headless/build/libs/peaknav-headless-1.1.0.jar --lat 37.745 --lon -119.4194 --width 1600 --height 1000 --await 120000 --sky on --sky-mode local --constellations on --horizon-compass off --coordinates off --labels "peaks,mountain_ranges,islands,lakes,cities" --download 900000 --shot "270,-2,0.75,snapshots/images/yosemite-valley.ring.d10km.az90.level.png"
yosemite-valley.ring.d10km.az180.up.png	yosemite-valley	ring	37.65517	-119.533	0	4	0.2	on	peaks,mountain_ranges,islands,lakes,cities	1600	1000	120000	java -jar headless/build/libs/peaknav-headless-1.1.0.jar --lat 37.65517 --lon -119.533 --width 1600 --height 1000 --await 120000 --sky on --sky-mode local --constellations on --horizon-compass off --coordinates off --labels "peaks,mountain_ranges,islands,lakes,cities" --download 900000 --shot "0,4,0.2,snapshots/images/yosemite-valley.ring.d10km.az180.up.png"
yosemite-valley.ring.d10km.az180.level.png	yosemite-valley	ring	37.65517	-119.533	0	-2	0.75	on	peaks,mountain_ranges,islands,lakes,cities	1600	1000	120000	java -jar headless/build/libs/peaknav-headless-1.1.0.jar --lat 37.65517 --lon -119.533 --width 1600 --height 1000 --await 120000 --sky on --sky-mode local --constellations on --horizon-compass off --coordinates off --labels "peaks,mountain_ranges,islands,lakes,cities" --download 900000 --shot "0,-2,0.75,snapshots/images/yosemite-valley.ring.d10km.az180.level.png"
yosemite-valley.ring.d10km.az270.up.png	yosemite-valley	ring	37.745	-119.6466	90	4	0.2	on	peaks,mountain_ranges,islands,lakes,cities	1600	1000	120000	java -jar headless/build/libs/peaknav-headless-1.1.0.jar --lat 37.745 --lon -119.6466 --width 1600 --height 1000 --await 120000 --sky on --sky-mode local --constellations on --horizon-compass off --coordinates off --labels "peaks,mountain_ranges,islands,lakes,cities" --download 900000 --shot "90,4,0.2,snapshots/images/yosemite-valley.ring.d10km.az270.up.png"
yosemite-valley.ring.d10km.az270.level.png	yosemite-valley	ring	37.745	-119.6466	90	-2	0.75	on	peaks,mountain_ranges,islands,lakes,cities	1600	1000	120000	java -jar headless/build/libs/peaknav-headless-1.1.0.jar --lat 37.745 --lon -119.6466 --width 1600 --height 1000 --await 120000 --sky on --sky-mode local --constellations on --horizon-compass off --coordinates off --labels "peaks,mountain_ranges,islands,lakes,cities" --download 900000 --shot "90,-2,0.75,snapshots/images/yosemite-valley.ring.d10km.az270.level.png"
mount-rainier.sky-on.peaks-on.areas-on.b105.std.png	mount-rainier	matrix	46.9	-121.9	105	-2	0.55	on	peaks,mountain_ranges,islands,lakes,cities	1600	1000	120000	java -jar headless/build/libs/peaknav-headless-1.1.0.jar --lat 46.9 --lon -121.9 --width 1600 --height 1000 --await 120000 --sky on --sky-mode local --constellations on --horizon-compass off --coordinates off --labels "peaks,mountain_ranges,islands,lakes,cities" --download 900000 --shot "105,-2,0.55,snapshots/images/mount-rainier.sky-on.peaks-on.areas-on.b105.std.png"
mount-rainier.sky-on.peaks-on.areas-on.b105.wide.png	mount-rainier	matrix	46.9	-121.9	105	-8	0.9	on	peaks,mountain_ranges,islands,lakes,cities	1600	1000	120000	java -jar headless/build/libs/peaknav-headless-1.1.0.jar --lat 46.9 --lon -121.9 --width 1600 --height 1000 --await 120000 --sky on --sky-mode local --constellations on --horizon-compass off --coordinates off --labels "peaks,mountain_ranges,islands,lakes,cities" --download 900000 --shot "105,-8,0.9,snapshots/images/mount-rainier.sky-on.peaks-on.areas-on.b105.wide.png"
mount-rainier.sky-on.peaks-on.areas-on.b135.std.png	mount-rainier	matrix	46.9	-121.9	135	-2	0.55	on	peaks,mountain_ranges,islands,lakes,cities	1600	1000	120000	java -jar headless/build/libs/peaknav-headless-1.1.0.jar --lat 46.9 --lon -121.9 --width 1600 --height 1000 --await 120000 --sky on --sky-mode local --constellations on --horizon-compass off --coordinates off --labels "peaks,mountain_ranges,islands,lakes,cities" --download 900000 --shot "135,-2,0.55,snapshots/images/mount-rainier.sky-on.peaks-on.areas-on.b135.std.png"
mount-rainier.sky-on.peaks-on.areas-on.b135.wide.png	mount-rainier	matrix	46.9	-121.9	135	-8	0.9	on	peaks,mountain_ranges,islands,lakes,cities	1600	1000	120000	java -jar headless/build/libs/peaknav-headless-1.1.0.jar --lat 46.9 --lon -121.9 --width 1600 --height 1000 --await 120000 --sky on --sky-mode local --constellations on --horizon-compass off --coordinates off --labels "peaks,mountain_ranges,islands,lakes,cities" --download 900000 --shot "135,-8,0.9,snapshots/images/mount-rainier.sky-on.peaks-on.areas-on.b135.wide.png"
mount-rainier.sky-on.peaks-on.areas-on.b165.std.png	mount-rainier	matrix	46.9	-121.9	165	-2	0.55	on	peaks,mountain_ranges,islands,lakes,cities	1600	1000	120000	java -jar headless/build/libs/peaknav-headless-1.1.0.jar --lat 46.9 --lon -121.9 --width 1600 --height 1000 --await 120000 --sky on --sky-mode local --constellations on --horizon-compass off --coordinates off --labels "peaks,mountain_ranges,islands,lakes,cities" --download 900000 --shot "165,-2,0.55,snapshots/images/mount-rainier.sky-on.peaks-on.areas-on.b165.std.png"
mount-rainier.sky-on.peaks-on.areas-on.b165.wide.png	mount-rainier	matrix	46.9	-121.9	165	-8	0.9	on	peaks,mountain_ranges,islands,lakes,cities	1600	1000	120000	java -jar headless/build/libs/peaknav-headless-1.1.0.jar --lat 46.9 --lon -121.9 --width 1600 --height 1000 --await 120000 --sky on --sky-mode local --constellations on --horizon-compass off --coordinates off --labels "peaks,mountain_ranges,islands,lakes,cities" --download 900000 --shot "165,-8,0.9,snapshots/images/mount-rainier.sky-on.peaks-on.areas-on.b165.wide.png"
mount-rainier.sky-on.peaks-on.areas-off.b105.std.png	mount-rainier	matrix	46.9	-121.9	105	-2	0.55	on	peaks	1600	1000	120000	java -jar headless/build/libs/peaknav-headless-1.1.0.jar --lat 46.9 --lon -121.9 --width 1600 --height 1000 --await 120000 --sky on --sky-mode local --constellations on --horizon-compass off --coordinates off --labels "peaks" --download 900000 --shot "105,-2,0.55,snapshots/images/mount-rainier.sky-on.peaks-on.areas-off.b105.std.png"
mount-rainier.sky-on.peaks-on.areas-off.b105.wide.png	mount-rainier	matrix	46.9	-121.9	105	-8	0.9	on	peaks	1600	1000	120000	java -jar headless/build/libs/peaknav-headless-1.1.0.jar --lat 46.9 --lon -121.9 --width 1600 --height 1000 --await 120000 --sky on --sky-mode local --constellations on --horizon-compass off --coordinates off --labels "peaks" --download 900000 --shot "105,-8,0.9,snapshots/images/mount-rainier.sky-on.peaks-on.areas-off.b105.wide.png"
mount-rainier.sky-on.peaks-on.areas-off.b135.std.png	mount-rainier	matrix	46.9	-121.9	135	-2	0.55	on	peaks	1600	1000	120000	java -jar headless/build/libs/peaknav-headless-1.1.0.jar --lat 46.9 --lon -121.9 --width 1600 --height 1000 --await 120000 --sky on --sky-mode local --constellations on --horizon-compass off --coordinates off --labels "peaks" --download 900000 --shot "135,-2,0.55,snapshots/images/mount-rainier.sky-on.peaks-on.areas-off.b135.std.png"
mount-rainier.sky-on.peaks-on.areas-off.b135.wide.png	mount-rainier	matrix	46.9	-121.9	135	-8	0.9	on	peaks	1600	1000	120000	java -jar headless/build/libs/peaknav-headless-1.1.0.jar --lat 46.9 --lon -121.9 --width 1600 --height 1000 --await 120000 --sky on --sky-mode local --constellations on --horizon-compass off --coordinates off --labels "peaks" --download 900000 --shot "135,-8,0.9,snapshots/images/mount-rainier.sky-on.peaks-on.areas-off.b135.wide.png"
mount-rainier.sky-on.peaks-on.areas-off.b165.std.png	mount-rainier	matrix	46.9	-121.9	165	-2	0.55	on	peaks	1600	1000	120000	java -jar headless/build/libs/peaknav-headless-1.1.0.jar --lat 46.9 --lon -121.9 --width 1600 --height 1000 --await 120000 --sky on --sky-mode local --constellations on --horizon-compass off --coordinates off --labels "peaks" --download 900000 --shot "165,-2,0.55,snapshots/images/mount-rainier.sky-on.peaks-on.areas-off.b165.std.png"
mount-rainier.sky-on.peaks-on.areas-off.b165.wide.png	mount-rainier	matrix	46.9	-121.9	165	-8	0.9	on	peaks	1600	1000	120000	java -jar headless/build/libs/peaknav-headless-1.1.0.jar --lat 46.9 --lon -121.9 --width 1600 --height 1000 --await 120000 --sky on --sky-mode local --constellations on --horizon-compass off --coordinates off --labels "peaks" --download 900000 --shot "165,-8,0.9,snapshots/images/mount-rainier.sky-on.peaks-on.areas-off.b165.wide.png"
mount-rainier.sky-on.peaks-off.areas-on.b105.std.png	mount-rainier	matrix	46.9	-121.9	105	-2	0.55	on	mountain_ranges,islands,lakes,cities	1600	1000	120000	java -jar headless/build/libs/peaknav-headless-1.1.0.jar --lat 46.9 --lon -121.9 --width 1600 --height 1000 --await 120000 --sky on --sky-mode local --constellations on --horizon-compass off --coordinates off --labels "mountain_ranges,islands,lakes,cities" --download 900000 --shot "105,-2,0.55,snapshots/images/mount-rainier.sky-on.peaks-off.areas-on.b105.std.png"
mount-rainier.sky-on.peaks-off.areas-on.b105.wide.png	mount-rainier	matrix	46.9	-121.9	105	-8	0.9	on	mountain_ranges,islands,lakes,cities	1600	1000	120000	java -jar headless/build/libs/peaknav-headless-1.1.0.jar --lat 46.9 --lon -121.9 --width 1600 --height 1000 --await 120000 --sky on --sky-mode local --constellations on --horizon-compass off --coordinates off --labels "mountain_ranges,islands,lakes,cities" --download 900000 --shot "105,-8,0.9,snapshots/images/mount-rainier.sky-on.peaks-off.areas-on.b105.wide.png"
mount-rainier.sky-on.peaks-off.areas-on.b135.std.png	mount-rainier	matrix	46.9	-121.9	135	-2	0.55	on	mountain_ranges,islands,lakes,cities	1600	1000	120000	java -jar headless/build/libs/peaknav-headless-1.1.0.jar --lat 46.9 --lon -121.9 --width 1600 --height 1000 --await 120000 --sky on --sky-mode local --constellations on --horizon-compass off --coordinates off --labels "mountain_ranges,islands,lakes,cities" --download 900000 --shot "135,-2,0.55,snapshots/images/mount-rainier.sky-on.peaks-off.areas-on.b135.std.png"
mount-rainier.sky-on.peaks-off.areas-on.b135.wide.png	mount-rainier	matrix	46.9	-121.9	135	-8	0.9	on	mountain_ranges,islands,lakes,cities	1600	1000	120000	java -jar headless/build/libs/peaknav-headless-1.1.0.jar --lat 46.9 --lon -121.9 --width 1600 --height 1000 --await 120000 --sky on --sky-mode local --constellations on --horizon-compass off --coordinates off --labels "mountain_ranges,islands,lakes,cities" --download 900000 --shot "135,-8,0.9,snapshots/images/mount-rainier.sky-on.peaks-off.areas-on.b135.wide.png"
mount-rainier.sky-on.peaks-off.areas-on.b165.std.png	mount-rainier	matrix	46.9	-121.9	165	-2	0.55	on	mountain_ranges,islands,lakes,cities	1600	1000	120000	java -jar headless/build/libs/peaknav-headless-1.1.0.jar --lat 46.9 --lon -121.9 --width 1600 --height 1000 --await 120000 --sky on --sky-mode local --constellations on --horizon-compass off --coordinates off --labels "mountain_ranges,islands,lakes,cities" --download 900000 --shot "165,-2,0.55,snapshots/images/mount-rainier.sky-on.peaks-off.areas-on.b165.std.png"
mount-rainier.sky-on.peaks-off.areas-on.b165.wide.png	mount-rainier	matrix	46.9	-121.9	165	-8	0.9	on	mountain_ranges,islands,lakes,cities	1600	1000	120000	java -jar headless/build/libs/peaknav-headless-1.1.0.jar --lat 46.9 --lon -121.9 --width 1600 --height 1000 --await 120000 --sky on --sky-mode local --constellations on --horizon-compass off --coordinates off --labels "mountain_ranges,islands,lakes,cities" --download 900000 --shot "165,-8,0.9,snapshots/images/mount-rainier.sky-on.peaks-off.areas-on.b165.wide.png"
mount-rainier.sky-on.peaks-off.areas-off.b105.std.png	mount-rainier	matrix	46.9	-121.9	105	-2	0.55	on	(none)	1600	1000	120000	java -jar headless/build/libs/peaknav-headless-1.1.0.jar --lat 46.9 --lon -121.9 --width 1600 --height 1000 --await 120000 --sky on --sky-mode local --constellations on --horizon-compass off --coordinates off --labels "" --download 900000 --shot "105,-2,0.55,snapshots/images/mount-rainier.sky-on.peaks-off.areas-off.b105.std.png"
mount-rainier.sky-on.peaks-off.areas-off.b105.wide.png	mount-rainier	matrix	46.9	-121.9	105	-8	0.9	on	(none)	1600	1000	120000	java -jar headless/build/libs/peaknav-headless-1.1.0.jar --lat 46.9 --lon -121.9 --width 1600 --height 1000 --await 120000 --sky on --sky-mode local --constellations on --horizon-compass off --coordinates off --labels "" --download 900000 --shot "105,-8,0.9,snapshots/images/mount-rainier.sky-on.peaks-off.areas-off.b105.wide.png"
mount-rainier.sky-on.peaks-off.areas-off.b135.std.png	mount-rainier	matrix	46.9	-121.9	135	-2	0.55	on	(none)	1600	1000	120000	java -jar headless/build/libs/peaknav-headless-1.1.0.jar --lat 46.9 --lon -121.9 --width 1600 --height 1000 --await 120000 --sky on --sky-mode local --constellations on --horizon-compass off --coordinates off --labels "" --download 900000 --shot "135,-2,0.55,snapshots/images/mount-rainier.sky-on.peaks-off.areas-off.b135.std.png"
mount-rainier.sky-on.peaks-off.areas-off.b135.wide.png	mount-rainier	matrix	46.9	-121.9	135	-8	0.9	on	(none)	1600	1000	120000	java -jar headless/build/libs/peaknav-headless-1.1.0.jar --lat 46.9 --lon -121.9 --width 1600 --height 1000 --await 120000 --sky on --sky-mode local --constellations on --horizon-compass off --coordinates off --labels "" --download 900000 --shot "135,-8,0.9,snapshots/images/mount-rainier.sky-on.peaks-off.areas-off.b135.wide.png"
mount-rainier.sky-on.peaks-off.areas-off.b165.std.png	mount-rainier	matrix	46.9	-121.9	165	-2	0.55	on	(none)	1600	1000	120000	java -jar headless/build/libs/peaknav-headless-1.1.0.jar --lat 46.9 --lon -121.9 --width 1600 --height 1000 --await 120000 --sky on --sky-mode local --constellations on --horizon-compass off --coordinates off --labels "" --download 900000 --shot "165,-2,0.55,snapshots/images/mount-rainier.sky-on.peaks-off.areas-off.b165.std.png"
mount-rainier.sky-on.peaks-off.areas-off.b165.wide.png	mount-rainier	matrix	46.9	-121.9	165	-8	0.9	on	(none)	1600	1000	120000	java -jar headless/build/libs/peaknav-headless-1.1.0.jar --lat 46.9 --lon -121.9 --width 1600 --height 1000 --await 120000 --sky on --sky-mode local --constellations on --horizon-compass off --coordinates off --labels "" --download 900000 --shot "165,-8,0.9,snapshots/images/mount-rainier.sky-on.peaks-off.areas-off.b165.wide.png"
mount-rainier.sky-off.peaks-on.areas-on.b105.std.png	mount-rainier	matrix	46.9	-121.9	105	-2	0.55	off	peaks,mountain_ranges,islands,lakes,cities	1600	1000	120000	java -jar headless/build/libs/peaknav-headless-1.1.0.jar --lat 46.9 --lon -121.9 --width 1600 --height 1000 --await 120000 --sky off --sky-mode local --constellations on --horizon-compass off --coordinates off --labels "peaks,mountain_ranges,islands,lakes,cities" --download 900000 --shot "105,-2,0.55,snapshots/images/mount-rainier.sky-off.peaks-on.areas-on.b105.std.png"
mount-rainier.sky-off.peaks-on.areas-on.b105.wide.png	mount-rainier	matrix	46.9	-121.9	105	-8	0.9	off	peaks,mountain_ranges,islands,lakes,cities	1600	1000	120000	java -jar headless/build/libs/peaknav-headless-1.1.0.jar --lat 46.9 --lon -121.9 --width 1600 --height 1000 --await 120000 --sky off --sky-mode local --constellations on --horizon-compass off --coordinates off --labels "peaks,mountain_ranges,islands,lakes,cities" --download 900000 --shot "105,-8,0.9,snapshots/images/mount-rainier.sky-off.peaks-on.areas-on.b105.wide.png"
mount-rainier.sky-off.peaks-on.areas-on.b135.std.png	mount-rainier	matrix	46.9	-121.9	135	-2	0.55	off	peaks,mountain_ranges,islands,lakes,cities	1600	1000	120000	java -jar headless/build/libs/peaknav-headless-1.1.0.jar --lat 46.9 --lon -121.9 --width 1600 --height 1000 --await 120000 --sky off --sky-mode local --constellations on --horizon-compass off --coordinates off --labels "peaks,mountain_ranges,islands,lakes,cities" --download 900000 --shot "135,-2,0.55,snapshots/images/mount-rainier.sky-off.peaks-on.areas-on.b135.std.png"
mount-rainier.sky-off.peaks-on.areas-on.b135.wide.png	mount-rainier	matrix	46.9	-121.9	135	-8	0.9	off	peaks,mountain_ranges,islands,lakes,cities	1600	1000	120000	java -jar headless/build/libs/peaknav-headless-1.1.0.jar --lat 46.9 --lon -121.9 --width 1600 --height 1000 --await 120000 --sky off --sky-mode local --constellations on --horizon-compass off --coordinates off --labels "peaks,mountain_ranges,islands,lakes,cities" --download 900000 --shot "135,-8,0.9,snapshots/images/mount-rainier.sky-off.peaks-on.areas-on.b135.wide.png"
mount-rainier.sky-off.peaks-on.areas-on.b165.std.png	mount-rainier	matrix	46.9	-121.9	165	-2	0.55	off	peaks,mountain_ranges,islands,lakes,cities	1600	1000	120000	java -jar headless/build/libs/peaknav-headless-1.1.0.jar --lat 46.9 --lon -121.9 --width 1600 --height 1000 --await 120000 --sky off --sky-mode local --constellations on --horizon-compass off --coordinates off --labels "peaks,mountain_ranges,islands,lakes,cities" --download 900000 --shot "165,-2,0.55,snapshots/images/mount-rainier.sky-off.peaks-on.areas-on.b165.std.png"
mount-rainier.sky-off.peaks-on.areas-on.b165.wide.png	mount-rainier	matrix	46.9	-121.9	165	-8	0.9	off	peaks,mountain_ranges,islands,lakes,cities	1600	1000	120000	java -jar headless/build/libs/peaknav-headless-1.1.0.jar --lat 46.9 --lon -121.9 --width 1600 --height 1000 --await 120000 --sky off --sky-mode local --constellations on --horizon-compass off --coordinates off --labels "peaks,mountain_ranges,islands,lakes,cities" --download 900000 --shot "165,-8,0.9,snapshots/images/mount-rainier.sky-off.peaks-on.areas-on.b165.wide.png"
mount-rainier.sky-off.peaks-on.areas-off.b105.std.png	mount-rainier	matrix	46.9	-121.9	105	-2	0.55	off	peaks	1600	1000	120000	java -jar headless/build/libs/peaknav-headless-1.1.0.jar --lat 46.9 --lon -121.9 --width 1600 --height 1000 --await 120000 --sky off --sky-mode local --constellations on --horizon-compass off --coordinates off --labels "peaks" --download 900000 --shot "105,-2,0.55,snapshots/images/mount-rainier.sky-off.peaks-on.areas-off.b105.std.png"
mount-rainier.sky-off.peaks-on.areas-off.b105.wide.png	mount-rainier	matrix	46.9	-121.9	105	-8	0.9	off	peaks	1600	1000	120000	java -jar headless/build/libs/peaknav-headless-1.1.0.jar --lat 46.9 --lon -121.9 --width 1600 --height 1000 --await 120000 --sky off --sky-mode local --constellations on --horizon-compass off --coordinates off --labels "peaks" --download 900000 --shot "105,-8,0.9,snapshots/images/mount-rainier.sky-off.peaks-on.areas-off.b105.wide.png"
mount-rainier.sky-off.peaks-on.areas-off.b135.std.png	mount-rainier	matrix	46.9	-121.9	135	-2	0.55	off	peaks	1600	1000	120000	java -jar headless/build/libs/peaknav-headless-1.1.0.jar --lat 46.9 --lon -121.9 --width 1600 --height 1000 --await 120000 --sky off --sky-mode local --constellations on --horizon-compass off --coordinates off --labels "peaks" --download 900000 --shot "135,-2,0.55,snapshots/images/mount-rainier.sky-off.peaks-on.areas-off.b135.std.png"
mount-rainier.sky-off.peaks-on.areas-off.b135.wide.png	mount-rainier	matrix	46.9	-121.9	135	-8	0.9	off	peaks	1600	1000	120000	java -jar headless/build/libs/peaknav-headless-1.1.0.jar --lat 46.9 --lon -121.9 --width 1600 --height 1000 --await 120000 --sky off --sky-mode local --constellations on --horizon-compass off --coordinates off --labels "peaks" --download 900000 --shot "135,-8,0.9,snapshots/images/mount-rainier.sky-off.peaks-on.areas-off.b135.wide.png"
mount-rainier.sky-off.peaks-on.areas-off.b165.std.png	mount-rainier	matrix	46.9	-121.9	165	-2	0.55	off	peaks	1600	1000	120000	java -jar headless/build/libs/peaknav-headless-1.1.0.jar --lat 46.9 --lon -121.9 --width 1600 --height 1000 --await 120000 --sky off --sky-mode local --constellations on --horizon-compass off --coordinates off --labels "peaks" --download 900000 --shot "165,-2,0.55,snapshots/images/mount-rainier.sky-off.peaks-on.areas-off.b165.std.png"
mount-rainier.sky-off.peaks-on.areas-off.b165.wide.png	mount-rainier	matrix	46.9	-121.9	165	-8	0.9	off	peaks	1600	1000	120000	java -jar headless/build/libs/peaknav-headless-1.1.0.jar --lat 46.9 --lon -121.9 --width 1600 --height 1000 --await 120000 --sky off --sky-mode local --constellations on --horizon-compass off --coordinates off --labels "peaks" --download 900000 --shot "165,-8,0.9,snapshots/images/mount-rainier.sky-off.peaks-on.areas-off.b165.wide.png"
mount-rainier.sky-off.peaks-off.areas-on.b105.std.png	mount-rainier	matrix	46.9	-121.9	105	-2	0.55	off	mountain_ranges,islands,lakes,cities	1600	1000	120000	java -jar headless/build/libs/peaknav-headless-1.1.0.jar --lat 46.9 --lon -121.9 --width 1600 --height 1000 --await 120000 --sky off --sky-mode local --constellations on --horizon-compass off --coordinates off --labels "mountain_ranges,islands,lakes,cities" --download 900000 --shot "105,-2,0.55,snapshots/images/mount-rainier.sky-off.peaks-off.areas-on.b105.std.png"
mount-rainier.sky-off.peaks-off.areas-on.b105.wide.png	mount-rainier	matrix	46.9	-121.9	105	-8	0.9	off	mountain_ranges,islands,lakes,cities	1600	1000	120000	java -jar headless/build/libs/peaknav-headless-1.1.0.jar --lat 46.9 --lon -121.9 --width 1600 --height 1000 --await 120000 --sky off --sky-mode local --constellations on --horizon-compass off --coordinates off --labels "mountain_ranges,islands,lakes,cities" --download 900000 --shot "105,-8,0.9,snapshots/images/mount-rainier.sky-off.peaks-off.areas-on.b105.wide.png"
mount-rainier.sky-off.peaks-off.areas-on.b135.std.png	mount-rainier	matrix	46.9	-121.9	135	-2	0.55	off	mountain_ranges,islands,lakes,cities	1600	1000	120000	java -jar headless/build/libs/peaknav-headless-1.1.0.jar --lat 46.9 --lon -121.9 --width 1600 --height 1000 --await 120000 --sky off --sky-mode local --constellations on --horizon-compass off --coordinates off --labels "mountain_ranges,islands,lakes,cities" --download 900000 --shot "135,-2,0.55,snapshots/images/mount-rainier.sky-off.peaks-off.areas-on.b135.std.png"
mount-rainier.sky-off.peaks-off.areas-on.b135.wide.png	mount-rainier	matrix	46.9	-121.9	135	-8	0.9	off	mountain_ranges,islands,lakes,cities	1600	1000	120000	java -jar headless/build/libs/peaknav-headless-1.1.0.jar --lat 46.9 --lon -121.9 --width 1600 --height 1000 --await 120000 --sky off --sky-mode local --constellations on --horizon-compass off --coordinates off --labels "mountain_ranges,islands,lakes,cities" --download 900000 --shot "135,-8,0.9,snapshots/images/mount-rainier.sky-off.peaks-off.areas-on.b135.wide.png"
mount-rainier.sky-off.peaks-off.areas-on.b165.std.png	mount-rainier	matrix	46.9	-121.9	165	-2	0.55	off	mountain_ranges,islands,lakes,cities	1600	1000	120000	java -jar headless/build/libs/peaknav-headless-1.1.0.jar --lat 46.9 --lon -121.9 --width 1600 --height 1000 --await 120000 --sky off --sky-mode local --constellations on --horizon-compass off --coordinates off --labels "mountain_ranges,islands,lakes,cities" --download 900000 --shot "165,-2,0.55,snapshots/images/mount-rainier.sky-off.peaks-off.areas-on.b165.std.png"
mount-rainier.sky-off.peaks-off.areas-on.b165.wide.png	mount-rainier	matrix	46.9	-121.9	165	-8	0.9	off	mountain_ranges,islands,lakes,cities	1600	1000	120000	java -jar headless/build/libs/peaknav-headless-1.1.0.jar --lat 46.9 --lon -121.9 --width 1600 --height 1000 --await 120000 --sky off --sky-mode local --constellations on --horizon-compass off --coordinates off --labels "mountain_ranges,islands,lakes,cities" --download 900000 --shot "165,-8,0.9,snapshots/images/mount-rainier.sky-off.peaks-off.areas-on.b165.wide.png"
mount-rainier.sky-off.peaks-off.areas-off.b105.std.png	mount-rainier	matrix	46.9	-121.9	105	-2	0.55	off	(none)	1600	1000	120000	java -jar headless/build/libs/peaknav-headless-1.1.0.jar --lat 46.9 --lon -121.9 --width 1600 --height 1000 --await 120000 --sky off --sky-mode local --constellations on --horizon-compass off --coordinates off --labels "" --download 900000 --shot "105,-2,0.55,snapshots/images/mount-rainier.sky-off.peaks-off.areas-off.b105.std.png"
mount-rainier.sky-off.peaks-off.areas-off.b105.wide.png	mount-rainier	matrix	46.9	-121.9	105	-8	0.9	off	(none)	1600	1000	120000	java -jar headless/build/libs/peaknav-headless-1.1.0.jar --lat 46.9 --lon -121.9 --width 1600 --height 1000 --await 120000 --sky off --sky-mode local --constellations on --horizon-compass off --coordinates off --labels "" --download 900000 --shot "105,-8,0.9,snapshots/images/mount-rainier.sky-off.peaks-off.areas-off.b105.wide.png"
mount-rainier.sky-off.peaks-off.areas-off.b135.std.png	mount-rainier	matrix	46.9	-121.9	135	-2	0.55	off	(none)	1600	1000	120000	java -jar headless/build/libs/peaknav-headless-1.1.0.jar --lat 46.9 --lon -121.9 --width 1600 --height 1000 --await 120000 --sky off --sky-mode local --constellations on --horizon-compass off --coordinates off --labels "" --download 900000 --shot "135,-2,0.55,snapshots/images/mount-rainier.sky-off.peaks-off.areas-off.b135.std.png"
mount-rainier.sky-off.peaks-off.areas-off.b135.wide.png	mount-rainier	matrix	46.9	-121.9	135	-8	0.9	off	(none)	1600	1000	120000	java -jar headless/build/libs/peaknav-headless-1.1.0.jar --lat 46.9 --lon -121.9 --width 1600 --height 1000 --await 120000 --sky off --sky-mode local --constellations on --horizon-compass off --coordinates off --labels "" --download 900000 --shot "135,-8,0.9,snapshots/images/mount-rainier.sky-off.peaks-off.areas-off.b135.wide.png"
mount-rainier.sky-off.peaks-off.areas-off.b165.std.png	mount-rainier	matrix	46.9	-121.9	165	-2	0.55	off	(none)	1600	1000	120000	java -jar headless/build/libs/peaknav-headless-1.1.0.jar --lat 46.9 --lon -121.9 --width 1600 --height 1000 --await 120000 --sky off --sky-mode local --constellations on --horizon-compass off --coordinates off --labels "" --download 900000 --shot "165,-2,0.55,snapshots/images/mount-rainier.sky-off.peaks-off.areas-off.b165.std.png"
mount-rainier.sky-off.peaks-off.areas-off.b165.wide.png	mount-rainier	matrix	46.9	-121.9	165	-8	0.9	off	(none)	1600	1000	120000	java -jar headless/build/libs/peaknav-headless-1.1.0.jar --lat 46.9 --lon -121.9 --width 1600 --height 1000 --await 120000 --sky off --sky-mode local --constellations on --horizon-compass off --coordinates off --labels "" --download 900000 --shot "165,-8,0.9,snapshots/images/mount-rainier.sky-off.peaks-off.areas-off.b165.wide.png"
mount-rainier.ring.d3km.az0.up.png	mount-rainier	ring	46.87925	-121.7603	180	12	0.2	on	peaks,mountain_ranges,islands,lakes,cities	1600	1000	120000	java -jar headless/build/libs/peaknav-headless-1.1.0.jar --lat 46.87925 --lon -121.7603 --width 1600 --height 1000 --await 120000 --sky on --sky-mode local --constellations on --horizon-compass off --coordinates off --labels "peaks,mountain_ranges,islands,lakes,cities" --download 900000 --shot "180,12,0.2,snapshots/images/mount-rainier.ring.d3km.az0.up.png"
mount-rainier.ring.d3km.az0.level.png	mount-rainier	ring	46.87925	-121.7603	180	-2	0.75	on	peaks,mountain_ranges,islands,lakes,cities	1600	1000	120000	java -jar headless/build/libs/peaknav-headless-1.1.0.jar --lat 46.87925 --lon -121.7603 --width 1600 --height 1000 --await 120000 --sky on --sky-mode local --constellations on --horizon-compass off --coordinates off --labels "peaks,mountain_ranges,islands,lakes,cities" --download 900000 --shot "180,-2,0.75,snapshots/images/mount-rainier.ring.d3km.az0.level.png"
mount-rainier.ring.d3km.az90.up.png	mount-rainier	ring	46.8523	-121.72089	270	12	0.2	on	peaks,mountain_ranges,islands,lakes,cities	1600	1000	120000	java -jar headless/build/libs/peaknav-headless-1.1.0.jar --lat 46.8523 --lon -121.72089 --width 1600 --height 1000 --await 120000 --sky on --sky-mode local --constellations on --horizon-compass off --coordinates off --labels "peaks,mountain_ranges,islands,lakes,cities" --download 900000 --shot "270,12,0.2,snapshots/images/mount-rainier.ring.d3km.az90.up.png"
mount-rainier.ring.d3km.az90.level.png	mount-rainier	ring	46.8523	-121.72089	270	-2	0.75	on	peaks,mountain_ranges,islands,lakes,cities	1600	1000	120000	java -jar headless/build/libs/peaknav-headless-1.1.0.jar --lat 46.8523 --lon -121.72089 --width 1600 --height 1000 --await 120000 --sky on --sky-mode local --constellations on --horizon-compass off --coordinates off --labels "peaks,mountain_ranges,islands,lakes,cities" --download 900000 --shot "270,-2,0.75,snapshots/images/mount-rainier.ring.d3km.az90.level.png"
mount-rainier.ring.d3km.az180.up.png	mount-rainier	ring	46.82535	-121.7603	0	12	0.2	on	peaks,mountain_ranges,islands,lakes,cities	1600	1000	120000	java -jar headless/build/libs/peaknav-headless-1.1.0.jar --lat 46.82535 --lon -121.7603 --width 1600 --height 1000 --await 120000 --sky on --sky-mode local --constellations on --horizon-compass off --coordinates off --labels "peaks,mountain_ranges,islands,lakes,cities" --download 900000 --shot "0,12,0.2,snapshots/images/mount-rainier.ring.d3km.az180.up.png"
mount-rainier.ring.d3km.az180.level.png	mount-rainier	ring	46.82535	-121.7603	0	-2	0.75	on	peaks,mountain_ranges,islands,lakes,cities	1600	1000	120000	java -jar headless/build/libs/peaknav-headless-1.1.0.jar --lat 46.82535 --lon -121.7603 --width 1600 --height 1000 --await 120000 --sky on --sky-mode local --constellations on --horizon-compass off --coordinates off --labels "peaks,mountain_ranges,islands,lakes,cities" --download 900000 --shot "0,-2,0.75,snapshots/images/mount-rainier.ring.d3km.az180.level.png"
mount-rainier.ring.d3km.az270.up.png	mount-rainier	ring	46.8523	-121.79971	90	12	0.2	on	peaks,mountain_ranges,islands,lakes,cities	1600	1000	120000	java -jar headless/build/libs/peaknav-headless-1.1.0.jar --lat 46.8523 --lon -121.79971 --width 1600 --height 1000 --await 120000 --sky on --sky-mode local --constellations on --horizon-compass off --coordinates off --labels "peaks,mountain_ranges,islands,lakes,cities" --download 900000 --shot "90,12,0.2,snapshots/images/mount-rainier.ring.d3km.az270.up.png"
mount-rainier.ring.d3km.az270.level.png	mount-rainier	ring	46.8523	-121.79971	90	-2	0.75	on	peaks,mountain_ranges,islands,lakes,cities	1600	1000	120000	java -jar headless/build/libs/peaknav-headless-1.1.0.jar --lat 46.8523 --lon -121.79971 --width 1600 --height 1000 --await 120000 --sky on --sky-mode local --constellations on --horizon-compass off --coordinates off --labels "peaks,mountain_ranges,islands,lakes,cities" --download 900000 --shot "90,-2,0.75,snapshots/images/mount-rainier.ring.d3km.az270.level.png"
mount-rainier.ring.d5km.az0.up.png	mount-rainier	ring	46.89722	-121.7603	180	7	0.2	on	peaks,mountain_ranges,islands,lakes,cities	1600	1000	120000	java -jar headless/build/libs/peaknav-headless-1.1.0.jar --lat 46.89722 --lon -121.7603 --width 1600 --height 1000 --await 120000 --sky on --sky-mode local --constellations on --horizon-compass off --coordinates off --labels "peaks,mountain_ranges,islands,lakes,cities" --download 900000 --shot "180,7,0.2,snapshots/images/mount-rainier.ring.d5km.az0.up.png"
mount-rainier.ring.d5km.az0.level.png	mount-rainier	ring	46.89722	-121.7603	180	-2	0.75	on	peaks,mountain_ranges,islands,lakes,cities	1600	1000	120000	java -jar headless/build/libs/peaknav-headless-1.1.0.jar --lat 46.89722 --lon -121.7603 --width 1600 --height 1000 --await 120000 --sky on --sky-mode local --constellations on --horizon-compass off --coordinates off --labels "peaks,mountain_ranges,islands,lakes,cities" --download 900000 --shot "180,-2,0.75,snapshots/images/mount-rainier.ring.d5km.az0.level.png"
mount-rainier.ring.d5km.az90.up.png	mount-rainier	ring	46.8523	-121.69462	270	7	0.2	on	peaks,mountain_ranges,islands,lakes,cities	1600	1000	120000	java -jar headless/build/libs/peaknav-headless-1.1.0.jar --lat 46.8523 --lon -121.69462 --width 1600 --height 1000 --await 120000 --sky on --sky-mode local --constellations on --horizon-compass off --coordinates off --labels "peaks,mountain_ranges,islands,lakes,cities" --download 900000 --shot "270,7,0.2,snapshots/images/mount-rainier.ring.d5km.az90.up.png"
mount-rainier.ring.d5km.az90.level.png	mount-rainier	ring	46.8523	-121.69462	270	-2	0.75	on	peaks,mountain_ranges,islands,lakes,cities	1600	1000	120000	java -jar headless/build/libs/peaknav-headless-1.1.0.jar --lat 46.8523 --lon -121.69462 --width 1600 --height 1000 --await 120000 --sky on --sky-mode local --constellations on --horizon-compass off --coordinates off --labels "peaks,mountain_ranges,islands,lakes,cities" --download 900000 --shot "270,-2,0.75,snapshots/images/mount-rainier.ring.d5km.az90.level.png"
mount-rainier.ring.d5km.az180.up.png	mount-rainier	ring	46.80738	-121.7603	0	7	0.2	on	peaks,mountain_ranges,islands,lakes,cities	1600	1000	120000	java -jar headless/build/libs/peaknav-headless-1.1.0.jar --lat 46.80738 --lon -121.7603 --width 1600 --height 1000 --await 120000 --sky on --sky-mode local --constellations on --horizon-compass off --coordinates off --labels "peaks,mountain_ranges,islands,lakes,cities" --download 900000 --shot "0,7,0.2,snapshots/images/mount-rainier.ring.d5km.az180.up.png"
mount-rainier.ring.d5km.az180.level.png	mount-rainier	ring	46.80738	-121.7603	0	-2	0.75	on	peaks,mountain_ranges,islands,lakes,cities	1600	1000	120000	java -jar headless/build/libs/peaknav-headless-1.1.0.jar --lat 46.80738 --lon -121.7603 --width 1600 --height 1000 --await 120000 --sky on --sky-mode local --constellations on --horizon-compass off --coordinates off --labels "peaks,mountain_ranges,islands,lakes,cities" --download 900000 --shot "0,-2,0.75,snapshots/images/mount-rainier.ring.d5km.az180.level.png"
mount-rainier.ring.d5km.az270.up.png	mount-rainier	ring	46.8523	-121.82598	90	7	0.2	on	peaks,mountain_ranges,islands,lakes,cities	1600	1000	120000	java -jar headless/build/libs/peaknav-headless-1.1.0.jar --lat 46.8523 --lon -121.82598 --width 1600 --height 1000 --await 120000 --sky on --sky-mode local --constellations on --horizon-compass off --coordinates off --labels "peaks,mountain_ranges,islands,lakes,cities" --download 900000 --shot "90,7,0.2,snapshots/images/mount-rainier.ring.d5km.az270.up.png"
mount-rainier.ring.d5km.az270.level.png	mount-rainier	ring	46.8523	-121.82598	90	-2	0.75	on	peaks,mountain_ranges,islands,lakes,cities	1600	1000	120000	java -jar headless/build/libs/peaknav-headless-1.1.0.jar --lat 46.8523 --lon -121.82598 --width 1600 --height 1000 --await 120000 --sky on --sky-mode local --constellations on --horizon-compass off --coordinates off --labels "peaks,mountain_ranges,islands,lakes,cities" --download 900000 --shot "90,-2,0.75,snapshots/images/mount-rainier.ring.d5km.az270.level.png"
mount-rainier.ring.d10km.az0.up.png	mount-rainier	ring	46.94213	-121.7603	180	4	0.2	on	peaks,mountain_ranges,islands,lakes,cities	1600	1000	120000	java -jar headless/build/libs/peaknav-headless-1.1.0.jar --lat 46.94213 --lon -121.7603 --width 1600 --height 1000 --await 120000 --sky on --sky-mode local --constellations on --horizon-compass off --coordinates off --labels "peaks,mountain_ranges,islands,lakes,cities" --download 900000 --shot "180,4,0.2,snapshots/images/mount-rainier.ring.d10km.az0.up.png"
mount-rainier.ring.d10km.az0.level.png	mount-rainier	ring	46.94213	-121.7603	180	-2	0.75	on	peaks,mountain_ranges,islands,lakes,cities	1600	1000	120000	java -jar headless/build/libs/peaknav-headless-1.1.0.jar --lat 46.94213 --lon -121.7603 --width 1600 --height 1000 --await 120000 --sky on --sky-mode local --constellations on --horizon-compass off --coordinates off --labels "peaks,mountain_ranges,islands,lakes,cities" --download 900000 --shot "180,-2,0.75,snapshots/images/mount-rainier.ring.d10km.az0.level.png"
mount-rainier.ring.d10km.az90.up.png	mount-rainier	ring	46.8523	-121.62895	270	4	0.2	on	peaks,mountain_ranges,islands,lakes,cities	1600	1000	120000	java -jar headless/build/libs/peaknav-headless-1.1.0.jar --lat 46.8523 --lon -121.62895 --width 1600 --height 1000 --await 120000 --sky on --sky-mode local --constellations on --horizon-compass off --coordinates off --labels "peaks,mountain_ranges,islands,lakes,cities" --download 900000 --shot "270,4,0.2,snapshots/images/mount-rainier.ring.d10km.az90.up.png"
mount-rainier.ring.d10km.az90.level.png	mount-rainier	ring	46.8523	-121.62895	270	-2	0.75	on	peaks,mountain_ranges,islands,lakes,cities	1600	1000	120000	java -jar headless/build/libs/peaknav-headless-1.1.0.jar --lat 46.8523 --lon -121.62895 --width 1600 --height 1000 --await 120000 --sky on --sky-mode local --constellations on --horizon-compass off --coordinates off --labels "peaks,mountain_ranges,islands,lakes,cities" --download 900000 --shot "270,-2,0.75,snapshots/images/mount-rainier.ring.d10km.az90.level.png"
mount-rainier.ring.d10km.az180.up.png	mount-rainier	ring	46.76247	-121.7603	0	4	0.2	on	peaks,mountain_ranges,islands,lakes,cities	1600	1000	120000	java -jar headless/build/libs/peaknav-headless-1.1.0.jar --lat 46.76247 --lon -121.7603 --width 1600 --height 1000 --await 120000 --sky on --sky-mode local --constellations on --horizon-compass off --coordinates off --labels "peaks,mountain_ranges,islands,lakes,cities" --download 900000 --shot "0,4,0.2,snapshots/images/mount-rainier.ring.d10km.az180.up.png"
mount-rainier.ring.d10km.az180.level.png	mount-rainier	ring	46.76247	-121.7603	0	-2	0.75	on	peaks,mountain_ranges,islands,lakes,cities	1600	1000	120000	java -jar headless/build/libs/peaknav-headless-1.1.0.jar --lat 46.76247 --lon -121.7603 --width 1600 --height 1000 --await 120000 --sky on --sky-mode local --constellations on --horizon-compass off --coordinates off --labels "peaks,mountain_ranges,islands,lakes,cities" --download 900000 --shot "0,-2,0.75,snapshots/images/mount-rainier.ring.d10km.az180.level.png"
mount-rainier.ring.d10km.az270.up.png	mount-rainier	ring	46.8523	-121.89165	90	4	0.2	on	peaks,mountain_ranges,islands,lakes,cities	1600	1000	120000	java -jar headless/build/libs/peaknav-headless-1.1.0.jar --lat 46.8523 --lon -121.89165 --width 1600 --height 1000 --await 120000 --sky on --sky-mode local --constellations on --horizon-compass off --coordinates off --labels "peaks,mountain_ranges,islands,lakes,cities" --download 900000 --shot "90,4,0.2,snapshots/images/mount-rainier.ring.d10km.az270.up.png"
mount-rainier.ring.d10km.az270.level.png	mount-rainier	ring	46.8523	-121.89165	90	-2	0.75	on	peaks,mountain_ranges,islands,lakes,cities	1600	1000	120000	java -jar headless/build/libs/peaknav-headless-1.1.0.jar --lat 46.8523 --lon -121.89165 --width 1600 --height 1000 --await 120000 --sky on --sky-mode local --constellations on --horizon-compass off --coordinates off --labels "peaks,mountain_ranges,islands,lakes,cities" --download 900000 --shot "90,-2,0.75,snapshots/images/mount-rainier.ring.d10km.az270.level.png"
banff-lake-louise.sky-on.peaks-on.areas-on.b220.std.png	banff-lake-louise	matrix	51.4254	-116.211	220	-2	0.55	on	peaks,mountain_ranges,islands,lakes,cities	1600	1000	120000	java -jar headless/build/libs/peaknav-headless-1.1.0.jar --lat 51.4254 --lon -116.211 --width 1600 --height 1000 --await 120000 --sky on --sky-mode local --constellations on --horizon-compass off --coordinates off --labels "peaks,mountain_ranges,islands,lakes,cities" --download 900000 --shot "220,-2,0.55,snapshots/images/banff-lake-louise.sky-on.peaks-on.areas-on.b220.std.png"
banff-lake-louise.sky-on.peaks-on.areas-on.b220.wide.png	banff-lake-louise	matrix	51.4254	-116.211	220	-8	0.9	on	peaks,mountain_ranges,islands,lakes,cities	1600	1000	120000	java -jar headless/build/libs/peaknav-headless-1.1.0.jar --lat 51.4254 --lon -116.211 --width 1600 --height 1000 --await 120000 --sky on --sky-mode local --constellations on --horizon-compass off --coordinates off --labels "peaks,mountain_ranges,islands,lakes,cities" --download 900000 --shot "220,-8,0.9,snapshots/images/banff-lake-louise.sky-on.peaks-on.areas-on.b220.wide.png"
banff-lake-louise.sky-on.peaks-on.areas-on.b250.std.png	banff-lake-louise	matrix	51.4254	-116.211	250	-2	0.55	on	peaks,mountain_ranges,islands,lakes,cities	1600	1000	120000	java -jar headless/build/libs/peaknav-headless-1.1.0.jar --lat 51.4254 --lon -116.211 --width 1600 --height 1000 --await 120000 --sky on --sky-mode local --constellations on --horizon-compass off --coordinates off --labels "peaks,mountain_ranges,islands,lakes,cities" --download 900000 --shot "250,-2,0.55,snapshots/images/banff-lake-louise.sky-on.peaks-on.areas-on.b250.std.png"
banff-lake-louise.sky-on.peaks-on.areas-on.b250.wide.png	banff-lake-louise	matrix	51.4254	-116.211	250	-8	0.9	on	peaks,mountain_ranges,islands,lakes,cities	1600	1000	120000	java -jar headless/build/libs/peaknav-headless-1.1.0.jar --lat 51.4254 --lon -116.211 --width 1600 --height 1000 --await 120000 --sky on --sky-mode local --constellations on --horizon-compass off --coordinates off --labels "peaks,mountain_ranges,islands,lakes,cities" --download 900000 --shot "250,-8,0.9,snapshots/images/banff-lake-louise.sky-on.peaks-on.areas-on.b250.wide.png"
banff-lake-louise.sky-on.peaks-on.areas-on.b280.std.png	banff-lake-louise	matrix	51.4254	-116.211	280	-2	0.55	on	peaks,mountain_ranges,islands,lakes,cities	1600	1000	120000	java -jar headless/build/libs/peaknav-headless-1.1.0.jar --lat 51.4254 --lon -116.211 --width 1600 --height 1000 --await 120000 --sky on --sky-mode local --constellations on --horizon-compass off --coordinates off --labels "peaks,mountain_ranges,islands,lakes,cities" --download 900000 --shot "280,-2,0.55,snapshots/images/banff-lake-louise.sky-on.peaks-on.areas-on.b280.std.png"
banff-lake-louise.sky-on.peaks-on.areas-on.b280.wide.png	banff-lake-louise	matrix	51.4254	-116.211	280	-8	0.9	on	peaks,mountain_ranges,islands,lakes,cities	1600	1000	120000	java -jar headless/build/libs/peaknav-headless-1.1.0.jar --lat 51.4254 --lon -116.211 --width 1600 --height 1000 --await 120000 --sky on --sky-mode local --constellations on --horizon-compass off --coordinates off --labels "peaks,mountain_ranges,islands,lakes,cities" --download 900000 --shot "280,-8,0.9,snapshots/images/banff-lake-louise.sky-on.peaks-on.areas-on.b280.wide.png"
banff-lake-louise.sky-on.peaks-on.areas-off.b220.std.png	banff-lake-louise	matrix	51.4254	-116.211	220	-2	0.55	on	peaks	1600	1000	120000	java -jar headless/build/libs/peaknav-headless-1.1.0.jar --lat 51.4254 --lon -116.211 --width 1600 --height 1000 --await 120000 --sky on --sky-mode local --constellations on --horizon-compass off --coordinates off --labels "peaks" --download 900000 --shot "220,-2,0.55,snapshots/images/banff-lake-louise.sky-on.peaks-on.areas-off.b220.std.png"
banff-lake-louise.sky-on.peaks-on.areas-off.b220.wide.png	banff-lake-louise	matrix	51.4254	-116.211	220	-8	0.9	on	peaks	1600	1000	120000	java -jar headless/build/libs/peaknav-headless-1.1.0.jar --lat 51.4254 --lon -116.211 --width 1600 --height 1000 --await 120000 --sky on --sky-mode local --constellations on --horizon-compass off --coordinates off --labels "peaks" --download 900000 --shot "220,-8,0.9,snapshots/images/banff-lake-louise.sky-on.peaks-on.areas-off.b220.wide.png"
banff-lake-louise.sky-on.peaks-on.areas-off.b250.std.png	banff-lake-louise	matrix	51.4254	-116.211	250	-2	0.55	on	peaks	1600	1000	120000	java -jar headless/build/libs/peaknav-headless-1.1.0.jar --lat 51.4254 --lon -116.211 --width 1600 --height 1000 --await 120000 --sky on --sky-mode local --constellations on --horizon-compass off --coordinates off --labels "peaks" --download 900000 --shot "250,-2,0.55,snapshots/images/banff-lake-louise.sky-on.peaks-on.areas-off.b250.std.png"
banff-lake-louise.sky-on.peaks-on.areas-off.b250.wide.png	banff-lake-louise	matrix	51.4254	-116.211	250	-8	0.9	on	peaks	1600	1000	120000	java -jar headless/build/libs/peaknav-headless-1.1.0.jar --lat 51.4254 --lon -116.211 --width 1600 --height 1000 --await 120000 --sky on --sky-mode local --constellations on --horizon-compass off --coordinates off --labels "peaks" --download 900000 --shot "250,-8,0.9,snapshots/images/banff-lake-louise.sky-on.peaks-on.areas-off.b250.wide.png"
banff-lake-louise.sky-on.peaks-on.areas-off.b280.std.png	banff-lake-louise	matrix	51.4254	-116.211	280	-2	0.55	on	peaks	1600	1000	120000	java -jar headless/build/libs/peaknav-headless-1.1.0.jar --lat 51.4254 --lon -116.211 --width 1600 --height 1000 --await 120000 --sky on --sky-mode local --constellations on --horizon-compass off --coordinates off --labels "peaks" --download 900000 --shot "280,-2,0.55,snapshots/images/banff-lake-louise.sky-on.peaks-on.areas-off.b280.std.png"
banff-lake-louise.sky-on.peaks-on.areas-off.b280.wide.png	banff-lake-louise	matrix	51.4254	-116.211	280	-8	0.9	on	peaks	1600	1000	120000	java -jar headless/build/libs/peaknav-headless-1.1.0.jar --lat 51.4254 --lon -116.211 --width 1600 --height 1000 --await 120000 --sky on --sky-mode local --constellations on --horizon-compass off --coordinates off --labels "peaks" --download 900000 --shot "280,-8,0.9,snapshots/images/banff-lake-louise.sky-on.peaks-on.areas-off.b280.wide.png"
banff-lake-louise.sky-on.peaks-off.areas-on.b220.std.png	banff-lake-louise	matrix	51.4254	-116.211	220	-2	0.55	on	mountain_ranges,islands,lakes,cities	1600	1000	120000	java -jar headless/build/libs/peaknav-headless-1.1.0.jar --lat 51.4254 --lon -116.211 --width 1600 --height 1000 --await 120000 --sky on --sky-mode local --constellations on --horizon-compass off --coordinates off --labels "mountain_ranges,islands,lakes,cities" --download 900000 --shot "220,-2,0.55,snapshots/images/banff-lake-louise.sky-on.peaks-off.areas-on.b220.std.png"
banff-lake-louise.sky-on.peaks-off.areas-on.b220.wide.png	banff-lake-louise	matrix	51.4254	-116.211	220	-8	0.9	on	mountain_ranges,islands,lakes,cities	1600	1000	120000	java -jar headless/build/libs/peaknav-headless-1.1.0.jar --lat 51.4254 --lon -116.211 --width 1600 --height 1000 --await 120000 --sky on --sky-mode local --constellations on --horizon-compass off --coordinates off --labels "mountain_ranges,islands,lakes,cities" --download 900000 --shot "220,-8,0.9,snapshots/images/banff-lake-louise.sky-on.peaks-off.areas-on.b220.wide.png"
banff-lake-louise.sky-on.peaks-off.areas-on.b250.std.png	banff-lake-louise	matrix	51.4254	-116.211	250	-2	0.55	on	mountain_ranges,islands,lakes,cities	1600	1000	120000	java -jar headless/build/libs/peaknav-headless-1.1.0.jar --lat 51.4254 --lon -116.211 --width 1600 --height 1000 --await 120000 --sky on --sky-mode local --constellations on --horizon-compass off --coordinates off --labels "mountain_ranges,islands,lakes,cities" --download 900000 --shot "250,-2,0.55,snapshots/images/banff-lake-louise.sky-on.peaks-off.areas-on.b250.std.png"
banff-lake-louise.sky-on.peaks-off.areas-on.b250.wide.png	banff-lake-louise	matrix	51.4254	-116.211	250	-8	0.9	on	mountain_ranges,islands,lakes,cities	1600	1000	120000	java -jar headless/build/libs/peaknav-headless-1.1.0.jar --lat 51.4254 --lon -116.211 --width 1600 --height 1000 --await 120000 --sky on --sky-mode local --constellations on --horizon-compass off --coordinates off --labels "mountain_ranges,islands,lakes,cities" --download 900000 --shot "250,-8,0.9,snapshots/images/banff-lake-louise.sky-on.peaks-off.areas-on.b250.wide.png"
banff-lake-louise.sky-on.peaks-off.areas-on.b280.std.png	banff-lake-louise	matrix	51.4254	-116.211	280	-2	0.55	on	mountain_ranges,islands,lakes,cities	1600	1000	120000	java -jar headless/build/libs/peaknav-headless-1.1.0.jar --lat 51.4254 --lon -116.211 --width 1600 --height 1000 --await 120000 --sky on --sky-mode local --constellations on --horizon-compass off --coordinates off --labels "mountain_ranges,islands,lakes,cities" --download 900000 --shot "280,-2,0.55,snapshots/images/banff-lake-louise.sky-on.peaks-off.areas-on.b280.std.png"
banff-lake-louise.sky-on.peaks-off.areas-on.b280.wide.png	banff-lake-louise	matrix	51.4254	-116.211	280	-8	0.9	on	mountain_ranges,islands,lakes,cities	1600	1000	120000	java -jar headless/build/libs/peaknav-headless-1.1.0.jar --lat 51.4254 --lon -116.211 --width 1600 --height 1000 --await 120000 --sky on --sky-mode local --constellations on --horizon-compass off --coordinates off --labels "mountain_ranges,islands,lakes,cities" --download 900000 --shot "280,-8,0.9,snapshots/images/banff-lake-louise.sky-on.peaks-off.areas-on.b280.wide.png"
banff-lake-louise.sky-on.peaks-off.areas-off.b220.std.png	banff-lake-louise	matrix	51.4254	-116.211	220	-2	0.55	on	(none)	1600	1000	120000	java -jar headless/build/libs/peaknav-headless-1.1.0.jar --lat 51.4254 --lon -116.211 --width 1600 --height 1000 --await 120000 --sky on --sky-mode local --constellations on --horizon-compass off --coordinates off --labels "" --download 900000 --shot "220,-2,0.55,snapshots/images/banff-lake-louise.sky-on.peaks-off.areas-off.b220.std.png"
banff-lake-louise.sky-on.peaks-off.areas-off.b220.wide.png	banff-lake-louise	matrix	51.4254	-116.211	220	-8	0.9	on	(none)	1600	1000	120000	java -jar headless/build/libs/peaknav-headless-1.1.0.jar --lat 51.4254 --lon -116.211 --width 1600 --height 1000 --await 120000 --sky on --sky-mode local --constellations on --horizon-compass off --coordinates off --labels "" --download 900000 --shot "220,-8,0.9,snapshots/images/banff-lake-louise.sky-on.peaks-off.areas-off.b220.wide.png"
banff-lake-louise.sky-on.peaks-off.areas-off.b250.std.png	banff-lake-louise	matrix	51.4254	-116.211	250	-2	0.55	on	(none)	1600	1000	120000	java -jar headless/build/libs/peaknav-headless-1.1.0.jar --lat 51.4254 --lon -116.211 --width 1600 --height 1000 --await 120000 --sky on --sky-mode local --constellations on --horizon-compass off --coordinates off --labels "" --download 900000 --shot "250,-2,0.55,snapshots/images/banff-lake-louise.sky-on.peaks-off.areas-off.b250.std.png"
banff-lake-louise.sky-on.peaks-off.areas-off.b250.wide.png	banff-lake-louise	matrix	51.4254	-116.211	250	-8	0.9	on	(none)	1600	1000	120000	java -jar headless/build/libs/peaknav-headless-1.1.0.jar --lat 51.4254 --lon -116.211 --width 1600 --height 1000 --await 120000 --sky on --sky-mode local --constellations on --horizon-compass off --coordinates off --labels "" --download 900000 --shot "250,-8,0.9,snapshots/images/banff-lake-louise.sky-on.peaks-off.areas-off.b250.wide.png"
banff-lake-louise.sky-on.peaks-off.areas-off.b280.std.png	banff-lake-louise	matrix	51.4254	-116.211	280	-2	0.55	on	(none)	1600	1000	120000	java -jar headless/build/libs/peaknav-headless-1.1.0.jar --lat 51.4254 --lon -116.211 --width 1600 --height 1000 --await 120000 --sky on --sky-mode local --constellations on --horizon-compass off --coordinates off --labels "" --download 900000 --shot "280,-2,0.55,snapshots/images/banff-lake-louise.sky-on.peaks-off.areas-off.b280.std.png"
banff-lake-louise.sky-on.peaks-off.areas-off.b280.wide.png	banff-lake-louise	matrix	51.4254	-116.211	280	-8	0.9	on	(none)	1600	1000	120000	java -jar headless/build/libs/peaknav-headless-1.1.0.jar --lat 51.4254 --lon -116.211 --width 1600 --height 1000 --await 120000 --sky on --sky-mode local --constellations on --horizon-compass off --coordinates off --labels "" --download 900000 --shot "280,-8,0.9,snapshots/images/banff-lake-louise.sky-on.peaks-off.areas-off.b280.wide.png"
banff-lake-louise.sky-off.peaks-on.areas-on.b220.std.png	banff-lake-louise	matrix	51.4254	-116.211	220	-2	0.55	off	peaks,mountain_ranges,islands,lakes,cities	1600	1000	120000	java -jar headless/build/libs/peaknav-headless-1.1.0.jar --lat 51.4254 --lon -116.211 --width 1600 --height 1000 --await 120000 --sky off --sky-mode local --constellations on --horizon-compass off --coordinates off --labels "peaks,mountain_ranges,islands,lakes,cities" --download 900000 --shot "220,-2,0.55,snapshots/images/banff-lake-louise.sky-off.peaks-on.areas-on.b220.std.png"
banff-lake-louise.sky-off.peaks-on.areas-on.b220.wide.png	banff-lake-louise	matrix	51.4254	-116.211	220	-8	0.9	off	peaks,mountain_ranges,islands,lakes,cities	1600	1000	120000	java -jar headless/build/libs/peaknav-headless-1.1.0.jar --lat 51.4254 --lon -116.211 --width 1600 --height 1000 --await 120000 --sky off --sky-mode local --constellations on --horizon-compass off --coordinates off --labels "peaks,mountain_ranges,islands,lakes,cities" --download 900000 --shot "220,-8,0.9,snapshots/images/banff-lake-louise.sky-off.peaks-on.areas-on.b220.wide.png"
banff-lake-louise.sky-off.peaks-on.areas-on.b250.std.png	banff-lake-louise	matrix	51.4254	-116.211	250	-2	0.55	off	peaks,mountain_ranges,islands,lakes,cities	1600	1000	120000	java -jar headless/build/libs/peaknav-headless-1.1.0.jar --lat 51.4254 --lon -116.211 --width 1600 --height 1000 --await 120000 --sky off --sky-mode local --constellations on --horizon-compass off --coordinates off --labels "peaks,mountain_ranges,islands,lakes,cities" --download 900000 --shot "250,-2,0.55,snapshots/images/banff-lake-louise.sky-off.peaks-on.areas-on.b250.std.png"
banff-lake-louise.sky-off.peaks-on.areas-on.b250.wide.png	banff-lake-louise	matrix	51.4254	-116.211	250	-8	0.9	off	peaks,mountain_ranges,islands,lakes,cities	1600	1000	120000	java -jar headless/build/libs/peaknav-headless-1.1.0.jar --lat 51.4254 --lon -116.211 --width 1600 --height 1000 --await 120000 --sky off --sky-mode local --constellations on --horizon-compass off --coordinates off --labels "peaks,mountain_ranges,islands,lakes,cities" --download 900000 --shot "250,-8,0.9,snapshots/images/banff-lake-louise.sky-off.peaks-on.areas-on.b250.wide.png"
banff-lake-louise.sky-off.peaks-on.areas-on.b280.std.png	banff-lake-louise	matrix	51.4254	-116.211	280	-2	0.55	off	peaks,mountain_ranges,islands,lakes,cities	1600	1000	120000	java -jar headless/build/libs/peaknav-headless-1.1.0.jar --lat 51.4254 --lon -116.211 --width 1600 --height 1000 --await 120000 --sky off --sky-mode local --constellations on --horizon-compass off --coordinates off --labels "peaks,mountain_ranges,islands,lakes,cities" --download 900000 --shot "280,-2,0.55,snapshots/images/banff-lake-louise.sky-off.peaks-on.areas-on.b280.std.png"
banff-lake-louise.sky-off.peaks-on.areas-on.b280.wide.png	banff-lake-louise	matrix	51.4254	-116.211	280	-8	0.9	off	peaks,mountain_ranges,islands,lakes,cities	1600	1000	120000	java -jar headless/build/libs/peaknav-headless-1.1.0.jar --lat 51.4254 --lon -116.211 --width 1600 --height 1000 --await 120000 --sky off --sky-mode local --constellations on --horizon-compass off --coordinates off --labels "peaks,mountain_ranges,islands,lakes,cities" --download 900000 --shot "280,-8,0.9,snapshots/images/banff-lake-louise.sky-off.peaks-on.areas-on.b280.wide.png"
banff-lake-louise.sky-off.peaks-on.areas-off.b220.std.png	banff-lake-louise	matrix	51.4254	-116.211	220	-2	0.55	off	peaks	1600	1000	120000	java -jar headless/build/libs/peaknav-headless-1.1.0.jar --lat 51.4254 --lon -116.211 --width 1600 --height 1000 --await 120000 --sky off --sky-mode local --constellations on --horizon-compass off --coordinates off --labels "peaks" --download 900000 --shot "220,-2,0.55,snapshots/images/banff-lake-louise.sky-off.peaks-on.areas-off.b220.std.png"
banff-lake-louise.sky-off.peaks-on.areas-off.b220.wide.png	banff-lake-louise	matrix	51.4254	-116.211	220	-8	0.9	off	peaks	1600	1000	120000	java -jar headless/build/libs/peaknav-headless-1.1.0.jar --lat 51.4254 --lon -116.211 --width 1600 --height 1000 --await 120000 --sky off --sky-mode local --constellations on --horizon-compass off --coordinates off --labels "peaks" --download 900000 --shot "220,-8,0.9,snapshots/images/banff-lake-louise.sky-off.peaks-on.areas-off.b220.wide.png"
banff-lake-louise.sky-off.peaks-on.areas-off.b250.std.png	banff-lake-louise	matrix	51.4254	-116.211	250	-2	0.55	off	peaks	1600	1000	120000	java -jar headless/build/libs/peaknav-headless-1.1.0.jar --lat 51.4254 --lon -116.211 --width 1600 --height 1000 --await 120000 --sky off --sky-mode local --constellations on --horizon-compass off --coordinates off --labels "peaks" --download 900000 --shot "250,-2,0.55,snapshots/images/banff-lake-louise.sky-off.peaks-on.areas-off.b250.std.png"
banff-lake-louise.sky-off.peaks-on.areas-off.b250.wide.png	banff-lake-louise	matrix	51.4254	-116.211	250	-8	0.9	off	peaks	1600	1000	120000	java -jar headless/build/libs/peaknav-headless-1.1.0.jar --lat 51.4254 --lon -116.211 --width 1600 --height 1000 --await 120000 --sky off --sky-mode local --constellations on --horizon-compass off --coordinates off --labels "peaks" --download 900000 --shot "250,-8,0.9,snapshots/images/banff-lake-louise.sky-off.peaks-on.areas-off.b250.wide.png"
banff-lake-louise.sky-off.peaks-on.areas-off.b280.std.png	banff-lake-louise	matrix	51.4254	-116.211	280	-2	0.55	off	peaks	1600	1000	120000	java -jar headless/build/libs/peaknav-headless-1.1.0.jar --lat 51.4254 --lon -116.211 --width 1600 --height 1000 --await 120000 --sky off --sky-mode local --constellations on --horizon-compass off --coordinates off --labels "peaks" --download 900000 --shot "280,-2,0.55,snapshots/images/banff-lake-louise.sky-off.peaks-on.areas-off.b280.std.png"
banff-lake-louise.sky-off.peaks-on.areas-off.b280.wide.png	banff-lake-louise	matrix	51.4254	-116.211	280	-8	0.9	off	peaks	1600	1000	120000	java -jar headless/build/libs/peaknav-headless-1.1.0.jar --lat 51.4254 --lon -116.211 --width 1600 --height 1000 --await 120000 --sky off --sky-mode local --constellations on --horizon-compass off --coordinates off --labels "peaks" --download 900000 --shot "280,-8,0.9,snapshots/images/banff-lake-louise.sky-off.peaks-on.areas-off.b280.wide.png"
banff-lake-louise.sky-off.peaks-off.areas-on.b220.std.png	banff-lake-louise	matrix	51.4254	-116.211	220	-2	0.55	off	mountain_ranges,islands,lakes,cities	1600	1000	120000	java -jar headless/build/libs/peaknav-headless-1.1.0.jar --lat 51.4254 --lon -116.211 --width 1600 --height 1000 --await 120000 --sky off --sky-mode local --constellations on --horizon-compass off --coordinates off --labels "mountain_ranges,islands,lakes,cities" --download 900000 --shot "220,-2,0.55,snapshots/images/banff-lake-louise.sky-off.peaks-off.areas-on.b220.std.png"
banff-lake-louise.sky-off.peaks-off.areas-on.b220.wide.png	banff-lake-louise	matrix	51.4254	-116.211	220	-8	0.9	off	mountain_ranges,islands,lakes,cities	1600	1000	120000	java -jar headless/build/libs/peaknav-headless-1.1.0.jar --lat 51.4254 --lon -116.211 --width 1600 --height 1000 --await 120000 --sky off --sky-mode local --constellations on --horizon-compass off --coordinates off --labels "mountain_ranges,islands,lakes,cities" --download 900000 --shot "220,-8,0.9,snapshots/images/banff-lake-louise.sky-off.peaks-off.areas-on.b220.wide.png"
banff-lake-louise.sky-off.peaks-off.areas-on.b250.std.png	banff-lake-louise	matrix	51.4254	-116.211	250	-2	0.55	off	mountain_ranges,islands,lakes,cities	1600	1000	120000	java -jar headless/build/libs/peaknav-headless-1.1.0.jar --lat 51.4254 --lon -116.211 --width 1600 --height 1000 --await 120000 --sky off --sky-mode local --constellations on --horizon-compass off --coordinates off --labels "mountain_ranges,islands,lakes,cities" --download 900000 --shot "250,-2,0.55,snapshots/images/banff-lake-louise.sky-off.peaks-off.areas-on.b250.std.png"
banff-lake-louise.sky-off.peaks-off.areas-on.b250.wide.png	banff-lake-louise	matrix	51.4254	-116.211	250	-8	0.9	off	mountain_ranges,islands,lakes,cities	1600	1000	120000	java -jar headless/build/libs/peaknav-headless-1.1.0.jar --lat 51.4254 --lon -116.211 --width 1600 --height 1000 --await 120000 --sky off --sky-mode local --constellations on --horizon-compass off --coordinates off --labels "mountain_ranges,islands,lakes,cities" --download 900000 --shot "250,-8,0.9,snapshots/images/banff-lake-louise.sky-off.peaks-off.areas-on.b250.wide.png"
banff-lake-louise.sky-off.peaks-off.areas-on.b280.std.png	banff-lake-louise	matrix	51.4254	-116.211	280	-2	0.55	off	mountain_ranges,islands,lakes,cities	1600	1000	120000	java -jar headless/build/libs/peaknav-headless-1.1.0.jar --lat 51.4254 --lon -116.211 --width 1600 --height 1000 --await 120000 --sky off --sky-mode local --constellations on --horizon-compass off --coordinates off --labels "mountain_ranges,islands,lakes,cities" --download 900000 --shot "280,-2,0.55,snapshots/images/banff-lake-louise.sky-off.peaks-off.areas-on.b280.std.png"
banff-lake-louise.sky-off.peaks-off.areas-on.b280.wide.png	banff-lake-louise	matrix	51.4254	-116.211	280	-8	0.9	off	mountain_ranges,islands,lakes,cities	1600	1000	120000	java -jar headless/build/libs/peaknav-headless-1.1.0.jar --lat 51.4254 --lon -116.211 --width 1600 --height 1000 --await 120000 --sky off --sky-mode local --constellations on --horizon-compass off --coordinates off --labels "mountain_ranges,islands,lakes,cities" --download 900000 --shot "280,-8,0.9,snapshots/images/banff-lake-louise.sky-off.peaks-off.areas-on.b280.wide.png"
banff-lake-louise.sky-off.peaks-off.areas-off.b220.std.png	banff-lake-louise	matrix	51.4254	-116.211	220	-2	0.55	off	(none)	1600	1000	120000	java -jar headless/build/libs/peaknav-headless-1.1.0.jar --lat 51.4254 --lon -116.211 --width 1600 --height 1000 --await 120000 --sky off --sky-mode local --constellations on --horizon-compass off --coordinates off --labels "" --download 900000 --shot "220,-2,0.55,snapshots/images/banff-lake-louise.sky-off.peaks-off.areas-off.b220.std.png"
banff-lake-louise.sky-off.peaks-off.areas-off.b220.wide.png	banff-lake-louise	matrix	51.4254	-116.211	220	-8	0.9	off	(none)	1600	1000	120000	java -jar headless/build/libs/peaknav-headless-1.1.0.jar --lat 51.4254 --lon -116.211 --width 1600 --height 1000 --await 120000 --sky off --sky-mode local --constellations on --horizon-compass off --coordinates off --labels "" --download 900000 --shot "220,-8,0.9,snapshots/images/banff-lake-louise.sky-off.peaks-off.areas-off.b220.wide.png"
banff-lake-louise.sky-off.peaks-off.areas-off.b250.std.png	banff-lake-louise	matrix	51.4254	-116.211	250	-2	0.55	off	(none)	1600	1000	120000	java -jar headless/build/libs/peaknav-headless-1.1.0.jar --lat 51.4254 --lon -116.211 --width 1600 --height 1000 --await 120000 --sky off --sky-mode local --constellations on --horizon-compass off --coordinates off --labels "" --download 900000 --shot "250,-2,0.55,snapshots/images/banff-lake-louise.sky-off.peaks-off.areas-off.b250.std.png"
banff-lake-louise.sky-off.peaks-off.areas-off.b250.wide.png	banff-lake-louise	matrix	51.4254	-116.211	250	-8	0.9	off	(none)	1600	1000	120000	java -jar headless/build/libs/peaknav-headless-1.1.0.jar --lat 51.4254 --lon -116.211 --width 1600 --height 1000 --await 120000 --sky off --sky-mode local --constellations on --horizon-compass off --coordinates off --labels "" --download 900000 --shot "250,-8,0.9,snapshots/images/banff-lake-louise.sky-off.peaks-off.areas-off.b250.wide.png"
banff-lake-louise.sky-off.peaks-off.areas-off.b280.std.png	banff-lake-louise	matrix	51.4254	-116.211	280	-2	0.55	off	(none)	1600	1000	120000	java -jar headless/build/libs/peaknav-headless-1.1.0.jar --lat 51.4254 --lon -116.211 --width 1600 --height 1000 --await 120000 --sky off --sky-mode local --constellations on --horizon-compass off --coordinates off --labels "" --download 900000 --shot "280,-2,0.55,snapshots/images/banff-lake-louise.sky-off.peaks-off.areas-off.b280.std.png"
banff-lake-louise.sky-off.peaks-off.areas-off.b280.wide.png	banff-lake-louise	matrix	51.4254	-116.211	280	-8	0.9	off	(none)	1600	1000	120000	java -jar headless/build/libs/peaknav-headless-1.1.0.jar --lat 51.4254 --lon -116.211 --width 1600 --height 1000 --await 120000 --sky off --sky-mode local --constellations on --horizon-compass off --coordinates off --labels "" --download 900000 --shot "280,-8,0.9,snapshots/images/banff-lake-louise.sky-off.peaks-off.areas-off.b280.wide.png"
banff-lake-louise.ring.d3km.az0.up.png	banff-lake-louise	ring	51.45235	-116.211	180	12	0.2	on	peaks,mountain_ranges,islands,lakes,cities	1600	1000	120000	java -jar headless/build/libs/peaknav-headless-1.1.0.jar --lat 51.45235 --lon -116.211 --width 1600 --height 1000 --await 120000 --sky on --sky-mode local --constellations on --horizon-compass off --coordinates off --labels "peaks,mountain_ranges,islands,lakes,cities" --download 900000 --shot "180,12,0.2,snapshots/images/banff-lake-louise.ring.d3km.az0.up.png"
banff-lake-louise.ring.d3km.az0.level.png	banff-lake-louise	ring	51.45235	-116.211	180	-2	0.75	on	peaks,mountain_ranges,islands,lakes,cities	1600	1000	120000	java -jar headless/build/libs/peaknav-headless-1.1.0.jar --lat 51.45235 --lon -116.211 --width 1600 --height 1000 --await 120000 --sky on --sky-mode local --constellations on --horizon-compass off --coordinates off --labels "peaks,mountain_ranges,islands,lakes,cities" --download 900000 --shot "180,-2,0.75,snapshots/images/banff-lake-louise.ring.d3km.az0.level.png"
banff-lake-louise.ring.d3km.az90.up.png	banff-lake-louise	ring	51.4254	-116.16778	270	12	0.2	on	peaks,mountain_ranges,islands,lakes,cities	1600	1000	120000	java -jar headless/build/libs/peaknav-headless-1.1.0.jar --lat 51.4254 --lon -116.16778 --width 1600 --height 1000 --await 120000 --sky on --sky-mode local --constellations on --horizon-compass off --coordinates off --labels "peaks,mountain_ranges,islands,lakes,cities" --download 900000 --shot "270,12,0.2,snapshots/images/banff-lake-louise.ring.d3km.az90.up.png"
banff-lake-louise.ring.d3km.az90.level.png	banff-lake-louise	ring	51.4254	-116.16778	270	-2	0.75	on	peaks,mountain_ranges,islands,lakes,cities	1600	1000	120000	java -jar headless/build/libs/peaknav-headless-1.1.0.jar --lat 51.4254 --lon -116.16778 --width 1600 --height 1000 --await 120000 --sky on --sky-mode local --constellations on --horizon-compass off --coordinates off --labels "peaks,mountain_ranges,islands,lakes,cities" --download 900000 --shot "270,-2,0.75,snapshots/images/banff-lake-louise.ring.d3km.az90.level.png"
banff-lake-louise.ring.d3km.az180.up.png	banff-lake-louise	ring	51.39845	-116.211	0	12	0.2	on	peaks,mountain_ranges,islands,lakes,cities	1600	1000	120000	java -jar headless/build/libs/peaknav-headless-1.1.0.jar --lat 51.39845 --lon -116.211 --width 1600 --height 1000 --await 120000 --sky on --sky-mode local --constellations on --horizon-compass off --coordinates off --labels "peaks,mountain_ranges,islands,lakes,cities" --download 900000 --shot "0,12,0.2,snapshots/images/banff-lake-louise.ring.d3km.az180.up.png"
banff-lake-louise.ring.d3km.az180.level.png	banff-lake-louise	ring	51.39845	-116.211	0	-2	0.75	on	peaks,mountain_ranges,islands,lakes,cities	1600	1000	120000	java -jar headless/build/libs/peaknav-headless-1.1.0.jar --lat 51.39845 --lon -116.211 --width 1600 --height 1000 --await 120000 --sky on --sky-mode local --constellations on --horizon-compass off --coordinates off --labels "peaks,mountain_ranges,islands,lakes,cities" --download 900000 --shot "0,-2,0.75,snapshots/images/banff-lake-louise.ring.d3km.az180.level.png"
banff-lake-louise.ring.d3km.az270.up.png	banff-lake-louise	ring	51.4254	-116.25422	90	12	0.2	on	peaks,mountain_ranges,islands,lakes,cities	1600	1000	120000	java -jar headless/build/libs/peaknav-headless-1.1.0.jar --lat 51.4254 --lon -116.25422 --width 1600 --height 1000 --await 120000 --sky on --sky-mode local --constellations on --horizon-compass off --coordinates off --labels "peaks,mountain_ranges,islands,lakes,cities" --download 900000 --shot "90,12,0.2,snapshots/images/banff-lake-louise.ring.d3km.az270.up.png"
banff-lake-louise.ring.d3km.az270.level.png	banff-lake-louise	ring	51.4254	-116.25422	90	-2	0.75	on	peaks,mountain_ranges,islands,lakes,cities	1600	1000	120000	java -jar headless/build/libs/peaknav-headless-1.1.0.jar --lat 51.4254 --lon -116.25422 --width 1600 --height 1000 --await 120000 --sky on --sky-mode local --constellations on --horizon-compass off --coordinates off --labels "peaks,mountain_ranges,islands,lakes,cities" --download 900000 --shot "90,-2,0.75,snapshots/images/banff-lake-louise.ring.d3km.az270.level.png"
banff-lake-louise.ring.d5km.az0.up.png	banff-lake-louise	ring	51.47032	-116.211	180	7	0.2	on	peaks,mountain_ranges,islands,lakes,cities	1600	1000	120000	java -jar headless/build/libs/peaknav-headless-1.1.0.jar --lat 51.47032 --lon -116.211 --width 1600 --height 1000 --await 120000 --sky on --sky-mode local --constellations on --horizon-compass off --coordinates off --labels "peaks,mountain_ranges,islands,lakes,cities" --download 900000 --shot "180,7,0.2,snapshots/images/banff-lake-louise.ring.d5km.az0.up.png"
banff-lake-louise.ring.d5km.az0.level.png	banff-lake-louise	ring	51.47032	-116.211	180	-2	0.75	on	peaks,mountain_ranges,islands,lakes,cities	1600	1000	120000	java -jar headless/build/libs/peaknav-headless-1.1.0.jar --lat 51.47032 --lon -116.211 --width 1600 --height 1000 --await 120000 --sky on --sky-mode local --constellations on --horizon-compass off --coordinates off --labels "peaks,mountain_ranges,islands,lakes,cities" --download 900000 --shot "180,-2,0.75,snapshots/images/banff-lake-louise.ring.d5km.az0.level.png"
banff-lake-louise.ring.d5km.az90.up.png	banff-lake-louise	ring	51.4254	-116.13897	270	7	0.2	on	peaks,mountain_ranges,islands,lakes,cities	1600	1000	120000	java -jar headless/build/libs/peaknav-headless-1.1.0.jar --lat 51.4254 --lon -116.13897 --width 1600 --height 1000 --await 120000 --sky on --sky-mode local --constellations on --horizon-compass off --coordinates off --labels "peaks,mountain_ranges,islands,lakes,cities" --download 900000 --shot "270,7,0.2,snapshots/images/banff-lake-louise.ring.d5km.az90.up.png"
banff-lake-louise.ring.d5km.az90.level.png	banff-lake-louise	ring	51.4254	-116.13897	270	-2	0.75	on	peaks,mountain_ranges,islands,lakes,cities	1600	1000	120000	java -jar headless/build/libs/peaknav-headless-1.1.0.jar --lat 51.4254 --lon -116.13897 --width 1600 --height 1000 --await 120000 --sky on --sky-mode local --constellations on --horizon-compass off --coordinates off --labels "peaks,mountain_ranges,islands,lakes,cities" --download 900000 --shot "270,-2,0.75,snapshots/images/banff-lake-louise.ring.d5km.az90.level.png"
banff-lake-louise.ring.d5km.az180.up.png	banff-lake-louise	ring	51.38048	-116.211	0	7	0.2	on	peaks,mountain_ranges,islands,lakes,cities	1600	1000	120000	java -jar headless/build/libs/peaknav-headless-1.1.0.jar --lat 51.38048 --lon -116.211 --width 1600 --height 1000 --await 120000 --sky on --sky-mode local --constellations on --horizon-compass off --coordinates off --labels "peaks,mountain_ranges,islands,lakes,cities" --download 900000 --shot "0,7,0.2,snapshots/images/banff-lake-louise.ring.d5km.az180.up.png"
banff-lake-louise.ring.d5km.az180.level.png	banff-lake-louise	ring	51.38048	-116.211	0	-2	0.75	on	peaks,mountain_ranges,islands,lakes,cities	1600	1000	120000	java -jar headless/build/libs/peaknav-headless-1.1.0.jar --lat 51.38048 --lon -116.211 --width 1600 --height 1000 --await 120000 --sky on --sky-mode local --constellations on --horizon-compass off --coordinates off --labels "peaks,mountain_ranges,islands,lakes,cities" --download 900000 --shot "0,-2,0.75,snapshots/images/banff-lake-louise.ring.d5km.az180.level.png"
banff-lake-louise.ring.d5km.az270.up.png	banff-lake-louise	ring	51.4254	-116.28303	90	7	0.2	on	peaks,mountain_ranges,islands,lakes,cities	1600	1000	120000	java -jar headless/build/libs/peaknav-headless-1.1.0.jar --lat 51.4254 --lon -116.28303 --width 1600 --height 1000 --await 120000 --sky on --sky-mode local --constellations on --horizon-compass off --coordinates off --labels "peaks,mountain_ranges,islands,lakes,cities" --download 900000 --shot "90,7,0.2,snapshots/images/banff-lake-louise.ring.d5km.az270.up.png"
banff-lake-louise.ring.d5km.az270.level.png	banff-lake-louise	ring	51.4254	-116.28303	90	-2	0.75	on	peaks,mountain_ranges,islands,lakes,cities	1600	1000	120000	java -jar headless/build/libs/peaknav-headless-1.1.0.jar --lat 51.4254 --lon -116.28303 --width 1600 --height 1000 --await 120000 --sky on --sky-mode local --constellations on --horizon-compass off --coordinates off --labels "peaks,mountain_ranges,islands,lakes,cities" --download 900000 --shot "90,-2,0.75,snapshots/images/banff-lake-louise.ring.d5km.az270.level.png"
banff-lake-louise.ring.d10km.az0.up.png	banff-lake-louise	ring	51.51523	-116.211	180	4	0.2	on	peaks,mountain_ranges,islands,lakes,cities	1600	1000	120000	java -jar headless/build/libs/peaknav-headless-1.1.0.jar --lat 51.51523 --lon -116.211 --width 1600 --height 1000 --await 120000 --sky on --sky-mode local --constellations on --horizon-compass off --coordinates off --labels "peaks,mountain_ranges,islands,lakes,cities" --download 900000 --shot "180,4,0.2,snapshots/images/banff-lake-louise.ring.d10km.az0.up.png"
banff-lake-louise.ring.d10km.az0.level.png	banff-lake-louise	ring	51.51523	-116.211	180	-2	0.75	on	peaks,mountain_ranges,islands,lakes,cities	1600	1000	120000	java -jar headless/build/libs/peaknav-headless-1.1.0.jar --lat 51.51523 --lon -116.211 --width 1600 --height 1000 --await 120000 --sky on --sky-mode local --constellations on --horizon-compass off --coordinates off --labels "peaks,mountain_ranges,islands,lakes,cities" --download 900000 --shot "180,-2,0.75,snapshots/images/banff-lake-louise.ring.d10km.az0.level.png"
banff-lake-louise.ring.d10km.az90.up.png	banff-lake-louise	ring	51.4254	-116.06693	270	4	0.2	on	peaks,mountain_ranges,islands,lakes,cities	1600	1000	120000	java -jar headless/build/libs/peaknav-headless-1.1.0.jar --lat 51.4254 --lon -116.06693 --width 1600 --height 1000 --await 120000 --sky on --sky-mode local --constellations on --horizon-compass off --coordinates off --labels "peaks,mountain_ranges,islands,lakes,cities" --download 900000 --shot "270,4,0.2,snapshots/images/banff-lake-louise.ring.d10km.az90.up.png"
banff-lake-louise.ring.d10km.az90.level.png	banff-lake-louise	ring	51.4254	-116.06693	270	-2	0.75	on	peaks,mountain_ranges,islands,lakes,cities	1600	1000	120000	java -jar headless/build/libs/peaknav-headless-1.1.0.jar --lat 51.4254 --lon -116.06693 --width 1600 --height 1000 --await 120000 --sky on --sky-mode local --constellations on --horizon-compass off --coordinates off --labels "peaks,mountain_ranges,islands,lakes,cities" --download 900000 --shot "270,-2,0.75,snapshots/images/banff-lake-louise.ring.d10km.az90.level.png"
banff-lake-louise.ring.d10km.az180.up.png	banff-lake-louise	ring	51.33557	-116.211	0	4	0.2	on	peaks,mountain_ranges,islands,lakes,cities	1600	1000	120000	java -jar headless/build/libs/peaknav-headless-1.1.0.jar --lat 51.33557 --lon -116.211 --width 1600 --height 1000 --await 120000 --sky on --sky-mode local --constellations on --horizon-compass off --coordinates off --labels "peaks,mountain_ranges,islands,lakes,cities" --download 900000 --shot "0,4,0.2,snapshots/images/banff-lake-louise.ring.d10km.az180.up.png"
banff-lake-louise.ring.d10km.az180.level.png	banff-lake-louise	ring	51.33557	-116.211	0	-2	0.75	on	peaks,mountain_ranges,islands,lakes,cities	1600	1000	120000	java -jar headless/build/libs/peaknav-headless-1.1.0.jar --lat 51.33557 --lon -116.211 --width 1600 --height 1000 --await 120000 --sky on --sky-mode local --constellations on --horizon-compass off --coordinates off --labels "peaks,mountain_ranges,islands,lakes,cities" --download 900000 --shot "0,-2,0.75,snapshots/images/banff-lake-louise.ring.d10km.az180.level.png"
banff-lake-louise.ring.d10km.az270.up.png	banff-lake-louise	ring	51.4254	-116.35507	90	4	0.2	on	peaks,mountain_ranges,islands,lakes,cities	1600	1000	120000	java -jar headless/build/libs/peaknav-headless-1.1.0.jar --lat 51.4254 --lon -116.35507 --width 1600 --height 1000 --await 120000 --sky on --sky-mode local --constellations on --horizon-compass off --coordinates off --labels "peaks,mountain_ranges,islands,lakes,cities" --download 900000 --shot "90,4,0.2,snapshots/images/banff-lake-louise.ring.d10km.az270.up.png"
banff-lake-louise.ring.d10km.az270.level.png	banff-lake-louise	ring	51.4254	-116.35507	90	-2	0.75	on	peaks,mountain_ranges,islands,lakes,cities	1600	1000	120000	java -jar headless/build/libs/peaknav-headless-1.1.0.jar --lat 51.4254 --lon -116.35507 --width 1600 --height 1000 --await 120000 --sky on --sky-mode local --constellations on --horizon-compass off --coordinates off --labels "peaks,mountain_ranges,islands,lakes,cities" --download 900000 --shot "90,-2,0.75,snapshots/images/banff-lake-louise.ring.d10km.az270.level.png"
aoraki-mount-cook.sky-on.peaks-on.areas-on.b345.std.png	aoraki-mount-cook	matrix	-43.72	170.1	345	-2	0.55	on	peaks,mountain_ranges,islands,lakes,cities	1600	1000	120000	java -jar headless/build/libs/peaknav-headless-1.1.0.jar --lat -43.72 --lon 170.1 --width 1600 --height 1000 --await 120000 --sky on --sky-mode local --constellations on --horizon-compass off --coordinates off --labels "peaks,mountain_ranges,islands,lakes,cities" --download 900000 --shot "345,-2,0.55,snapshots/images/aoraki-mount-cook.sky-on.peaks-on.areas-on.b345.std.png"
aoraki-mount-cook.sky-on.peaks-on.areas-on.b345.wide.png	aoraki-mount-cook	matrix	-43.72	170.1	345	-8	0.9	on	peaks,mountain_ranges,islands,lakes,cities	1600	1000	120000	java -jar headless/build/libs/peaknav-headless-1.1.0.jar --lat -43.72 --lon 170.1 --width 1600 --height 1000 --await 120000 --sky on --sky-mode local --constellations on --horizon-compass off --coordinates off --labels "peaks,mountain_ranges,islands,lakes,cities" --download 900000 --shot "345,-8,0.9,snapshots/images/aoraki-mount-cook.sky-on.peaks-on.areas-on.b345.wide.png"
aoraki-mount-cook.sky-on.peaks-on.areas-on.b15.std.png	aoraki-mount-cook	matrix	-43.72	170.1	15	-2	0.55	on	peaks,mountain_ranges,islands,lakes,cities	1600	1000	120000	java -jar headless/build/libs/peaknav-headless-1.1.0.jar --lat -43.72 --lon 170.1 --width 1600 --height 1000 --await 120000 --sky on --sky-mode local --constellations on --horizon-compass off --coordinates off --labels "peaks,mountain_ranges,islands,lakes,cities" --download 900000 --shot "15,-2,0.55,snapshots/images/aoraki-mount-cook.sky-on.peaks-on.areas-on.b15.std.png"
aoraki-mount-cook.sky-on.peaks-on.areas-on.b15.wide.png	aoraki-mount-cook	matrix	-43.72	170.1	15	-8	0.9	on	peaks,mountain_ranges,islands,lakes,cities	1600	1000	120000	java -jar headless/build/libs/peaknav-headless-1.1.0.jar --lat -43.72 --lon 170.1 --width 1600 --height 1000 --await 120000 --sky on --sky-mode local --constellations on --horizon-compass off --coordinates off --labels "peaks,mountain_ranges,islands,lakes,cities" --download 900000 --shot "15,-8,0.9,snapshots/images/aoraki-mount-cook.sky-on.peaks-on.areas-on.b15.wide.png"
aoraki-mount-cook.sky-on.peaks-on.areas-on.b45.std.png	aoraki-mount-cook	matrix	-43.72	170.1	45	-2	0.55	on	peaks,mountain_ranges,islands,lakes,cities	1600	1000	120000	java -jar headless/build/libs/peaknav-headless-1.1.0.jar --lat -43.72 --lon 170.1 --width 1600 --height 1000 --await 120000 --sky on --sky-mode local --constellations on --horizon-compass off --coordinates off --labels "peaks,mountain_ranges,islands,lakes,cities" --download 900000 --shot "45,-2,0.55,snapshots/images/aoraki-mount-cook.sky-on.peaks-on.areas-on.b45.std.png"
aoraki-mount-cook.sky-on.peaks-on.areas-on.b45.wide.png	aoraki-mount-cook	matrix	-43.72	170.1	45	-8	0.9	on	peaks,mountain_ranges,islands,lakes,cities	1600	1000	120000	java -jar headless/build/libs/peaknav-headless-1.1.0.jar --lat -43.72 --lon 170.1 --width 1600 --height 1000 --await 120000 --sky on --sky-mode local --constellations on --horizon-compass off --coordinates off --labels "peaks,mountain_ranges,islands,lakes,cities" --download 900000 --shot "45,-8,0.9,snapshots/images/aoraki-mount-cook.sky-on.peaks-on.areas-on.b45.wide.png"
aoraki-mount-cook.sky-on.peaks-on.areas-off.b345.std.png	aoraki-mount-cook	matrix	-43.72	170.1	345	-2	0.55	on	peaks	1600	1000	120000	java -jar headless/build/libs/peaknav-headless-1.1.0.jar --lat -43.72 --lon 170.1 --width 1600 --height 1000 --await 120000 --sky on --sky-mode local --constellations on --horizon-compass off --coordinates off --labels "peaks" --download 900000 --shot "345,-2,0.55,snapshots/images/aoraki-mount-cook.sky-on.peaks-on.areas-off.b345.std.png"
aoraki-mount-cook.sky-on.peaks-on.areas-off.b345.wide.png	aoraki-mount-cook	matrix	-43.72	170.1	345	-8	0.9	on	peaks	1600	1000	120000	java -jar headless/build/libs/peaknav-headless-1.1.0.jar --lat -43.72 --lon 170.1 --width 1600 --height 1000 --await 120000 --sky on --sky-mode local --constellations on --horizon-compass off --coordinates off --labels "peaks" --download 900000 --shot "345,-8,0.9,snapshots/images/aoraki-mount-cook.sky-on.peaks-on.areas-off.b345.wide.png"
aoraki-mount-cook.sky-on.peaks-on.areas-off.b15.std.png	aoraki-mount-cook	matrix	-43.72	170.1	15	-2	0.55	on	peaks	1600	1000	120000	java -jar headless/build/libs/peaknav-headless-1.1.0.jar --lat -43.72 --lon 170.1 --width 1600 --height 1000 --await 120000 --sky on --sky-mode local --constellations on --horizon-compass off --coordinates off --labels "peaks" --download 900000 --shot "15,-2,0.55,snapshots/images/aoraki-mount-cook.sky-on.peaks-on.areas-off.b15.std.png"
aoraki-mount-cook.sky-on.peaks-on.areas-off.b15.wide.png	aoraki-mount-cook	matrix	-43.72	170.1	15	-8	0.9	on	peaks	1600	1000	120000	java -jar headless/build/libs/peaknav-headless-1.1.0.jar --lat -43.72 --lon 170.1 --width 1600 --height 1000 --await 120000 --sky on --sky-mode local --constellations on --horizon-compass off --coordinates off --labels "peaks" --download 900000 --shot "15,-8,0.9,snapshots/images/aoraki-mount-cook.sky-on.peaks-on.areas-off.b15.wide.png"
aoraki-mount-cook.sky-on.peaks-on.areas-off.b45.std.png	aoraki-mount-cook	matrix	-43.72	170.1	45	-2	0.55	on	peaks	1600	1000	120000	java -jar headless/build/libs/peaknav-headless-1.1.0.jar --lat -43.72 --lon 170.1 --width 1600 --height 1000 --await 120000 --sky on --sky-mode local --constellations on --horizon-compass off --coordinates off --labels "peaks" --download 900000 --shot "45,-2,0.55,snapshots/images/aoraki-mount-cook.sky-on.peaks-on.areas-off.b45.std.png"
aoraki-mount-cook.sky-on.peaks-on.areas-off.b45.wide.png	aoraki-mount-cook	matrix	-43.72	170.1	45	-8	0.9	on	peaks	1600	1000	120000	java -jar headless/build/libs/peaknav-headless-1.1.0.jar --lat -43.72 --lon 170.1 --width 1600 --height 1000 --await 120000 --sky on --sky-mode local --constellations on --horizon-compass off --coordinates off --labels "peaks" --download 900000 --shot "45,-8,0.9,snapshots/images/aoraki-mount-cook.sky-on.peaks-on.areas-off.b45.wide.png"
aoraki-mount-cook.sky-on.peaks-off.areas-on.b345.std.png	aoraki-mount-cook	matrix	-43.72	170.1	345	-2	0.55	on	mountain_ranges,islands,lakes,cities	1600	1000	120000	java -jar headless/build/libs/peaknav-headless-1.1.0.jar --lat -43.72 --lon 170.1 --width 1600 --height 1000 --await 120000 --sky on --sky-mode local --constellations on --horizon-compass off --coordinates off --labels "mountain_ranges,islands,lakes,cities" --download 900000 --shot "345,-2,0.55,snapshots/images/aoraki-mount-cook.sky-on.peaks-off.areas-on.b345.std.png"
aoraki-mount-cook.sky-on.peaks-off.areas-on.b345.wide.png	aoraki-mount-cook	matrix	-43.72	170.1	345	-8	0.9	on	mountain_ranges,islands,lakes,cities	1600	1000	120000	java -jar headless/build/libs/peaknav-headless-1.1.0.jar --lat -43.72 --lon 170.1 --width 1600 --height 1000 --await 120000 --sky on --sky-mode local --constellations on --horizon-compass off --coordinates off --labels "mountain_ranges,islands,lakes,cities" --download 900000 --shot "345,-8,0.9,snapshots/images/aoraki-mount-cook.sky-on.peaks-off.areas-on.b345.wide.png"
aoraki-mount-cook.sky-on.peaks-off.areas-on.b15.std.png	aoraki-mount-cook	matrix	-43.72	170.1	15	-2	0.55	on	mountain_ranges,islands,lakes,cities	1600	1000	120000	java -jar headless/build/libs/peaknav-headless-1.1.0.jar --lat -43.72 --lon 170.1 --width 1600 --height 1000 --await 120000 --sky on --sky-mode local --constellations on --horizon-compass off --coordinates off --labels "mountain_ranges,islands,lakes,cities" --download 900000 --shot "15,-2,0.55,snapshots/images/aoraki-mount-cook.sky-on.peaks-off.areas-on.b15.std.png"
aoraki-mount-cook.sky-on.peaks-off.areas-on.b15.wide.png	aoraki-mount-cook	matrix	-43.72	170.1	15	-8	0.9	on	mountain_ranges,islands,lakes,cities	1600	1000	120000	java -jar headless/build/libs/peaknav-headless-1.1.0.jar --lat -43.72 --lon 170.1 --width 1600 --height 1000 --await 120000 --sky on --sky-mode local --constellations on --horizon-compass off --coordinates off --labels "mountain_ranges,islands,lakes,cities" --download 900000 --shot "15,-8,0.9,snapshots/images/aoraki-mount-cook.sky-on.peaks-off.areas-on.b15.wide.png"
aoraki-mount-cook.sky-on.peaks-off.areas-on.b45.std.png	aoraki-mount-cook	matrix	-43.72	170.1	45	-2	0.55	on	mountain_ranges,islands,lakes,cities	1600	1000	120000	java -jar headless/build/libs/peaknav-headless-1.1.0.jar --lat -43.72 --lon 170.1 --width 1600 --height 1000 --await 120000 --sky on --sky-mode local --constellations on --horizon-compass off --coordinates off --labels "mountain_ranges,islands,lakes,cities" --download 900000 --shot "45,-2,0.55,snapshots/images/aoraki-mount-cook.sky-on.peaks-off.areas-on.b45.std.png"
aoraki-mount-cook.sky-on.peaks-off.areas-on.b45.wide.png	aoraki-mount-cook	matrix	-43.72	170.1	45	-8	0.9	on	mountain_ranges,islands,lakes,cities	1600	1000	120000	java -jar headless/build/libs/peaknav-headless-1.1.0.jar --lat -43.72 --lon 170.1 --width 1600 --height 1000 --await 120000 --sky on --sky-mode local --constellations on --horizon-compass off --coordinates off --labels "mountain_ranges,islands,lakes,cities" --download 900000 --shot "45,-8,0.9,snapshots/images/aoraki-mount-cook.sky-on.peaks-off.areas-on.b45.wide.png"
aoraki-mount-cook.sky-on.peaks-off.areas-off.b345.std.png	aoraki-mount-cook	matrix	-43.72	170.1	345	-2	0.55	on	(none)	1600	1000	120000	java -jar headless/build/libs/peaknav-headless-1.1.0.jar --lat -43.72 --lon 170.1 --width 1600 --height 1000 --await 120000 --sky on --sky-mode local --constellations on --horizon-compass off --coordinates off --labels "" --download 900000 --shot "345,-2,0.55,snapshots/images/aoraki-mount-cook.sky-on.peaks-off.areas-off.b345.std.png"
aoraki-mount-cook.sky-on.peaks-off.areas-off.b345.wide.png	aoraki-mount-cook	matrix	-43.72	170.1	345	-8	0.9	on	(none)	1600	1000	120000	java -jar headless/build/libs/peaknav-headless-1.1.0.jar --lat -43.72 --lon 170.1 --width 1600 --height 1000 --await 120000 --sky on --sky-mode local --constellations on --horizon-compass off --coordinates off --labels "" --download 900000 --shot "345,-8,0.9,snapshots/images/aoraki-mount-cook.sky-on.peaks-off.areas-off.b345.wide.png"
aoraki-mount-cook.sky-on.peaks-off.areas-off.b15.std.png	aoraki-mount-cook	matrix	-43.72	170.1	15	-2	0.55	on	(none)	1600	1000	120000	java -jar headless/build/libs/peaknav-headless-1.1.0.jar --lat -43.72 --lon 170.1 --width 1600 --height 1000 --await 120000 --sky on --sky-mode local --constellations on --horizon-compass off --coordinates off --labels "" --download 900000 --shot "15,-2,0.55,snapshots/images/aoraki-mount-cook.sky-on.peaks-off.areas-off.b15.std.png"
aoraki-mount-cook.sky-on.peaks-off.areas-off.b15.wide.png	aoraki-mount-cook	matrix	-43.72	170.1	15	-8	0.9	on	(none)	1600	1000	120000	java -jar headless/build/libs/peaknav-headless-1.1.0.jar --lat -43.72 --lon 170.1 --width 1600 --height 1000 --await 120000 --sky on --sky-mode local --constellations on --horizon-compass off --coordinates off --labels "" --download 900000 --shot "15,-8,0.9,snapshots/images/aoraki-mount-cook.sky-on.peaks-off.areas-off.b15.wide.png"
aoraki-mount-cook.sky-on.peaks-off.areas-off.b45.std.png	aoraki-mount-cook	matrix	-43.72	170.1	45	-2	0.55	on	(none)	1600	1000	120000	java -jar headless/build/libs/peaknav-headless-1.1.0.jar --lat -43.72 --lon 170.1 --width 1600 --height 1000 --await 120000 --sky on --sky-mode local --constellations on --horizon-compass off --coordinates off --labels "" --download 900000 --shot "45,-2,0.55,snapshots/images/aoraki-mount-cook.sky-on.peaks-off.areas-off.b45.std.png"
aoraki-mount-cook.sky-on.peaks-off.areas-off.b45.wide.png	aoraki-mount-cook	matrix	-43.72	170.1	45	-8	0.9	on	(none)	1600	1000	120000	java -jar headless/build/libs/peaknav-headless-1.1.0.jar --lat -43.72 --lon 170.1 --width 1600 --height 1000 --await 120000 --sky on --sky-mode local --constellations on --horizon-compass off --coordinates off --labels "" --download 900000 --shot "45,-8,0.9,snapshots/images/aoraki-mount-cook.sky-on.peaks-off.areas-off.b45.wide.png"
aoraki-mount-cook.sky-off.peaks-on.areas-on.b345.std.png	aoraki-mount-cook	matrix	-43.72	170.1	345	-2	0.55	off	peaks,mountain_ranges,islands,lakes,cities	1600	1000	120000	java -jar headless/build/libs/peaknav-headless-1.1.0.jar --lat -43.72 --lon 170.1 --width 1600 --height 1000 --await 120000 --sky off --sky-mode local --constellations on --horizon-compass off --coordinates off --labels "peaks,mountain_ranges,islands,lakes,cities" --download 900000 --shot "345,-2,0.55,snapshots/images/aoraki-mount-cook.sky-off.peaks-on.areas-on.b345.std.png"
aoraki-mount-cook.sky-off.peaks-on.areas-on.b345.wide.png	aoraki-mount-cook	matrix	-43.72	170.1	345	-8	0.9	off	peaks,mountain_ranges,islands,lakes,cities	1600	1000	120000	java -jar headless/build/libs/peaknav-headless-1.1.0.jar --lat -43.72 --lon 170.1 --width 1600 --height 1000 --await 120000 --sky off --sky-mode local --constellations on --horizon-compass off --coordinates off --labels "peaks,mountain_ranges,islands,lakes,cities" --download 900000 --shot "345,-8,0.9,snapshots/images/aoraki-mount-cook.sky-off.peaks-on.areas-on.b345.wide.png"
aoraki-mount-cook.sky-off.peaks-on.areas-on.b15.std.png	aoraki-mount-cook	matrix	-43.72	170.1	15	-2	0.55	off	peaks,mountain_ranges,islands,lakes,cities	1600	1000	120000	java -jar headless/build/libs/peaknav-headless-1.1.0.jar --lat -43.72 --lon 170.1 --width 1600 --height 1000 --await 120000 --sky off --sky-mode local --constellations on --horizon-compass off --coordinates off --labels "peaks,mountain_ranges,islands,lakes,cities" --download 900000 --shot "15,-2,0.55,snapshots/images/aoraki-mount-cook.sky-off.peaks-on.areas-on.b15.std.png"
aoraki-mount-cook.sky-off.peaks-on.areas-on.b15.wide.png	aoraki-mount-cook	matrix	-43.72	170.1	15	-8	0.9	off	peaks,mountain_ranges,islands,lakes,cities	1600	1000	120000	java -jar headless/build/libs/peaknav-headless-1.1.0.jar --lat -43.72 --lon 170.1 --width 1600 --height 1000 --await 120000 --sky off --sky-mode local --constellations on --horizon-compass off --coordinates off --labels "peaks,mountain_ranges,islands,lakes,cities" --download 900000 --shot "15,-8,0.9,snapshots/images/aoraki-mount-cook.sky-off.peaks-on.areas-on.b15.wide.png"
aoraki-mount-cook.sky-off.peaks-on.areas-on.b45.std.png	aoraki-mount-cook	matrix	-43.72	170.1	45	-2	0.55	off	peaks,mountain_ranges,islands,lakes,cities	1600	1000	120000	java -jar headless/build/libs/peaknav-headless-1.1.0.jar --lat -43.72 --lon 170.1 --width 1600 --height 1000 --await 120000 --sky off --sky-mode local --constellations on --horizon-compass off --coordinates off --labels "peaks,mountain_ranges,islands,lakes,cities" --download 900000 --shot "45,-2,0.55,snapshots/images/aoraki-mount-cook.sky-off.peaks-on.areas-on.b45.std.png"
aoraki-mount-cook.sky-off.peaks-on.areas-on.b45.wide.png	aoraki-mount-cook	matrix	-43.72	170.1	45	-8	0.9	off	peaks,mountain_ranges,islands,lakes,cities	1600	1000	120000	java -jar headless/build/libs/peaknav-headless-1.1.0.jar --lat -43.72 --lon 170.1 --width 1600 --height 1000 --await 120000 --sky off --sky-mode local --constellations on --horizon-compass off --coordinates off --labels "peaks,mountain_ranges,islands,lakes,cities" --download 900000 --shot "45,-8,0.9,snapshots/images/aoraki-mount-cook.sky-off.peaks-on.areas-on.b45.wide.png"
aoraki-mount-cook.sky-off.peaks-on.areas-off.b345.std.png	aoraki-mount-cook	matrix	-43.72	170.1	345	-2	0.55	off	peaks	1600	1000	120000	java -jar headless/build/libs/peaknav-headless-1.1.0.jar --lat -43.72 --lon 170.1 --width 1600 --height 1000 --await 120000 --sky off --sky-mode local --constellations on --horizon-compass off --coordinates off --labels "peaks" --download 900000 --shot "345,-2,0.55,snapshots/images/aoraki-mount-cook.sky-off.peaks-on.areas-off.b345.std.png"
aoraki-mount-cook.sky-off.peaks-on.areas-off.b345.wide.png	aoraki-mount-cook	matrix	-43.72	170.1	345	-8	0.9	off	peaks	1600	1000	120000	java -jar headless/build/libs/peaknav-headless-1.1.0.jar --lat -43.72 --lon 170.1 --width 1600 --height 1000 --await 120000 --sky off --sky-mode local --constellations on --horizon-compass off --coordinates off --labels "peaks" --download 900000 --shot "345,-8,0.9,snapshots/images/aoraki-mount-cook.sky-off.peaks-on.areas-off.b345.wide.png"
aoraki-mount-cook.sky-off.peaks-on.areas-off.b15.std.png	aoraki-mount-cook	matrix	-43.72	170.1	15	-2	0.55	off	peaks	1600	1000	120000	java -jar headless/build/libs/peaknav-headless-1.1.0.jar --lat -43.72 --lon 170.1 --width 1600 --height 1000 --await 120000 --sky off --sky-mode local --constellations on --horizon-compass off --coordinates off --labels "peaks" --download 900000 --shot "15,-2,0.55,snapshots/images/aoraki-mount-cook.sky-off.peaks-on.areas-off.b15.std.png"
aoraki-mount-cook.sky-off.peaks-on.areas-off.b15.wide.png	aoraki-mount-cook	matrix	-43.72	170.1	15	-8	0.9	off	peaks	1600	1000	120000	java -jar headless/build/libs/peaknav-headless-1.1.0.jar --lat -43.72 --lon 170.1 --width 1600 --height 1000 --await 120000 --sky off --sky-mode local --constellations on --horizon-compass off --coordinates off --labels "peaks" --download 900000 --shot "15,-8,0.9,snapshots/images/aoraki-mount-cook.sky-off.peaks-on.areas-off.b15.wide.png"
aoraki-mount-cook.sky-off.peaks-on.areas-off.b45.std.png	aoraki-mount-cook	matrix	-43.72	170.1	45	-2	0.55	off	peaks	1600	1000	120000	java -jar headless/build/libs/peaknav-headless-1.1.0.jar --lat -43.72 --lon 170.1 --width 1600 --height 1000 --await 120000 --sky off --sky-mode local --constellations on --horizon-compass off --coordinates off --labels "peaks" --download 900000 --shot "45,-2,0.55,snapshots/images/aoraki-mount-cook.sky-off.peaks-on.areas-off.b45.std.png"
aoraki-mount-cook.sky-off.peaks-on.areas-off.b45.wide.png	aoraki-mount-cook	matrix	-43.72	170.1	45	-8	0.9	off	peaks	1600	1000	120000	java -jar headless/build/libs/peaknav-headless-1.1.0.jar --lat -43.72 --lon 170.1 --width 1600 --height 1000 --await 120000 --sky off --sky-mode local --constellations on --horizon-compass off --coordinates off --labels "peaks" --download 900000 --shot "45,-8,0.9,snapshots/images/aoraki-mount-cook.sky-off.peaks-on.areas-off.b45.wide.png"
aoraki-mount-cook.sky-off.peaks-off.areas-on.b345.std.png	aoraki-mount-cook	matrix	-43.72	170.1	345	-2	0.55	off	mountain_ranges,islands,lakes,cities	1600	1000	120000	java -jar headless/build/libs/peaknav-headless-1.1.0.jar --lat -43.72 --lon 170.1 --width 1600 --height 1000 --await 120000 --sky off --sky-mode local --constellations on --horizon-compass off --coordinates off --labels "mountain_ranges,islands,lakes,cities" --download 900000 --shot "345,-2,0.55,snapshots/images/aoraki-mount-cook.sky-off.peaks-off.areas-on.b345.std.png"
aoraki-mount-cook.sky-off.peaks-off.areas-on.b345.wide.png	aoraki-mount-cook	matrix	-43.72	170.1	345	-8	0.9	off	mountain_ranges,islands,lakes,cities	1600	1000	120000	java -jar headless/build/libs/peaknav-headless-1.1.0.jar --lat -43.72 --lon 170.1 --width 1600 --height 1000 --await 120000 --sky off --sky-mode local --constellations on --horizon-compass off --coordinates off --labels "mountain_ranges,islands,lakes,cities" --download 900000 --shot "345,-8,0.9,snapshots/images/aoraki-mount-cook.sky-off.peaks-off.areas-on.b345.wide.png"
aoraki-mount-cook.sky-off.peaks-off.areas-on.b15.std.png	aoraki-mount-cook	matrix	-43.72	170.1	15	-2	0.55	off	mountain_ranges,islands,lakes,cities	1600	1000	120000	java -jar headless/build/libs/peaknav-headless-1.1.0.jar --lat -43.72 --lon 170.1 --width 1600 --height 1000 --await 120000 --sky off --sky-mode local --constellations on --horizon-compass off --coordinates off --labels "mountain_ranges,islands,lakes,cities" --download 900000 --shot "15,-2,0.55,snapshots/images/aoraki-mount-cook.sky-off.peaks-off.areas-on.b15.std.png"
aoraki-mount-cook.sky-off.peaks-off.areas-on.b15.wide.png	aoraki-mount-cook	matrix	-43.72	170.1	15	-8	0.9	off	mountain_ranges,islands,lakes,cities	1600	1000	120000	java -jar headless/build/libs/peaknav-headless-1.1.0.jar --lat -43.72 --lon 170.1 --width 1600 --height 1000 --await 120000 --sky off --sky-mode local --constellations on --horizon-compass off --coordinates off --labels "mountain_ranges,islands,lakes,cities" --download 900000 --shot "15,-8,0.9,snapshots/images/aoraki-mount-cook.sky-off.peaks-off.areas-on.b15.wide.png"
aoraki-mount-cook.sky-off.peaks-off.areas-on.b45.std.png	aoraki-mount-cook	matrix	-43.72	170.1	45	-2	0.55	off	mountain_ranges,islands,lakes,cities	1600	1000	120000	java -jar headless/build/libs/peaknav-headless-1.1.0.jar --lat -43.72 --lon 170.1 --width 1600 --height 1000 --await 120000 --sky off --sky-mode local --constellations on --horizon-compass off --coordinates off --labels "mountain_ranges,islands,lakes,cities" --download 900000 --shot "45,-2,0.55,snapshots/images/aoraki-mount-cook.sky-off.peaks-off.areas-on.b45.std.png"
aoraki-mount-cook.sky-off.peaks-off.areas-on.b45.wide.png	aoraki-mount-cook	matrix	-43.72	170.1	45	-8	0.9	off	mountain_ranges,islands,lakes,cities	1600	1000	120000	java -jar headless/build/libs/peaknav-headless-1.1.0.jar --lat -43.72 --lon 170.1 --width 1600 --height 1000 --await 120000 --sky off --sky-mode local --constellations on --horizon-compass off --coordinates off --labels "mountain_ranges,islands,lakes,cities" --download 900000 --shot "45,-8,0.9,snapshots/images/aoraki-mount-cook.sky-off.peaks-off.areas-on.b45.wide.png"
aoraki-mount-cook.sky-off.peaks-off.areas-off.b345.std.png	aoraki-mount-cook	matrix	-43.72	170.1	345	-2	0.55	off	(none)	1600	1000	120000	java -jar headless/build/libs/peaknav-headless-1.1.0.jar --lat -43.72 --lon 170.1 --width 1600 --height 1000 --await 120000 --sky off --sky-mode local --constellations on --horizon-compass off --coordinates off --labels "" --download 900000 --shot "345,-2,0.55,snapshots/images/aoraki-mount-cook.sky-off.peaks-off.areas-off.b345.std.png"
aoraki-mount-cook.sky-off.peaks-off.areas-off.b345.wide.png	aoraki-mount-cook	matrix	-43.72	170.1	345	-8	0.9	off	(none)	1600	1000	120000	java -jar headless/build/libs/peaknav-headless-1.1.0.jar --lat -43.72 --lon 170.1 --width 1600 --height 1000 --await 120000 --sky off --sky-mode local --constellations on --horizon-compass off --coordinates off --labels "" --download 900000 --shot "345,-8,0.9,snapshots/images/aoraki-mount-cook.sky-off.peaks-off.areas-off.b345.wide.png"
aoraki-mount-cook.sky-off.peaks-off.areas-off.b15.std.png	aoraki-mount-cook	matrix	-43.72	170.1	15	-2	0.55	off	(none)	1600	1000	120000	java -jar headless/build/libs/peaknav-headless-1.1.0.jar --lat -43.72 --lon 170.1 --width 1600 --height 1000 --await 120000 --sky off --sky-mode local --constellations on --horizon-compass off --coordinates off --labels "" --download 900000 --shot "15,-2,0.55,snapshots/images/aoraki-mount-cook.sky-off.peaks-off.areas-off.b15.std.png"
aoraki-mount-cook.sky-off.peaks-off.areas-off.b15.wide.png	aoraki-mount-cook	matrix	-43.72	170.1	15	-8	0.9	off	(none)	1600	1000	120000	java -jar headless/build/libs/peaknav-headless-1.1.0.jar --lat -43.72 --lon 170.1 --width 1600 --height 1000 --await 120000 --sky off --sky-mode local --constellations on --horizon-compass off --coordinates off --labels "" --download 900000 --shot "15,-8,0.9,snapshots/images/aoraki-mount-cook.sky-off.peaks-off.areas-off.b15.wide.png"
aoraki-mount-cook.sky-off.peaks-off.areas-off.b45.std.png	aoraki-mount-cook	matrix	-43.72	170.1	45	-2	0.55	off	(none)	1600	1000	120000	java -jar headless/build/libs/peaknav-headless-1.1.0.jar --lat -43.72 --lon 170.1 --width 1600 --height 1000 --await 120000 --sky off --sky-mode local --constellations on --horizon-compass off --coordinates off --labels "" --download 900000 --shot "45,-2,0.55,snapshots/images/aoraki-mount-cook.sky-off.peaks-off.areas-off.b45.std.png"
aoraki-mount-cook.sky-off.peaks-off.areas-off.b45.wide.png	aoraki-mount-cook	matrix	-43.72	170.1	45	-8	0.9	off	(none)	1600	1000	120000	java -jar headless/build/libs/peaknav-headless-1.1.0.jar --lat -43.72 --lon 170.1 --width 1600 --height 1000 --await 120000 --sky off --sky-mode local --constellations on --horizon-compass off --coordinates off --labels "" --download 900000 --shot "45,-8,0.9,snapshots/images/aoraki-mount-cook.sky-off.peaks-off.areas-off.b45.wide.png"
aoraki-mount-cook.ring.d3km.az0.up.png	aoraki-mount-cook	ring	-43.56805	170.1418	180	12	0.2	on	peaks,mountain_ranges,islands,lakes,cities	1600	1000	120000	java -jar headless/build/libs/peaknav-headless-1.1.0.jar --lat -43.56805 --lon 170.1418 --width 1600 --height 1000 --await 120000 --sky on --sky-mode local --constellations on --horizon-compass off --coordinates off --labels "peaks,mountain_ranges,islands,lakes,cities" --download 900000 --shot "180,12,0.2,snapshots/images/aoraki-mount-cook.ring.d3km.az0.up.png"
aoraki-mount-cook.ring.d3km.az0.level.png	aoraki-mount-cook	ring	-43.56805	170.1418	180	-2	0.75	on	peaks,mountain_ranges,islands,lakes,cities	1600	1000	120000	java -jar headless/build/libs/peaknav-headless-1.1.0.jar --lat -43.56805 --lon 170.1418 --width 1600 --height 1000 --await 120000 --sky on --sky-mode local --constellations on --horizon-compass off --coordinates off --labels "peaks,mountain_ranges,islands,lakes,cities" --download 900000 --shot "180,-2,0.75,snapshots/images/aoraki-mount-cook.ring.d3km.az0.level.png"
aoraki-mount-cook.ring.d3km.az90.up.png	aoraki-mount-cook	ring	-43.595	170.17901	270	12	0.2	on	peaks,mountain_ranges,islands,lakes,cities	1600	1000	120000	java -jar headless/build/libs/peaknav-headless-1.1.0.jar --lat -43.595 --lon 170.17901 --width 1600 --height 1000 --await 120000 --sky on --sky-mode local --constellations on --horizon-compass off --coordinates off --labels "peaks,mountain_ranges,islands,lakes,cities" --download 900000 --shot "270,12,0.2,snapshots/images/aoraki-mount-cook.ring.d3km.az90.up.png"
aoraki-mount-cook.ring.d3km.az90.level.png	aoraki-mount-cook	ring	-43.595	170.17901	270	-2	0.75	on	peaks,mountain_ranges,islands,lakes,cities	1600	1000	120000	java -jar headless/build/libs/peaknav-headless-1.1.0.jar --lat -43.595 --lon 170.17901 --width 1600 --height 1000 --await 120000 --sky on --sky-mode local --constellations on --horizon-compass off --coordinates off --labels "peaks,mountain_ranges,islands,lakes,cities" --download 900000 --shot "270,-2,0.75,snapshots/images/aoraki-mount-cook.ring.d3km.az90.level.png"
aoraki-mount-cook.ring.d3km.az180.up.png	aoraki-mount-cook	ring	-43.62195	170.1418	0	12	0.2	on	peaks,mountain_ranges,islands,lakes,cities	1600	1000	120000	java -jar headless/build/libs/peaknav-headless-1.1.0.jar --lat -43.62195 --lon 170.1418 --width 1600 --height 1000 --await 120000 --sky on --sky-mode local --constellations on --horizon-compass off --coordinates off --labels "peaks,mountain_ranges,islands,lakes,cities" --download 900000 --shot "0,12,0.2,snapshots/images/aoraki-mount-cook.ring.d3km.az180.up.png"
aoraki-mount-cook.ring.d3km.az180.level.png	aoraki-mount-cook	ring	-43.62195	170.1418	0	-2	0.75	on	peaks,mountain_ranges,islands,lakes,cities	1600	1000	120000	java -jar headless/build/libs/peaknav-headless-1.1.0.jar --lat -43.62195 --lon 170.1418 --width 1600 --height 1000 --await 120000 --sky on --sky-mode local --constellations on --horizon-compass off --coordinates off --labels "peaks,mountain_ranges,islands,lakes,cities" --download 900000 --shot "0,-2,0.75,snapshots/images/aoraki-mount-cook.ring.d3km.az180.level.png"
aoraki-mount-cook.ring.d3km.az270.up.png	aoraki-mount-cook	ring	-43.595	170.10459	90	12	0.2	on	peaks,mountain_ranges,islands,lakes,cities	1600	1000	120000	java -jar headless/build/libs/peaknav-headless-1.1.0.jar --lat -43.595 --lon 170.10459 --width 1600 --height 1000 --await 120000 --sky on --sky-mode local --constellations on --horizon-compass off --coordinates off --labels "peaks,mountain_ranges,islands,lakes,cities" --download 900000 --shot "90,12,0.2,snapshots/images/aoraki-mount-cook.ring.d3km.az270.up.png"
aoraki-mount-cook.ring.d3km.az270.level.png	aoraki-mount-cook	ring	-43.595	170.10459	90	-2	0.75	on	peaks,mountain_ranges,islands,lakes,cities	1600	1000	120000	java -jar headless/build/libs/peaknav-headless-1.1.0.jar --lat -43.595 --lon 170.10459 --width 1600 --height 1000 --await 120000 --sky on --sky-mode local --constellations on --horizon-compass off --coordinates off --labels "peaks,mountain_ranges,islands,lakes,cities" --download 900000 --shot "90,-2,0.75,snapshots/images/aoraki-mount-cook.ring.d3km.az270.level.png"
aoraki-mount-cook.ring.d5km.az0.up.png	aoraki-mount-cook	ring	-43.55008	170.1418	180	7	0.2	on	peaks,mountain_ranges,islands,lakes,cities	1600	1000	120000	java -jar headless/build/libs/peaknav-headless-1.1.0.jar --lat -43.55008 --lon 170.1418 --width 1600 --height 1000 --await 120000 --sky on --sky-mode local --constellations on --horizon-compass off --coordinates off --labels "peaks,mountain_ranges,islands,lakes,cities" --download 900000 --shot "180,7,0.2,snapshots/images/aoraki-mount-cook.ring.d5km.az0.up.png"
aoraki-mount-cook.ring.d5km.az0.level.png	aoraki-mount-cook	ring	-43.55008	170.1418	180	-2	0.75	on	peaks,mountain_ranges,islands,lakes,cities	1600	1000	120000	java -jar headless/build/libs/peaknav-headless-1.1.0.jar --lat -43.55008 --lon 170.1418 --width 1600 --height 1000 --await 120000 --sky on --sky-mode local --constellations on --horizon-compass off --coordinates off --labels "peaks,mountain_ranges,islands,lakes,cities" --download 900000 --shot "180,-2,0.75,snapshots/images/aoraki-mount-cook.ring.d5km.az0.level.png"
aoraki-mount-cook.ring.d5km.az90.up.png	aoraki-mount-cook	ring	-43.595	170.20382	270	7	0.2	on	peaks,mountain_ranges,islands,lakes,cities	1600	1000	120000	java -jar headless/build/libs/peaknav-headless-1.1.0.jar --lat -43.595 --lon 170.20382 --width 1600 --height 1000 --await 120000 --sky on --sky-mode local --constellations on --horizon-compass off --coordinates off --labels "peaks,mountain_ranges,islands,lakes,cities" --download 900000 --shot "270,7,0.2,snapshots/images/aoraki-mount-cook.ring.d5km.az90.up.png"
aoraki-mount-cook.ring.d5km.az90.level.png	aoraki-mount-cook	ring	-43.595	170.20382	270	-2	0.75	on	peaks,mountain_ranges,islands,lakes,cities	1600	1000	120000	java -jar headless/build/libs/peaknav-headless-1.1.0.jar --lat -43.595 --lon 170.20382 --width 1600 --height 1000 --await 120000 --sky on --sky-mode local --constellations on --horizon-compass off --coordinates off --labels "peaks,mountain_ranges,islands,lakes,cities" --download 900000 --shot "270,-2,0.75,snapshots/images/aoraki-mount-cook.ring.d5km.az90.level.png"
aoraki-mount-cook.ring.d5km.az180.up.png	aoraki-mount-cook	ring	-43.63992	170.1418	0	7	0.2	on	peaks,mountain_ranges,islands,lakes,cities	1600	1000	120000	java -jar headless/build/libs/peaknav-headless-1.1.0.jar --lat -43.63992 --lon 170.1418 --width 1600 --height 1000 --await 120000 --sky on --sky-mode local --constellations on --horizon-compass off --coordinates off --labels "peaks,mountain_ranges,islands,lakes,cities" --download 900000 --shot "0,7,0.2,snapshots/images/aoraki-mount-cook.ring.d5km.az180.up.png"
aoraki-mount-cook.ring.d5km.az180.level.png	aoraki-mount-cook	ring	-43.63992	170.1418	0	-2	0.75	on	peaks,mountain_ranges,islands,lakes,cities	1600	1000	120000	java -jar headless/build/libs/peaknav-headless-1.1.0.jar --lat -43.63992 --lon 170.1418 --width 1600 --height 1000 --await 120000 --sky on --sky-mode local --constellations on --horizon-compass off --coordinates off --labels "peaks,mountain_ranges,islands,lakes,cities" --download 900000 --shot "0,-2,0.75,snapshots/images/aoraki-mount-cook.ring.d5km.az180.level.png"
aoraki-mount-cook.ring.d5km.az270.up.png	aoraki-mount-cook	ring	-43.595	170.07978	90	7	0.2	on	peaks,mountain_ranges,islands,lakes,cities	1600	1000	120000	java -jar headless/build/libs/peaknav-headless-1.1.0.jar --lat -43.595 --lon 170.07978 --width 1600 --height 1000 --await 120000 --sky on --sky-mode local --constellations on --horizon-compass off --coordinates off --labels "peaks,mountain_ranges,islands,lakes,cities" --download 900000 --shot "90,7,0.2,snapshots/images/aoraki-mount-cook.ring.d5km.az270.up.png"
aoraki-mount-cook.ring.d5km.az270.level.png	aoraki-mount-cook	ring	-43.595	170.07978	90	-2	0.75	on	peaks,mountain_ranges,islands,lakes,cities	1600	1000	120000	java -jar headless/build/libs/peaknav-headless-1.1.0.jar --lat -43.595 --lon 170.07978 --width 1600 --height 1000 --await 120000 --sky on --sky-mode local --constellations on --horizon-compass off --coordinates off --labels "peaks,mountain_ranges,islands,lakes,cities" --download 900000 --shot "90,-2,0.75,snapshots/images/aoraki-mount-cook.ring.d5km.az270.level.png"
aoraki-mount-cook.ring.d10km.az0.up.png	aoraki-mount-cook	ring	-43.50517	170.1418	180	4	0.2	on	peaks,mountain_ranges,islands,lakes,cities	1600	1000	120000	java -jar headless/build/libs/peaknav-headless-1.1.0.jar --lat -43.50517 --lon 170.1418 --width 1600 --height 1000 --await 120000 --sky on --sky-mode local --constellations on --horizon-compass off --coordinates off --labels "peaks,mountain_ranges,islands,lakes,cities" --download 900000 --shot "180,4,0.2,snapshots/images/aoraki-mount-cook.ring.d10km.az0.up.png"
aoraki-mount-cook.ring.d10km.az0.level.png	aoraki-mount-cook	ring	-43.50517	170.1418	180	-2	0.75	on	peaks,mountain_ranges,islands,lakes,cities	1600	1000	120000	java -jar headless/build/libs/peaknav-headless-1.1.0.jar --lat -43.50517 --lon 170.1418 --width 1600 --height 1000 --await 120000 --sky on --sky-mode local --constellations on --horizon-compass off --coordinates off --labels "peaks,mountain_ranges,islands,lakes,cities" --download 900000 --shot "180,-2,0.75,snapshots/images/aoraki-mount-cook.ring.d10km.az0.level.png"
aoraki-mount-cook.ring.d10km.az90.up.png	aoraki-mount-cook	ring	-43.595	170.26584	270	4	0.2	on	peaks,mountain_ranges,islands,lakes,cities	1600	1000	120000	java -jar headless/build/libs/peaknav-headless-1.1.0.jar --lat -43.595 --lon 170.26584 --width 1600 --height 1000 --await 120000 --sky on --sky-mode local --constellations on --horizon-compass off --coordinates off --labels "peaks,mountain_ranges,islands,lakes,cities" --download 900000 --shot "270,4,0.2,snapshots/images/aoraki-mount-cook.ring.d10km.az90.up.png"
aoraki-mount-cook.ring.d10km.az90.level.png	aoraki-mount-cook	ring	-43.595	170.26584	270	-2	0.75	on	peaks,mountain_ranges,islands,lakes,cities	1600	1000	120000	java -jar headless/build/libs/peaknav-headless-1.1.0.jar --lat -43.595 --lon 170.26584 --width 1600 --height 1000 --await 120000 --sky on --sky-mode local --constellations on --horizon-compass off --coordinates off --labels "peaks,mountain_ranges,islands,lakes,cities" --download 900000 --shot "270,-2,0.75,snapshots/images/aoraki-mount-cook.ring.d10km.az90.level.png"
aoraki-mount-cook.ring.d10km.az180.up.png	aoraki-mount-cook	ring	-43.68483	170.1418	0	4	0.2	on	peaks,mountain_ranges,islands,lakes,cities	1600	1000	120000	java -jar headless/build/libs/peaknav-headless-1.1.0.jar --lat -43.68483 --lon 170.1418 --width 1600 --height 1000 --await 120000 --sky on --sky-mode local --constellations on --horizon-compass off --coordinates off --labels "peaks,mountain_ranges,islands,lakes,cities" --download 900000 --shot "0,4,0.2,snapshots/images/aoraki-mount-cook.ring.d10km.az180.up.png"
aoraki-mount-cook.ring.d10km.az180.level.png	aoraki-mount-cook	ring	-43.68483	170.1418	0	-2	0.75	on	peaks,mountain_ranges,islands,lakes,cities	1600	1000	120000	java -jar headless/build/libs/peaknav-headless-1.1.0.jar --lat -43.68483 --lon 170.1418 --width 1600 --height 1000 --await 120000 --sky on --sky-mode local --constellations on --horizon-compass off --coordinates off --labels "peaks,mountain_ranges,islands,lakes,cities" --download 900000 --shot "0,-2,0.75,snapshots/images/aoraki-mount-cook.ring.d10km.az180.level.png"
aoraki-mount-cook.ring.d10km.az270.up.png	aoraki-mount-cook	ring	-43.595	170.01776	90	4	0.2	on	peaks,mountain_ranges,islands,lakes,cities	1600	1000	120000	java -jar headless/build/libs/peaknav-headless-1.1.0.jar --lat -43.595 --lon 170.01776 --width 1600 --height 1000 --await 120000 --sky on --sky-mode local --constellations on --horizon-compass off --coordinates off --labels "peaks,mountain_ranges,islands,lakes,cities" --download 900000 --shot "90,4,0.2,snapshots/images/aoraki-mount-cook.ring.d10km.az270.up.png"
aoraki-mount-cook.ring.d10km.az270.level.png	aoraki-mount-cook	ring	-43.595	170.01776	90	-2	0.75	on	peaks,mountain_ranges,islands,lakes,cities	1600	1000	120000	java -jar headless/build/libs/peaknav-headless-1.1.0.jar --lat -43.595 --lon 170.01776 --width 1600 --height 1000 --await 120000 --sky on --sky-mode local --constellations on --horizon-compass off --coordinates off --labels "peaks,mountain_ranges,islands,lakes,cities" --download 900000 --shot "90,-2,0.75,snapshots/images/aoraki-mount-cook.ring.d10km.az270.level.png"
everest.sky-on.peaks-on.areas-on.b10.std.png	everest	matrix	27.9	86.85	10	0	0.65	on	peaks,mountain_ranges,islands,lakes,cities	1600	1000	120000	java -jar headless/build/libs/peaknav-headless-1.1.0.jar --lat 27.9 --lon 86.85 --width 1600 --height 1000 --await 120000 --sky on --sky-mode local --constellations on --horizon-compass off --coordinates off --labels "peaks,mountain_ranges,islands,lakes,cities" --download 900000 --shot "10,0,0.65,snapshots/images/everest.sky-on.peaks-on.areas-on.b10.std.png"
everest.sky-on.peaks-on.areas-on.b10.wide.png	everest	matrix	27.9	86.85	10	-8	0.9	on	peaks,mountain_ranges,islands,lakes,cities	1600	1000	120000	java -jar headless/build/libs/peaknav-headless-1.1.0.jar --lat 27.9 --lon 86.85 --width 1600 --height 1000 --await 120000 --sky on --sky-mode local --constellations on --horizon-compass off --coordinates off --labels "peaks,mountain_ranges,islands,lakes,cities" --download 900000 --shot "10,-8,0.9,snapshots/images/everest.sky-on.peaks-on.areas-on.b10.wide.png"
everest.sky-on.peaks-on.areas-on.b40.std.png	everest	matrix	27.9	86.85	40	0	0.65	on	peaks,mountain_ranges,islands,lakes,cities	1600	1000	120000	java -jar headless/build/libs/peaknav-headless-1.1.0.jar --lat 27.9 --lon 86.85 --width 1600 --height 1000 --await 120000 --sky on --sky-mode local --constellations on --horizon-compass off --coordinates off --labels "peaks,mountain_ranges,islands,lakes,cities" --download 900000 --shot "40,0,0.65,snapshots/images/everest.sky-on.peaks-on.areas-on.b40.std.png"
everest.sky-on.peaks-on.areas-on.b40.wide.png	everest	matrix	27.9	86.85	40	-8	0.9	on	peaks,mountain_ranges,islands,lakes,cities	1600	1000	120000	java -jar headless/build/libs/peaknav-headless-1.1.0.jar --lat 27.9 --lon 86.85 --width 1600 --height 1000 --await 120000 --sky on --sky-mode local --constellations on --horizon-compass off --coordinates off --labels "peaks,mountain_ranges,islands,lakes,cities" --download 900000 --shot "40,-8,0.9,snapshots/images/everest.sky-on.peaks-on.areas-on.b40.wide.png"
everest.sky-on.peaks-on.areas-on.b70.std.png	everest	matrix	27.9	86.85	70	0	0.65	on	peaks,mountain_ranges,islands,lakes,cities	1600	1000	120000	java -jar headless/build/libs/peaknav-headless-1.1.0.jar --lat 27.9 --lon 86.85 --width 1600 --height 1000 --await 120000 --sky on --sky-mode local --constellations on --horizon-compass off --coordinates off --labels "peaks,mountain_ranges,islands,lakes,cities" --download 900000 --shot "70,0,0.65,snapshots/images/everest.sky-on.peaks-on.areas-on.b70.std.png"
everest.sky-on.peaks-on.areas-on.b70.wide.png	everest	matrix	27.9	86.85	70	-8	0.9	on	peaks,mountain_ranges,islands,lakes,cities	1600	1000	120000	java -jar headless/build/libs/peaknav-headless-1.1.0.jar --lat 27.9 --lon 86.85 --width 1600 --height 1000 --await 120000 --sky on --sky-mode local --constellations on --horizon-compass off --coordinates off --labels "peaks,mountain_ranges,islands,lakes,cities" --download 900000 --shot "70,-8,0.9,snapshots/images/everest.sky-on.peaks-on.areas-on.b70.wide.png"
everest.sky-on.peaks-on.areas-off.b10.std.png	everest	matrix	27.9	86.85	10	0	0.65	on	peaks	1600	1000	120000	java -jar headless/build/libs/peaknav-headless-1.1.0.jar --lat 27.9 --lon 86.85 --width 1600 --height 1000 --await 120000 --sky on --sky-mode local --constellations on --horizon-compass off --coordinates off --labels "peaks" --download 900000 --shot "10,0,0.65,snapshots/images/everest.sky-on.peaks-on.areas-off.b10.std.png"
everest.sky-on.peaks-on.areas-off.b10.wide.png	everest	matrix	27.9	86.85	10	-8	0.9	on	peaks	1600	1000	120000	java -jar headless/build/libs/peaknav-headless-1.1.0.jar --lat 27.9 --lon 86.85 --width 1600 --height 1000 --await 120000 --sky on --sky-mode local --constellations on --horizon-compass off --coordinates off --labels "peaks" --download 900000 --shot "10,-8,0.9,snapshots/images/everest.sky-on.peaks-on.areas-off.b10.wide.png"
everest.sky-on.peaks-on.areas-off.b40.std.png	everest	matrix	27.9	86.85	40	0	0.65	on	peaks	1600	1000	120000	java -jar headless/build/libs/peaknav-headless-1.1.0.jar --lat 27.9 --lon 86.85 --width 1600 --height 1000 --await 120000 --sky on --sky-mode local --constellations on --horizon-compass off --coordinates off --labels "peaks" --download 900000 --shot "40,0,0.65,snapshots/images/everest.sky-on.peaks-on.areas-off.b40.std.png"
everest.sky-on.peaks-on.areas-off.b40.wide.png	everest	matrix	27.9	86.85	40	-8	0.9	on	peaks	1600	1000	120000	java -jar headless/build/libs/peaknav-headless-1.1.0.jar --lat 27.9 --lon 86.85 --width 1600 --height 1000 --await 120000 --sky on --sky-mode local --constellations on --horizon-compass off --coordinates off --labels "peaks" --download 900000 --shot "40,-8,0.9,snapshots/images/everest.sky-on.peaks-on.areas-off.b40.wide.png"
everest.sky-on.peaks-on.areas-off.b70.std.png	everest	matrix	27.9	86.85	70	0	0.65	on	peaks	1600	1000	120000	java -jar headless/build/libs/peaknav-headless-1.1.0.jar --lat 27.9 --lon 86.85 --width 1600 --height 1000 --await 120000 --sky on --sky-mode local --constellations on --horizon-compass off --coordinates off --labels "peaks" --download 900000 --shot "70,0,0.65,snapshots/images/everest.sky-on.peaks-on.areas-off.b70.std.png"
everest.sky-on.peaks-on.areas-off.b70.wide.png	everest	matrix	27.9	86.85	70	-8	0.9	on	peaks	1600	1000	120000	java -jar headless/build/libs/peaknav-headless-1.1.0.jar --lat 27.9 --lon 86.85 --width 1600 --height 1000 --await 120000 --sky on --sky-mode local --constellations on --horizon-compass off --coordinates off --labels "peaks" --download 900000 --shot "70,-8,0.9,snapshots/images/everest.sky-on.peaks-on.areas-off.b70.wide.png"
everest.sky-on.peaks-off.areas-on.b10.std.png	everest	matrix	27.9	86.85	10	0	0.65	on	mountain_ranges,islands,lakes,cities	1600	1000	120000	java -jar headless/build/libs/peaknav-headless-1.1.0.jar --lat 27.9 --lon 86.85 --width 1600 --height 1000 --await 120000 --sky on --sky-mode local --constellations on --horizon-compass off --coordinates off --labels "mountain_ranges,islands,lakes,cities" --download 900000 --shot "10,0,0.65,snapshots/images/everest.sky-on.peaks-off.areas-on.b10.std.png"
everest.sky-on.peaks-off.areas-on.b10.wide.png	everest	matrix	27.9	86.85	10	-8	0.9	on	mountain_ranges,islands,lakes,cities	1600	1000	120000	java -jar headless/build/libs/peaknav-headless-1.1.0.jar --lat 27.9 --lon 86.85 --width 1600 --height 1000 --await 120000 --sky on --sky-mode local --constellations on --horizon-compass off --coordinates off --labels "mountain_ranges,islands,lakes,cities" --download 900000 --shot "10,-8,0.9,snapshots/images/everest.sky-on.peaks-off.areas-on.b10.wide.png"
everest.sky-on.peaks-off.areas-on.b40.std.png	everest	matrix	27.9	86.85	40	0	0.65	on	mountain_ranges,islands,lakes,cities	1600	1000	120000	java -jar headless/build/libs/peaknav-headless-1.1.0.jar --lat 27.9 --lon 86.85 --width 1600 --height 1000 --await 120000 --sky on --sky-mode local --constellations on --horizon-compass off --coordinates off --labels "mountain_ranges,islands,lakes,cities" --download 900000 --shot "40,0,0.65,snapshots/images/everest.sky-on.peaks-off.areas-on.b40.std.png"
everest.sky-on.peaks-off.areas-on.b40.wide.png	everest	matrix	27.9	86.85	40	-8	0.9	on	mountain_ranges,islands,lakes,cities	1600	1000	120000	java -jar headless/build/libs/peaknav-headless-1.1.0.jar --lat 27.9 --lon 86.85 --width 1600 --height 1000 --await 120000 --sky on --sky-mode local --constellations on --horizon-compass off --coordinates off --labels "mountain_ranges,islands,lakes,cities" --download 900000 --shot "40,-8,0.9,snapshots/images/everest.sky-on.peaks-off.areas-on.b40.wide.png"
everest.sky-on.peaks-off.areas-on.b70.std.png	everest	matrix	27.9	86.85	70	0	0.65	on	mountain_ranges,islands,lakes,cities	1600	1000	120000	java -jar headless/build/libs/peaknav-headless-1.1.0.jar --lat 27.9 --lon 86.85 --width 1600 --height 1000 --await 120000 --sky on --sky-mode local --constellations on --horizon-compass off --coordinates off --labels "mountain_ranges,islands,lakes,cities" --download 900000 --shot "70,0,0.65,snapshots/images/everest.sky-on.peaks-off.areas-on.b70.std.png"
everest.sky-on.peaks-off.areas-on.b70.wide.png	everest	matrix	27.9	86.85	70	-8	0.9	on	mountain_ranges,islands,lakes,cities	1600	1000	120000	java -jar headless/build/libs/peaknav-headless-1.1.0.jar --lat 27.9 --lon 86.85 --width 1600 --height 1000 --await 120000 --sky on --sky-mode local --constellations on --horizon-compass off --coordinates off --labels "mountain_ranges,islands,lakes,cities" --download 900000 --shot "70,-8,0.9,snapshots/images/everest.sky-on.peaks-off.areas-on.b70.wide.png"
everest.sky-on.peaks-off.areas-off.b10.std.png	everest	matrix	27.9	86.85	10	0	0.65	on	(none)	1600	1000	120000	java -jar headless/build/libs/peaknav-headless-1.1.0.jar --lat 27.9 --lon 86.85 --width 1600 --height 1000 --await 120000 --sky on --sky-mode local --constellations on --horizon-compass off --coordinates off --labels "" --download 900000 --shot "10,0,0.65,snapshots/images/everest.sky-on.peaks-off.areas-off.b10.std.png"
everest.sky-on.peaks-off.areas-off.b10.wide.png	everest	matrix	27.9	86.85	10	-8	0.9	on	(none)	1600	1000	120000	java -jar headless/build/libs/peaknav-headless-1.1.0.jar --lat 27.9 --lon 86.85 --width 1600 --height 1000 --await 120000 --sky on --sky-mode local --constellations on --horizon-compass off --coordinates off --labels "" --download 900000 --shot "10,-8,0.9,snapshots/images/everest.sky-on.peaks-off.areas-off.b10.wide.png"
everest.sky-on.peaks-off.areas-off.b40.std.png	everest	matrix	27.9	86.85	40	0	0.65	on	(none)	1600	1000	120000	java -jar headless/build/libs/peaknav-headless-1.1.0.jar --lat 27.9 --lon 86.85 --width 1600 --height 1000 --await 120000 --sky on --sky-mode local --constellations on --horizon-compass off --coordinates off --labels "" --download 900000 --shot "40,0,0.65,snapshots/images/everest.sky-on.peaks-off.areas-off.b40.std.png"
everest.sky-on.peaks-off.areas-off.b40.wide.png	everest	matrix	27.9	86.85	40	-8	0.9	on	(none)	1600	1000	120000	java -jar headless/build/libs/peaknav-headless-1.1.0.jar --lat 27.9 --lon 86.85 --width 1600 --height 1000 --await 120000 --sky on --sky-mode local --constellations on --horizon-compass off --coordinates off --labels "" --download 900000 --shot "40,-8,0.9,snapshots/images/everest.sky-on.peaks-off.areas-off.b40.wide.png"
everest.sky-on.peaks-off.areas-off.b70.std.png	everest	matrix	27.9	86.85	70	0	0.65	on	(none)	1600	1000	120000	java -jar headless/build/libs/peaknav-headless-1.1.0.jar --lat 27.9 --lon 86.85 --width 1600 --height 1000 --await 120000 --sky on --sky-mode local --constellations on --horizon-compass off --coordinates off --labels "" --download 900000 --shot "70,0,0.65,snapshots/images/everest.sky-on.peaks-off.areas-off.b70.std.png"
everest.sky-on.peaks-off.areas-off.b70.wide.png	everest	matrix	27.9	86.85	70	-8	0.9	on	(none)	1600	1000	120000	java -jar headless/build/libs/peaknav-headless-1.1.0.jar --lat 27.9 --lon 86.85 --width 1600 --height 1000 --await 120000 --sky on --sky-mode local --constellations on --horizon-compass off --coordinates off --labels "" --download 900000 --shot "70,-8,0.9,snapshots/images/everest.sky-on.peaks-off.areas-off.b70.wide.png"
everest.sky-off.peaks-on.areas-on.b10.std.png	everest	matrix	27.9	86.85	10	0	0.65	off	peaks,mountain_ranges,islands,lakes,cities	1600	1000	120000	java -jar headless/build/libs/peaknav-headless-1.1.0.jar --lat 27.9 --lon 86.85 --width 1600 --height 1000 --await 120000 --sky off --sky-mode local --constellations on --horizon-compass off --coordinates off --labels "peaks,mountain_ranges,islands,lakes,cities" --download 900000 --shot "10,0,0.65,snapshots/images/everest.sky-off.peaks-on.areas-on.b10.std.png"
everest.sky-off.peaks-on.areas-on.b10.wide.png	everest	matrix	27.9	86.85	10	-8	0.9	off	peaks,mountain_ranges,islands,lakes,cities	1600	1000	120000	java -jar headless/build/libs/peaknav-headless-1.1.0.jar --lat 27.9 --lon 86.85 --width 1600 --height 1000 --await 120000 --sky off --sky-mode local --constellations on --horizon-compass off --coordinates off --labels "peaks,mountain_ranges,islands,lakes,cities" --download 900000 --shot "10,-8,0.9,snapshots/images/everest.sky-off.peaks-on.areas-on.b10.wide.png"
everest.sky-off.peaks-on.areas-on.b40.std.png	everest	matrix	27.9	86.85	40	0	0.65	off	peaks,mountain_ranges,islands,lakes,cities	1600	1000	120000	java -jar headless/build/libs/peaknav-headless-1.1.0.jar --lat 27.9 --lon 86.85 --width 1600 --height 1000 --await 120000 --sky off --sky-mode local --constellations on --horizon-compass off --coordinates off --labels "peaks,mountain_ranges,islands,lakes,cities" --download 900000 --shot "40,0,0.65,snapshots/images/everest.sky-off.peaks-on.areas-on.b40.std.png"
everest.sky-off.peaks-on.areas-on.b40.wide.png	everest	matrix	27.9	86.85	40	-8	0.9	off	peaks,mountain_ranges,islands,lakes,cities	1600	1000	120000	java -jar headless/build/libs/peaknav-headless-1.1.0.jar --lat 27.9 --lon 86.85 --width 1600 --height 1000 --await 120000 --sky off --sky-mode local --constellations on --horizon-compass off --coordinates off --labels "peaks,mountain_ranges,islands,lakes,cities" --download 900000 --shot "40,-8,0.9,snapshots/images/everest.sky-off.peaks-on.areas-on.b40.wide.png"
everest.sky-off.peaks-on.areas-on.b70.std.png	everest	matrix	27.9	86.85	70	0	0.65	off	peaks,mountain_ranges,islands,lakes,cities	1600	1000	120000	java -jar headless/build/libs/peaknav-headless-1.1.0.jar --lat 27.9 --lon 86.85 --width 1600 --height 1000 --await 120000 --sky off --sky-mode local --constellations on --horizon-compass off --coordinates off --labels "peaks,mountain_ranges,islands,lakes,cities" --download 900000 --shot "70,0,0.65,snapshots/images/everest.sky-off.peaks-on.areas-on.b70.std.png"
everest.sky-off.peaks-on.areas-on.b70.wide.png	everest	matrix	27.9	86.85	70	-8	0.9	off	peaks,mountain_ranges,islands,lakes,cities	1600	1000	120000	java -jar headless/build/libs/peaknav-headless-1.1.0.jar --lat 27.9 --lon 86.85 --width 1600 --height 1000 --await 120000 --sky off --sky-mode local --constellations on --horizon-compass off --coordinates off --labels "peaks,mountain_ranges,islands,lakes,cities" --download 900000 --shot "70,-8,0.9,snapshots/images/everest.sky-off.peaks-on.areas-on.b70.wide.png"
everest.sky-off.peaks-on.areas-off.b10.std.png	everest	matrix	27.9	86.85	10	0	0.65	off	peaks	1600	1000	120000	java -jar headless/build/libs/peaknav-headless-1.1.0.jar --lat 27.9 --lon 86.85 --width 1600 --height 1000 --await 120000 --sky off --sky-mode local --constellations on --horizon-compass off --coordinates off --labels "peaks" --download 900000 --shot "10,0,0.65,snapshots/images/everest.sky-off.peaks-on.areas-off.b10.std.png"
everest.sky-off.peaks-on.areas-off.b10.wide.png	everest	matrix	27.9	86.85	10	-8	0.9	off	peaks	1600	1000	120000	java -jar headless/build/libs/peaknav-headless-1.1.0.jar --lat 27.9 --lon 86.85 --width 1600 --height 1000 --await 120000 --sky off --sky-mode local --constellations on --horizon-compass off --coordinates off --labels "peaks" --download 900000 --shot "10,-8,0.9,snapshots/images/everest.sky-off.peaks-on.areas-off.b10.wide.png"
everest.sky-off.peaks-on.areas-off.b40.std.png	everest	matrix	27.9	86.85	40	0	0.65	off	peaks	1600	1000	120000	java -jar headless/build/libs/peaknav-headless-1.1.0.jar --lat 27.9 --lon 86.85 --width 1600 --height 1000 --await 120000 --sky off --sky-mode local --constellations on --horizon-compass off --coordinates off --labels "peaks" --download 900000 --shot "40,0,0.65,snapshots/images/everest.sky-off.peaks-on.areas-off.b40.std.png"
everest.sky-off.peaks-on.areas-off.b40.wide.png	everest	matrix	27.9	86.85	40	-8	0.9	off	peaks	1600	1000	120000	java -jar headless/build/libs/peaknav-headless-1.1.0.jar --lat 27.9 --lon 86.85 --width 1600 --height 1000 --await 120000 --sky off --sky-mode local --constellations on --horizon-compass off --coordinates off --labels "peaks" --download 900000 --shot "40,-8,0.9,snapshots/images/everest.sky-off.peaks-on.areas-off.b40.wide.png"
everest.sky-off.peaks-on.areas-off.b70.std.png	everest	matrix	27.9	86.85	70	0	0.65	off	peaks	1600	1000	120000	java -jar headless/build/libs/peaknav-headless-1.1.0.jar --lat 27.9 --lon 86.85 --width 1600 --height 1000 --await 120000 --sky off --sky-mode local --constellations on --horizon-compass off --coordinates off --labels "peaks" --download 900000 --shot "70,0,0.65,snapshots/images/everest.sky-off.peaks-on.areas-off.b70.std.png"
everest.sky-off.peaks-on.areas-off.b70.wide.png	everest	matrix	27.9	86.85	70	-8	0.9	off	peaks	1600	1000	120000	java -jar headless/build/libs/peaknav-headless-1.1.0.jar --lat 27.9 --lon 86.85 --width 1600 --height 1000 --await 120000 --sky off --sky-mode local --constellations on --horizon-compass off --coordinates off --labels "peaks" --download 900000 --shot "70,-8,0.9,snapshots/images/everest.sky-off.peaks-on.areas-off.b70.wide.png"
everest.sky-off.peaks-off.areas-on.b10.std.png	everest	matrix	27.9	86.85	10	0	0.65	off	mountain_ranges,islands,lakes,cities	1600	1000	120000	java -jar headless/build/libs/peaknav-headless-1.1.0.jar --lat 27.9 --lon 86.85 --width 1600 --height 1000 --await 120000 --sky off --sky-mode local --constellations on --horizon-compass off --coordinates off --labels "mountain_ranges,islands,lakes,cities" --download 900000 --shot "10,0,0.65,snapshots/images/everest.sky-off.peaks-off.areas-on.b10.std.png"
everest.sky-off.peaks-off.areas-on.b10.wide.png	everest	matrix	27.9	86.85	10	-8	0.9	off	mountain_ranges,islands,lakes,cities	1600	1000	120000	java -jar headless/build/libs/peaknav-headless-1.1.0.jar --lat 27.9 --lon 86.85 --width 1600 --height 1000 --await 120000 --sky off --sky-mode local --constellations on --horizon-compass off --coordinates off --labels "mountain_ranges,islands,lakes,cities" --download 900000 --shot "10,-8,0.9,snapshots/images/everest.sky-off.peaks-off.areas-on.b10.wide.png"
everest.sky-off.peaks-off.areas-on.b40.std.png	everest	matrix	27.9	86.85	40	0	0.65	off	mountain_ranges,islands,lakes,cities	1600	1000	120000	java -jar headless/build/libs/peaknav-headless-1.1.0.jar --lat 27.9 --lon 86.85 --width 1600 --height 1000 --await 120000 --sky off --sky-mode local --constellations on --horizon-compass off --coordinates off --labels "mountain_ranges,islands,lakes,cities" --download 900000 --shot "40,0,0.65,snapshots/images/everest.sky-off.peaks-off.areas-on.b40.std.png"
everest.sky-off.peaks-off.areas-on.b40.wide.png	everest	matrix	27.9	86.85	40	-8	0.9	off	mountain_ranges,islands,lakes,cities	1600	1000	120000	java -jar headless/build/libs/peaknav-headless-1.1.0.jar --lat 27.9 --lon 86.85 --width 1600 --height 1000 --await 120000 --sky off --sky-mode local --constellations on --horizon-compass off --coordinates off --labels "mountain_ranges,islands,lakes,cities" --download 900000 --shot "40,-8,0.9,snapshots/images/everest.sky-off.peaks-off.areas-on.b40.wide.png"
everest.sky-off.peaks-off.areas-on.b70.std.png	everest	matrix	27.9	86.85	70	0	0.65	off	mountain_ranges,islands,lakes,cities	1600	1000	120000	java -jar headless/build/libs/peaknav-headless-1.1.0.jar --lat 27.9 --lon 86.85 --width 1600 --height 1000 --await 120000 --sky off --sky-mode local --constellations on --horizon-compass off --coordinates off --labels "mountain_ranges,islands,lakes,cities" --download 900000 --shot "70,0,0.65,snapshots/images/everest.sky-off.peaks-off.areas-on.b70.std.png"
everest.sky-off.peaks-off.areas-on.b70.wide.png	everest	matrix	27.9	86.85	70	-8	0.9	off	mountain_ranges,islands,lakes,cities	1600	1000	120000	java -jar headless/build/libs/peaknav-headless-1.1.0.jar --lat 27.9 --lon 86.85 --width 1600 --height 1000 --await 120000 --sky off --sky-mode local --constellations on --horizon-compass off --coordinates off --labels "mountain_ranges,islands,lakes,cities" --download 900000 --shot "70,-8,0.9,snapshots/images/everest.sky-off.peaks-off.areas-on.b70.wide.png"
everest.sky-off.peaks-off.areas-off.b10.std.png	everest	matrix	27.9	86.85	10	0	0.65	off	(none)	1600	1000	120000	java -jar headless/build/libs/peaknav-headless-1.1.0.jar --lat 27.9 --lon 86.85 --width 1600 --height 1000 --await 120000 --sky off --sky-mode local --constellations on --horizon-compass off --coordinates off --labels "" --download 900000 --shot "10,0,0.65,snapshots/images/everest.sky-off.peaks-off.areas-off.b10.std.png"
everest.sky-off.peaks-off.areas-off.b10.wide.png	everest	matrix	27.9	86.85	10	-8	0.9	off	(none)	1600	1000	120000	java -jar headless/build/libs/peaknav-headless-1.1.0.jar --lat 27.9 --lon 86.85 --width 1600 --height 1000 --await 120000 --sky off --sky-mode local --constellations on --horizon-compass off --coordinates off --labels "" --download 900000 --shot "10,-8,0.9,snapshots/images/everest.sky-off.peaks-off.areas-off.b10.wide.png"
everest.sky-off.peaks-off.areas-off.b40.std.png	everest	matrix	27.9	86.85	40	0	0.65	off	(none)	1600	1000	120000	java -jar headless/build/libs/peaknav-headless-1.1.0.jar --lat 27.9 --lon 86.85 --width 1600 --height 1000 --await 120000 --sky off --sky-mode local --constellations on --horizon-compass off --coordinates off --labels "" --download 900000 --shot "40,0,0.65,snapshots/images/everest.sky-off.peaks-off.areas-off.b40.std.png"
everest.sky-off.peaks-off.areas-off.b40.wide.png	everest	matrix	27.9	86.85	40	-8	0.9	off	(none)	1600	1000	120000	java -jar headless/build/libs/peaknav-headless-1.1.0.jar --lat 27.9 --lon 86.85 --width 1600 --height 1000 --await 120000 --sky off --sky-mode local --constellations on --horizon-compass off --coordinates off --labels "" --download 900000 --shot "40,-8,0.9,snapshots/images/everest.sky-off.peaks-off.areas-off.b40.wide.png"
everest.sky-off.peaks-off.areas-off.b70.std.png	everest	matrix	27.9	86.85	70	0	0.65	off	(none)	1600	1000	120000	java -jar headless/build/libs/peaknav-headless-1.1.0.jar --lat 27.9 --lon 86.85 --width 1600 --height 1000 --await 120000 --sky off --sky-mode local --constellations on --horizon-compass off --coordinates off --labels "" --download 900000 --shot "70,0,0.65,snapshots/images/everest.sky-off.peaks-off.areas-off.b70.std.png"
everest.sky-off.peaks-off.areas-off.b70.wide.png	everest	matrix	27.9	86.85	70	-8	0.9	off	(none)	1600	1000	120000	java -jar headless/build/libs/peaknav-headless-1.1.0.jar --lat 27.9 --lon 86.85 --width 1600 --height 1000 --await 120000 --sky off --sky-mode local --constellations on --horizon-compass off --coordinates off --labels "" --download 900000 --shot "70,-8,0.9,snapshots/images/everest.sky-off.peaks-off.areas-off.b70.wide.png"
everest.ring.d3km.az0.up.png	everest	ring	28.01505	86.925	180	12	0.2	on	peaks,mountain_ranges,islands,lakes,cities	1600	1000	120000	java -jar headless/build/libs/peaknav-headless-1.1.0.jar --lat 28.01505 --lon 86.925 --width 1600 --height 1000 --await 120000 --sky on --sky-mode local --constellations on --horizon-compass off --coordinates off --labels "peaks,mountain_ranges,islands,lakes,cities" --download 900000 --shot "180,12,0.2,snapshots/images/everest.ring.d3km.az0.up.png"
everest.ring.d3km.az0.level.png	everest	ring	28.01505	86.925	180	-2	0.75	on	peaks,mountain_ranges,islands,lakes,cities	1600	1000	120000	java -jar headless/build/libs/peaknav-headless-1.1.0.jar --lat 28.01505 --lon 86.925 --width 1600 --height 1000 --await 120000 --sky on --sky-mode local --constellations on --horizon-compass off --coordinates off --labels "peaks,mountain_ranges,islands,lakes,cities" --download 900000 --shot "180,-2,0.75,snapshots/images/everest.ring.d3km.az0.level.png"
everest.ring.d3km.az90.up.png	everest	ring	27.9881	86.95552	270	12	0.2	on	peaks,mountain_ranges,islands,lakes,cities	1600	1000	120000	java -jar headless/build/libs/peaknav-headless-1.1.0.jar --lat 27.9881 --lon 86.95552 --width 1600 --height 1000 --await 120000 --sky on --sky-mode local --constellations on --horizon-compass off --coordinates off --labels "peaks,mountain_ranges,islands,lakes,cities" --download 900000 --shot "270,12,0.2,snapshots/images/everest.ring.d3km.az90.up.png"
everest.ring.d3km.az90.level.png	everest	ring	27.9881	86.95552	270	-2	0.75	on	peaks,mountain_ranges,islands,lakes,cities	1600	1000	120000	java -jar headless/build/libs/peaknav-headless-1.1.0.jar --lat 27.9881 --lon 86.95552 --width 1600 --height 1000 --await 120000 --sky on --sky-mode local --constellations on --horizon-compass off --coordinates off --labels "peaks,mountain_ranges,islands,lakes,cities" --download 900000 --shot "270,-2,0.75,snapshots/images/everest.ring.d3km.az90.level.png"
everest.ring.d3km.az180.up.png	everest	ring	27.96115	86.925	0	12	0.2	on	peaks,mountain_ranges,islands,lakes,cities	1600	1000	120000	java -jar headless/build/libs/peaknav-headless-1.1.0.jar --lat 27.96115 --lon 86.925 --width 1600 --height 1000 --await 120000 --sky on --sky-mode local --constellations on --horizon-compass off --coordinates off --labels "peaks,mountain_ranges,islands,lakes,cities" --download 900000 --shot "0,12,0.2,snapshots/images/everest.ring.d3km.az180.up.png"
everest.ring.d3km.az180.level.png	everest	ring	27.96115	86.925	0	-2	0.75	on	peaks,mountain_ranges,islands,lakes,cities	1600	1000	120000	java -jar headless/build/libs/peaknav-headless-1.1.0.jar --lat 27.96115 --lon 86.925 --width 1600 --height 1000 --await 120000 --sky on --sky-mode local --constellations on --horizon-compass off --coordinates off --labels "peaks,mountain_ranges,islands,lakes,cities" --download 900000 --shot "0,-2,0.75,snapshots/images/everest.ring.d3km.az180.level.png"
everest.ring.d3km.az270.up.png	everest	ring	27.9881	86.89448	90	12	0.2	on	peaks,mountain_ranges,islands,lakes,cities	1600	1000	120000	java -jar headless/build/libs/peaknav-headless-1.1.0.jar --lat 27.9881 --lon 86.89448 --width 1600 --height 1000 --await 120000 --sky on --sky-mode local --constellations on --horizon-compass off --coordinates off --labels "peaks,mountain_ranges,islands,lakes,cities" --download 900000 --shot "90,12,0.2,snapshots/images/everest.ring.d3km.az270.up.png"
everest.ring.d3km.az270.level.png	everest	ring	27.9881	86.89448	90	-2	0.75	on	peaks,mountain_ranges,islands,lakes,cities	1600	1000	120000	java -jar headless/build/libs/peaknav-headless-1.1.0.jar --lat 27.9881 --lon 86.89448 --width 1600 --height 1000 --await 120000 --sky on --sky-mode local --constellations on --horizon-compass off --coordinates off --labels "peaks,mountain_ranges,islands,lakes,cities" --download 900000 --shot "90,-2,0.75,snapshots/images/everest.ring.d3km.az270.level.png"
everest.ring.d5km.az0.up.png	everest	ring	28.03302	86.925	180	7	0.2	on	peaks,mountain_ranges,islands,lakes,cities	1600	1000	120000	java -jar headless/build/libs/peaknav-headless-1.1.0.jar --lat 28.03302 --lon 86.925 --width 1600 --height 1000 --await 120000 --sky on --sky-mode local --constellations on --horizon-compass off --coordinates off --labels "peaks,mountain_ranges,islands,lakes,cities" --download 900000 --shot "180,7,0.2,snapshots/images/everest.ring.d5km.az0.up.png"
everest.ring.d5km.az0.level.png	everest	ring	28.03302	86.925	180	-2	0.75	on	peaks,mountain_ranges,islands,lakes,cities	1600	1000	120000	java -jar headless/build/libs/peaknav-headless-1.1.0.jar --lat 28.03302 --lon 86.925 --width 1600 --height 1000 --await 120000 --sky on --sky-mode local --constellations on --horizon-compass off --coordinates off --labels "peaks,mountain_ranges,islands,lakes,cities" --download 900000 --shot "180,-2,0.75,snapshots/images/everest.ring.d5km.az0.level.png"
everest.ring.d5km.az90.up.png	everest	ring	27.9881	86.97586	270	7	0.2	on	peaks,mountain_ranges,islands,lakes,cities	1600	1000	120000	java -jar headless/build/libs/peaknav-headless-1.1.0.jar --lat 27.9881 --lon 86.97586 --width 1600 --height 1000 --await 120000 --sky on --sky-mode local --constellations on --horizon-compass off --coordinates off --labels "peaks,mountain_ranges,islands,lakes,cities" --download 900000 --shot "270,7,0.2,snapshots/images/everest.ring.d5km.az90.up.png"
everest.ring.d5km.az90.level.png	everest	ring	27.9881	86.97586	270	-2	0.75	on	peaks,mountain_ranges,islands,lakes,cities	1600	1000	120000	java -jar headless/build/libs/peaknav-headless-1.1.0.jar --lat 27.9881 --lon 86.97586 --width 1600 --height 1000 --await 120000 --sky on --sky-mode local --constellations on --horizon-compass off --coordinates off --labels "peaks,mountain_ranges,islands,lakes,cities" --download 900000 --shot "270,-2,0.75,snapshots/images/everest.ring.d5km.az90.level.png"
everest.ring.d5km.az180.up.png	everest	ring	27.94318	86.925	0	7	0.2	on	peaks,mountain_ranges,islands,lakes,cities	1600	1000	120000	java -jar headless/build/libs/peaknav-headless-1.1.0.jar --lat 27.94318 --lon 86.925 --width 1600 --height 1000 --await 120000 --sky on --sky-mode local --constellations on --horizon-compass off --coordinates off --labels "peaks,mountain_ranges,islands,lakes,cities" --download 900000 --shot "0,7,0.2,snapshots/images/everest.ring.d5km.az180.up.png"
everest.ring.d5km.az180.level.png	everest	ring	27.94318	86.925	0	-2	0.75	on	peaks,mountain_ranges,islands,lakes,cities	1600	1000	120000	java -jar headless/build/libs/peaknav-headless-1.1.0.jar --lat 27.94318 --lon 86.925 --width 1600 --height 1000 --await 120000 --sky on --sky-mode local --constellations on --horizon-compass off --coordinates off --labels "peaks,mountain_ranges,islands,lakes,cities" --download 900000 --shot "0,-2,0.75,snapshots/images/everest.ring.d5km.az180.level.png"
everest.ring.d5km.az270.up.png	everest	ring	27.9881	86.87414	90	7	0.2	on	peaks,mountain_ranges,islands,lakes,cities	1600	1000	120000	java -jar headless/build/libs/peaknav-headless-1.1.0.jar --lat 27.9881 --lon 86.87414 --width 1600 --height 1000 --await 120000 --sky on --sky-mode local --constellations on --horizon-compass off --coordinates off --labels "peaks,mountain_ranges,islands,lakes,cities" --download 900000 --shot "90,7,0.2,snapshots/images/everest.ring.d5km.az270.up.png"
everest.ring.d5km.az270.level.png	everest	ring	27.9881	86.87414	90	-2	0.75	on	peaks,mountain_ranges,islands,lakes,cities	1600	1000	120000	java -jar headless/build/libs/peaknav-headless-1.1.0.jar --lat 27.9881 --lon 86.87414 --width 1600 --height 1000 --await 120000 --sky on --sky-mode local --constellations on --horizon-compass off --coordinates off --labels "peaks,mountain_ranges,islands,lakes,cities" --download 900000 --shot "90,-2,0.75,snapshots/images/everest.ring.d5km.az270.level.png"
everest.ring.d10km.az0.up.png	everest	ring	28.07793	86.925	180	4	0.2	on	peaks,mountain_ranges,islands,lakes,cities	1600	1000	120000	java -jar headless/build/libs/peaknav-headless-1.1.0.jar --lat 28.07793 --lon 86.925 --width 1600 --height 1000 --await 120000 --sky on --sky-mode local --constellations on --horizon-compass off --coordinates off --labels "peaks,mountain_ranges,islands,lakes,cities" --download 900000 --shot "180,4,0.2,snapshots/images/everest.ring.d10km.az0.up.png"
everest.ring.d10km.az0.level.png	everest	ring	28.07793	86.925	180	-2	0.75	on	peaks,mountain_ranges,islands,lakes,cities	1600	1000	120000	java -jar headless/build/libs/peaknav-headless-1.1.0.jar --lat 28.07793 --lon 86.925 --width 1600 --height 1000 --await 120000 --sky on --sky-mode local --constellations on --horizon-compass off --coordinates off --labels "peaks,mountain_ranges,islands,lakes,cities" --download 900000 --shot "180,-2,0.75,snapshots/images/everest.ring.d10km.az0.level.png"
everest.ring.d10km.az90.up.png	everest	ring	27.9881	87.02673	270	4	0.2	on	peaks,mountain_ranges,islands,lakes,cities	1600	1000	120000	java -jar headless/build/libs/peaknav-headless-1.1.0.jar --lat 27.9881 --lon 87.02673 --width 1600 --height 1000 --await 120000 --sky on --sky-mode local --constellations on --horizon-compass off --coordinates off --labels "peaks,mountain_ranges,islands,lakes,cities" --download 900000 --shot "270,4,0.2,snapshots/images/everest.ring.d10km.az90.up.png"
everest.ring.d10km.az90.level.png	everest	ring	27.9881	87.02673	270	-2	0.75	on	peaks,mountain_ranges,islands,lakes,cities	1600	1000	120000	java -jar headless/build/libs/peaknav-headless-1.1.0.jar --lat 27.9881 --lon 87.02673 --width 1600 --height 1000 --await 120000 --sky on --sky-mode local --constellations on --horizon-compass off --coordinates off --labels "peaks,mountain_ranges,islands,lakes,cities" --download 900000 --shot "270,-2,0.75,snapshots/images/everest.ring.d10km.az90.level.png"
everest.ring.d10km.az180.up.png	everest	ring	27.89827	86.925	0	4	0.2	on	peaks,mountain_ranges,islands,lakes,cities	1600	1000	120000	java -jar headless/build/libs/peaknav-headless-1.1.0.jar --lat 27.89827 --lon 86.925 --width 1600 --height 1000 --await 120000 --sky on --sky-mode local --constellations on --horizon-compass off --coordinates off --labels "peaks,mountain_ranges,islands,lakes,cities" --download 900000 --shot "0,4,0.2,snapshots/images/everest.ring.d10km.az180.up.png"
everest.ring.d10km.az180.level.png	everest	ring	27.89827	86.925	0	-2	0.75	on	peaks,mountain_ranges,islands,lakes,cities	1600	1000	120000	java -jar headless/build/libs/peaknav-headless-1.1.0.jar --lat 27.89827 --lon 86.925 --width 1600 --height 1000 --await 120000 --sky on --sky-mode local --constellations on --horizon-compass off --coordinates off --labels "peaks,mountain_ranges,islands,lakes,cities" --download 900000 --shot "0,-2,0.75,snapshots/images/everest.ring.d10km.az180.level.png"
everest.ring.d10km.az270.up.png	everest	ring	27.9881	86.82327	90	4	0.2	on	peaks,mountain_ranges,islands,lakes,cities	1600	1000	120000	java -jar headless/build/libs/peaknav-headless-1.1.0.jar --lat 27.9881 --lon 86.82327 --width 1600 --height 1000 --await 120000 --sky on --sky-mode local --constellations on --horizon-compass off --coordinates off --labels "peaks,mountain_ranges,islands,lakes,cities" --download 900000 --shot "90,4,0.2,snapshots/images/everest.ring.d10km.az270.up.png"
everest.ring.d10km.az270.level.png	everest	ring	27.9881	86.82327	90	-2	0.75	on	peaks,mountain_ranges,islands,lakes,cities	1600	1000	120000	java -jar headless/build/libs/peaknav-headless-1.1.0.jar --lat 27.9881 --lon 86.82327 --width 1600 --height 1000 --await 120000 --sky on --sky-mode local --constellations on --horizon-compass off --coordinates off --labels "peaks,mountain_ranges,islands,lakes,cities" --download 900000 --shot "90,-2,0.75,snapshots/images/everest.ring.d10km.az270.level.png"
hvar-croatia.sky-on.peaks-on.areas-on.b250.std.png	hvar-croatia	matrix	43.15	16.5	250	-4	0.6	on	peaks,mountain_ranges,islands,lakes,cities	1600	1000	120000	java -jar headless/build/libs/peaknav-headless-1.1.0.jar --lat 43.15 --lon 16.5 --width 1600 --height 1000 --await 120000 --sky on --sky-mode local --constellations on --horizon-compass off --coordinates off --labels "peaks,mountain_ranges,islands,lakes,cities" --download 900000 --shot "250,-4,0.6,snapshots/images/hvar-croatia.sky-on.peaks-on.areas-on.b250.std.png"
hvar-croatia.sky-on.peaks-on.areas-on.b250.wide.png	hvar-croatia	matrix	43.15	16.5	250	-8	0.9	on	peaks,mountain_ranges,islands,lakes,cities	1600	1000	120000	java -jar headless/build/libs/peaknav-headless-1.1.0.jar --lat 43.15 --lon 16.5 --width 1600 --height 1000 --await 120000 --sky on --sky-mode local --constellations on --horizon-compass off --coordinates off --labels "peaks,mountain_ranges,islands,lakes,cities" --download 900000 --shot "250,-8,0.9,snapshots/images/hvar-croatia.sky-on.peaks-on.areas-on.b250.wide.png"
hvar-croatia.sky-on.peaks-on.areas-on.b280.std.png	hvar-croatia	matrix	43.15	16.5	280	-4	0.6	on	peaks,mountain_ranges,islands,lakes,cities	1600	1000	120000	java -jar headless/build/libs/peaknav-headless-1.1.0.jar --lat 43.15 --lon 16.5 --width 1600 --height 1000 --await 120000 --sky on --sky-mode local --constellations on --horizon-compass off --coordinates off --labels "peaks,mountain_ranges,islands,lakes,cities" --download 900000 --shot "280,-4,0.6,snapshots/images/hvar-croatia.sky-on.peaks-on.areas-on.b280.std.png"
hvar-croatia.sky-on.peaks-on.areas-on.b280.wide.png	hvar-croatia	matrix	43.15	16.5	280	-8	0.9	on	peaks,mountain_ranges,islands,lakes,cities	1600	1000	120000	java -jar headless/build/libs/peaknav-headless-1.1.0.jar --lat 43.15 --lon 16.5 --width 1600 --height 1000 --await 120000 --sky on --sky-mode local --constellations on --horizon-compass off --coordinates off --labels "peaks,mountain_ranges,islands,lakes,cities" --download 900000 --shot "280,-8,0.9,snapshots/images/hvar-croatia.sky-on.peaks-on.areas-on.b280.wide.png"
hvar-croatia.sky-on.peaks-on.areas-on.b310.std.png	hvar-croatia	matrix	43.15	16.5	310	-4	0.6	on	peaks,mountain_ranges,islands,lakes,cities	1600	1000	120000	java -jar headless/build/libs/peaknav-headless-1.1.0.jar --lat 43.15 --lon 16.5 --width 1600 --height 1000 --await 120000 --sky on --sky-mode local --constellations on --horizon-compass off --coordinates off --labels "peaks,mountain_ranges,islands,lakes,cities" --download 900000 --shot "310,-4,0.6,snapshots/images/hvar-croatia.sky-on.peaks-on.areas-on.b310.std.png"
hvar-croatia.sky-on.peaks-on.areas-on.b310.wide.png	hvar-croatia	matrix	43.15	16.5	310	-8	0.9	on	peaks,mountain_ranges,islands,lakes,cities	1600	1000	120000	java -jar headless/build/libs/peaknav-headless-1.1.0.jar --lat 43.15 --lon 16.5 --width 1600 --height 1000 --await 120000 --sky on --sky-mode local --constellations on --horizon-compass off --coordinates off --labels "peaks,mountain_ranges,islands,lakes,cities" --download 900000 --shot "310,-8,0.9,snapshots/images/hvar-croatia.sky-on.peaks-on.areas-on.b310.wide.png"
hvar-croatia.sky-on.peaks-on.areas-off.b250.std.png	hvar-croatia	matrix	43.15	16.5	250	-4	0.6	on	peaks	1600	1000	120000	java -jar headless/build/libs/peaknav-headless-1.1.0.jar --lat 43.15 --lon 16.5 --width 1600 --height 1000 --await 120000 --sky on --sky-mode local --constellations on --horizon-compass off --coordinates off --labels "peaks" --download 900000 --shot "250,-4,0.6,snapshots/images/hvar-croatia.sky-on.peaks-on.areas-off.b250.std.png"
hvar-croatia.sky-on.peaks-on.areas-off.b250.wide.png	hvar-croatia	matrix	43.15	16.5	250	-8	0.9	on	peaks	1600	1000	120000	java -jar headless/build/libs/peaknav-headless-1.1.0.jar --lat 43.15 --lon 16.5 --width 1600 --height 1000 --await 120000 --sky on --sky-mode local --constellations on --horizon-compass off --coordinates off --labels "peaks" --download 900000 --shot "250,-8,0.9,snapshots/images/hvar-croatia.sky-on.peaks-on.areas-off.b250.wide.png"
hvar-croatia.sky-on.peaks-on.areas-off.b280.std.png	hvar-croatia	matrix	43.15	16.5	280	-4	0.6	on	peaks	1600	1000	120000	java -jar headless/build/libs/peaknav-headless-1.1.0.jar --lat 43.15 --lon 16.5 --width 1600 --height 1000 --await 120000 --sky on --sky-mode local --constellations on --horizon-compass off --coordinates off --labels "peaks" --download 900000 --shot "280,-4,0.6,snapshots/images/hvar-croatia.sky-on.peaks-on.areas-off.b280.std.png"
hvar-croatia.sky-on.peaks-on.areas-off.b280.wide.png	hvar-croatia	matrix	43.15	16.5	280	-8	0.9	on	peaks	1600	1000	120000	java -jar headless/build/libs/peaknav-headless-1.1.0.jar --lat 43.15 --lon 16.5 --width 1600 --height 1000 --await 120000 --sky on --sky-mode local --constellations on --horizon-compass off --coordinates off --labels "peaks" --download 900000 --shot "280,-8,0.9,snapshots/images/hvar-croatia.sky-on.peaks-on.areas-off.b280.wide.png"
hvar-croatia.sky-on.peaks-on.areas-off.b310.std.png	hvar-croatia	matrix	43.15	16.5	310	-4	0.6	on	peaks	1600	1000	120000	java -jar headless/build/libs/peaknav-headless-1.1.0.jar --lat 43.15 --lon 16.5 --width 1600 --height 1000 --await 120000 --sky on --sky-mode local --constellations on --horizon-compass off --coordinates off --labels "peaks" --download 900000 --shot "310,-4,0.6,snapshots/images/hvar-croatia.sky-on.peaks-on.areas-off.b310.std.png"
hvar-croatia.sky-on.peaks-on.areas-off.b310.wide.png	hvar-croatia	matrix	43.15	16.5	310	-8	0.9	on	peaks	1600	1000	120000	java -jar headless/build/libs/peaknav-headless-1.1.0.jar --lat 43.15 --lon 16.5 --width 1600 --height 1000 --await 120000 --sky on --sky-mode local --constellations on --horizon-compass off --coordinates off --labels "peaks" --download 900000 --shot "310,-8,0.9,snapshots/images/hvar-croatia.sky-on.peaks-on.areas-off.b310.wide.png"
hvar-croatia.sky-on.peaks-off.areas-on.b250.std.png	hvar-croatia	matrix	43.15	16.5	250	-4	0.6	on	mountain_ranges,islands,lakes,cities	1600	1000	120000	java -jar headless/build/libs/peaknav-headless-1.1.0.jar --lat 43.15 --lon 16.5 --width 1600 --height 1000 --await 120000 --sky on --sky-mode local --constellations on --horizon-compass off --coordinates off --labels "mountain_ranges,islands,lakes,cities" --download 900000 --shot "250,-4,0.6,snapshots/images/hvar-croatia.sky-on.peaks-off.areas-on.b250.std.png"
hvar-croatia.sky-on.peaks-off.areas-on.b250.wide.png	hvar-croatia	matrix	43.15	16.5	250	-8	0.9	on	mountain_ranges,islands,lakes,cities	1600	1000	120000	java -jar headless/build/libs/peaknav-headless-1.1.0.jar --lat 43.15 --lon 16.5 --width 1600 --height 1000 --await 120000 --sky on --sky-mode local --constellations on --horizon-compass off --coordinates off --labels "mountain_ranges,islands,lakes,cities" --download 900000 --shot "250,-8,0.9,snapshots/images/hvar-croatia.sky-on.peaks-off.areas-on.b250.wide.png"
hvar-croatia.sky-on.peaks-off.areas-on.b280.std.png	hvar-croatia	matrix	43.15	16.5	280	-4	0.6	on	mountain_ranges,islands,lakes,cities	1600	1000	120000	java -jar headless/build/libs/peaknav-headless-1.1.0.jar --lat 43.15 --lon 16.5 --width 1600 --height 1000 --await 120000 --sky on --sky-mode local --constellations on --horizon-compass off --coordinates off --labels "mountain_ranges,islands,lakes,cities" --download 900000 --shot "280,-4,0.6,snapshots/images/hvar-croatia.sky-on.peaks-off.areas-on.b280.std.png"
hvar-croatia.sky-on.peaks-off.areas-on.b280.wide.png	hvar-croatia	matrix	43.15	16.5	280	-8	0.9	on	mountain_ranges,islands,lakes,cities	1600	1000	120000	java -jar headless/build/libs/peaknav-headless-1.1.0.jar --lat 43.15 --lon 16.5 --width 1600 --height 1000 --await 120000 --sky on --sky-mode local --constellations on --horizon-compass off --coordinates off --labels "mountain_ranges,islands,lakes,cities" --download 900000 --shot "280,-8,0.9,snapshots/images/hvar-croatia.sky-on.peaks-off.areas-on.b280.wide.png"
hvar-croatia.sky-on.peaks-off.areas-on.b310.std.png	hvar-croatia	matrix	43.15	16.5	310	-4	0.6	on	mountain_ranges,islands,lakes,cities	1600	1000	120000	java -jar headless/build/libs/peaknav-headless-1.1.0.jar --lat 43.15 --lon 16.5 --width 1600 --height 1000 --await 120000 --sky on --sky-mode local --constellations on --horizon-compass off --coordinates off --labels "mountain_ranges,islands,lakes,cities" --download 900000 --shot "310,-4,0.6,snapshots/images/hvar-croatia.sky-on.peaks-off.areas-on.b310.std.png"
hvar-croatia.sky-on.peaks-off.areas-on.b310.wide.png	hvar-croatia	matrix	43.15	16.5	310	-8	0.9	on	mountain_ranges,islands,lakes,cities	1600	1000	120000	java -jar headless/build/libs/peaknav-headless-1.1.0.jar --lat 43.15 --lon 16.5 --width 1600 --height 1000 --await 120000 --sky on --sky-mode local --constellations on --horizon-compass off --coordinates off --labels "mountain_ranges,islands,lakes,cities" --download 900000 --shot "310,-8,0.9,snapshots/images/hvar-croatia.sky-on.peaks-off.areas-on.b310.wide.png"
hvar-croatia.sky-on.peaks-off.areas-off.b250.std.png	hvar-croatia	matrix	43.15	16.5	250	-4	0.6	on	(none)	1600	1000	120000	java -jar headless/build/libs/peaknav-headless-1.1.0.jar --lat 43.15 --lon 16.5 --width 1600 --height 1000 --await 120000 --sky on --sky-mode local --constellations on --horizon-compass off --coordinates off --labels "" --download 900000 --shot "250,-4,0.6,snapshots/images/hvar-croatia.sky-on.peaks-off.areas-off.b250.std.png"
hvar-croatia.sky-on.peaks-off.areas-off.b250.wide.png	hvar-croatia	matrix	43.15	16.5	250	-8	0.9	on	(none)	1600	1000	120000	java -jar headless/build/libs/peaknav-headless-1.1.0.jar --lat 43.15 --lon 16.5 --width 1600 --height 1000 --await 120000 --sky on --sky-mode local --constellations on --horizon-compass off --coordinates off --labels "" --download 900000 --shot "250,-8,0.9,snapshots/images/hvar-croatia.sky-on.peaks-off.areas-off.b250.wide.png"
hvar-croatia.sky-on.peaks-off.areas-off.b280.std.png	hvar-croatia	matrix	43.15	16.5	280	-4	0.6	on	(none)	1600	1000	120000	java -jar headless/build/libs/peaknav-headless-1.1.0.jar --lat 43.15 --lon 16.5 --width 1600 --height 1000 --await 120000 --sky on --sky-mode local --constellations on --horizon-compass off --coordinates off --labels "" --download 900000 --shot "280,-4,0.6,snapshots/images/hvar-croatia.sky-on.peaks-off.areas-off.b280.std.png"
hvar-croatia.sky-on.peaks-off.areas-off.b280.wide.png	hvar-croatia	matrix	43.15	16.5	280	-8	0.9	on	(none)	1600	1000	120000	java -jar headless/build/libs/peaknav-headless-1.1.0.jar --lat 43.15 --lon 16.5 --width 1600 --height 1000 --await 120000 --sky on --sky-mode local --constellations on --horizon-compass off --coordinates off --labels "" --download 900000 --shot "280,-8,0.9,snapshots/images/hvar-croatia.sky-on.peaks-off.areas-off.b280.wide.png"
hvar-croatia.sky-on.peaks-off.areas-off.b310.std.png	hvar-croatia	matrix	43.15	16.5	310	-4	0.6	on	(none)	1600	1000	120000	java -jar headless/build/libs/peaknav-headless-1.1.0.jar --lat 43.15 --lon 16.5 --width 1600 --height 1000 --await 120000 --sky on --sky-mode local --constellations on --horizon-compass off --coordinates off --labels "" --download 900000 --shot "310,-4,0.6,snapshots/images/hvar-croatia.sky-on.peaks-off.areas-off.b310.std.png"
hvar-croatia.sky-on.peaks-off.areas-off.b310.wide.png	hvar-croatia	matrix	43.15	16.5	310	-8	0.9	on	(none)	1600	1000	120000	java -jar headless/build/libs/peaknav-headless-1.1.0.jar --lat 43.15 --lon 16.5 --width 1600 --height 1000 --await 120000 --sky on --sky-mode local --constellations on --horizon-compass off --coordinates off --labels "" --download 900000 --shot "310,-8,0.9,snapshots/images/hvar-croatia.sky-on.peaks-off.areas-off.b310.wide.png"
hvar-croatia.sky-off.peaks-on.areas-on.b250.std.png	hvar-croatia	matrix	43.15	16.5	250	-4	0.6	off	peaks,mountain_ranges,islands,lakes,cities	1600	1000	120000	java -jar headless/build/libs/peaknav-headless-1.1.0.jar --lat 43.15 --lon 16.5 --width 1600 --height 1000 --await 120000 --sky off --sky-mode local --constellations on --horizon-compass off --coordinates off --labels "peaks,mountain_ranges,islands,lakes,cities" --download 900000 --shot "250,-4,0.6,snapshots/images/hvar-croatia.sky-off.peaks-on.areas-on.b250.std.png"
hvar-croatia.sky-off.peaks-on.areas-on.b250.wide.png	hvar-croatia	matrix	43.15	16.5	250	-8	0.9	off	peaks,mountain_ranges,islands,lakes,cities	1600	1000	120000	java -jar headless/build/libs/peaknav-headless-1.1.0.jar --lat 43.15 --lon 16.5 --width 1600 --height 1000 --await 120000 --sky off --sky-mode local --constellations on --horizon-compass off --coordinates off --labels "peaks,mountain_ranges,islands,lakes,cities" --download 900000 --shot "250,-8,0.9,snapshots/images/hvar-croatia.sky-off.peaks-on.areas-on.b250.wide.png"
hvar-croatia.sky-off.peaks-on.areas-on.b280.std.png	hvar-croatia	matrix	43.15	16.5	280	-4	0.6	off	peaks,mountain_ranges,islands,lakes,cities	1600	1000	120000	java -jar headless/build/libs/peaknav-headless-1.1.0.jar --lat 43.15 --lon 16.5 --width 1600 --height 1000 --await 120000 --sky off --sky-mode local --constellations on --horizon-compass off --coordinates off --labels "peaks,mountain_ranges,islands,lakes,cities" --download 900000 --shot "280,-4,0.6,snapshots/images/hvar-croatia.sky-off.peaks-on.areas-on.b280.std.png"
hvar-croatia.sky-off.peaks-on.areas-on.b280.wide.png	hvar-croatia	matrix	43.15	16.5	280	-8	0.9	off	peaks,mountain_ranges,islands,lakes,cities	1600	1000	120000	java -jar headless/build/libs/peaknav-headless-1.1.0.jar --lat 43.15 --lon 16.5 --width 1600 --height 1000 --await 120000 --sky off --sky-mode local --constellations on --horizon-compass off --coordinates off --labels "peaks,mountain_ranges,islands,lakes,cities" --download 900000 --shot "280,-8,0.9,snapshots/images/hvar-croatia.sky-off.peaks-on.areas-on.b280.wide.png"
hvar-croatia.sky-off.peaks-on.areas-on.b310.std.png	hvar-croatia	matrix	43.15	16.5	310	-4	0.6	off	peaks,mountain_ranges,islands,lakes,cities	1600	1000	120000	java -jar headless/build/libs/peaknav-headless-1.1.0.jar --lat 43.15 --lon 16.5 --width 1600 --height 1000 --await 120000 --sky off --sky-mode local --constellations on --horizon-compass off --coordinates off --labels "peaks,mountain_ranges,islands,lakes,cities" --download 900000 --shot "310,-4,0.6,snapshots/images/hvar-croatia.sky-off.peaks-on.areas-on.b310.std.png"
hvar-croatia.sky-off.peaks-on.areas-on.b310.wide.png	hvar-croatia	matrix	43.15	16.5	310	-8	0.9	off	peaks,mountain_ranges,islands,lakes,cities	1600	1000	120000	java -jar headless/build/libs/peaknav-headless-1.1.0.jar --lat 43.15 --lon 16.5 --width 1600 --height 1000 --await 120000 --sky off --sky-mode local --constellations on --horizon-compass off --coordinates off --labels "peaks,mountain_ranges,islands,lakes,cities" --download 900000 --shot "310,-8,0.9,snapshots/images/hvar-croatia.sky-off.peaks-on.areas-on.b310.wide.png"
hvar-croatia.sky-off.peaks-on.areas-off.b250.std.png	hvar-croatia	matrix	43.15	16.5	250	-4	0.6	off	peaks	1600	1000	120000	java -jar headless/build/libs/peaknav-headless-1.1.0.jar --lat 43.15 --lon 16.5 --width 1600 --height 1000 --await 120000 --sky off --sky-mode local --constellations on --horizon-compass off --coordinates off --labels "peaks" --download 900000 --shot "250,-4,0.6,snapshots/images/hvar-croatia.sky-off.peaks-on.areas-off.b250.std.png"
hvar-croatia.sky-off.peaks-on.areas-off.b250.wide.png	hvar-croatia	matrix	43.15	16.5	250	-8	0.9	off	peaks	1600	1000	120000	java -jar headless/build/libs/peaknav-headless-1.1.0.jar --lat 43.15 --lon 16.5 --width 1600 --height 1000 --await 120000 --sky off --sky-mode local --constellations on --horizon-compass off --coordinates off --labels "peaks" --download 900000 --shot "250,-8,0.9,snapshots/images/hvar-croatia.sky-off.peaks-on.areas-off.b250.wide.png"
hvar-croatia.sky-off.peaks-on.areas-off.b280.std.png	hvar-croatia	matrix	43.15	16.5	280	-4	0.6	off	peaks	1600	1000	120000	java -jar headless/build/libs/peaknav-headless-1.1.0.jar --lat 43.15 --lon 16.5 --width 1600 --height 1000 --await 120000 --sky off --sky-mode local --constellations on --horizon-compass off --coordinates off --labels "peaks" --download 900000 --shot "280,-4,0.6,snapshots/images/hvar-croatia.sky-off.peaks-on.areas-off.b280.std.png"
hvar-croatia.sky-off.peaks-on.areas-off.b280.wide.png	hvar-croatia	matrix	43.15	16.5	280	-8	0.9	off	peaks	1600	1000	120000	java -jar headless/build/libs/peaknav-headless-1.1.0.jar --lat 43.15 --lon 16.5 --width 1600 --height 1000 --await 120000 --sky off --sky-mode local --constellations on --horizon-compass off --coordinates off --labels "peaks" --download 900000 --shot "280,-8,0.9,snapshots/images/hvar-croatia.sky-off.peaks-on.areas-off.b280.wide.png"
hvar-croatia.sky-off.peaks-on.areas-off.b310.std.png	hvar-croatia	matrix	43.15	16.5	310	-4	0.6	off	peaks	1600	1000	120000	java -jar headless/build/libs/peaknav-headless-1.1.0.jar --lat 43.15 --lon 16.5 --width 1600 --height 1000 --await 120000 --sky off --sky-mode local --constellations on --horizon-compass off --coordinates off --labels "peaks" --download 900000 --shot "310,-4,0.6,snapshots/images/hvar-croatia.sky-off.peaks-on.areas-off.b310.std.png"
hvar-croatia.sky-off.peaks-on.areas-off.b310.wide.png	hvar-croatia	matrix	43.15	16.5	310	-8	0.9	off	peaks	1600	1000	120000	java -jar headless/build/libs/peaknav-headless-1.1.0.jar --lat 43.15 --lon 16.5 --width 1600 --height 1000 --await 120000 --sky off --sky-mode local --constellations on --horizon-compass off --coordinates off --labels "peaks" --download 900000 --shot "310,-8,0.9,snapshots/images/hvar-croatia.sky-off.peaks-on.areas-off.b310.wide.png"
hvar-croatia.sky-off.peaks-off.areas-on.b250.std.png	hvar-croatia	matrix	43.15	16.5	250	-4	0.6	off	mountain_ranges,islands,lakes,cities	1600	1000	120000	java -jar headless/build/libs/peaknav-headless-1.1.0.jar --lat 43.15 --lon 16.5 --width 1600 --height 1000 --await 120000 --sky off --sky-mode local --constellations on --horizon-compass off --coordinates off --labels "mountain_ranges,islands,lakes,cities" --download 900000 --shot "250,-4,0.6,snapshots/images/hvar-croatia.sky-off.peaks-off.areas-on.b250.std.png"
hvar-croatia.sky-off.peaks-off.areas-on.b250.wide.png	hvar-croatia	matrix	43.15	16.5	250	-8	0.9	off	mountain_ranges,islands,lakes,cities	1600	1000	120000	java -jar headless/build/libs/peaknav-headless-1.1.0.jar --lat 43.15 --lon 16.5 --width 1600 --height 1000 --await 120000 --sky off --sky-mode local --constellations on --horizon-compass off --coordinates off --labels "mountain_ranges,islands,lakes,cities" --download 900000 --shot "250,-8,0.9,snapshots/images/hvar-croatia.sky-off.peaks-off.areas-on.b250.wide.png"
hvar-croatia.sky-off.peaks-off.areas-on.b280.std.png	hvar-croatia	matrix	43.15	16.5	280	-4	0.6	off	mountain_ranges,islands,lakes,cities	1600	1000	120000	java -jar headless/build/libs/peaknav-headless-1.1.0.jar --lat 43.15 --lon 16.5 --width 1600 --height 1000 --await 120000 --sky off --sky-mode local --constellations on --horizon-compass off --coordinates off --labels "mountain_ranges,islands,lakes,cities" --download 900000 --shot "280,-4,0.6,snapshots/images/hvar-croatia.sky-off.peaks-off.areas-on.b280.std.png"
hvar-croatia.sky-off.peaks-off.areas-on.b280.wide.png	hvar-croatia	matrix	43.15	16.5	280	-8	0.9	off	mountain_ranges,islands,lakes,cities	1600	1000	120000	java -jar headless/build/libs/peaknav-headless-1.1.0.jar --lat 43.15 --lon 16.5 --width 1600 --height 1000 --await 120000 --sky off --sky-mode local --constellations on --horizon-compass off --coordinates off --labels "mountain_ranges,islands,lakes,cities" --download 900000 --shot "280,-8,0.9,snapshots/images/hvar-croatia.sky-off.peaks-off.areas-on.b280.wide.png"
hvar-croatia.sky-off.peaks-off.areas-on.b310.std.png	hvar-croatia	matrix	43.15	16.5	310	-4	0.6	off	mountain_ranges,islands,lakes,cities	1600	1000	120000	java -jar headless/build/libs/peaknav-headless-1.1.0.jar --lat 43.15 --lon 16.5 --width 1600 --height 1000 --await 120000 --sky off --sky-mode local --constellations on --horizon-compass off --coordinates off --labels "mountain_ranges,islands,lakes,cities" --download 900000 --shot "310,-4,0.6,snapshots/images/hvar-croatia.sky-off.peaks-off.areas-on.b310.std.png"
hvar-croatia.sky-off.peaks-off.areas-on.b310.wide.png	hvar-croatia	matrix	43.15	16.5	310	-8	0.9	off	mountain_ranges,islands,lakes,cities	1600	1000	120000	java -jar headless/build/libs/peaknav-headless-1.1.0.jar --lat 43.15 --lon 16.5 --width 1600 --height 1000 --await 120000 --sky off --sky-mode local --constellations on --horizon-compass off --coordinates off --labels "mountain_ranges,islands,lakes,cities" --download 900000 --shot "310,-8,0.9,snapshots/images/hvar-croatia.sky-off.peaks-off.areas-on.b310.wide.png"
hvar-croatia.sky-off.peaks-off.areas-off.b250.std.png	hvar-croatia	matrix	43.15	16.5	250	-4	0.6	off	(none)	1600	1000	120000	java -jar headless/build/libs/peaknav-headless-1.1.0.jar --lat 43.15 --lon 16.5 --width 1600 --height 1000 --await 120000 --sky off --sky-mode local --constellations on --horizon-compass off --coordinates off --labels "" --download 900000 --shot "250,-4,0.6,snapshots/images/hvar-croatia.sky-off.peaks-off.areas-off.b250.std.png"
hvar-croatia.sky-off.peaks-off.areas-off.b250.wide.png	hvar-croatia	matrix	43.15	16.5	250	-8	0.9	off	(none)	1600	1000	120000	java -jar headless/build/libs/peaknav-headless-1.1.0.jar --lat 43.15 --lon 16.5 --width 1600 --height 1000 --await 120000 --sky off --sky-mode local --constellations on --horizon-compass off --coordinates off --labels "" --download 900000 --shot "250,-8,0.9,snapshots/images/hvar-croatia.sky-off.peaks-off.areas-off.b250.wide.png"
hvar-croatia.sky-off.peaks-off.areas-off.b280.std.png	hvar-croatia	matrix	43.15	16.5	280	-4	0.6	off	(none)	1600	1000	120000	java -jar headless/build/libs/peaknav-headless-1.1.0.jar --lat 43.15 --lon 16.5 --width 1600 --height 1000 --await 120000 --sky off --sky-mode local --constellations on --horizon-compass off --coordinates off --labels "" --download 900000 --shot "280,-4,0.6,snapshots/images/hvar-croatia.sky-off.peaks-off.areas-off.b280.std.png"
hvar-croatia.sky-off.peaks-off.areas-off.b280.wide.png	hvar-croatia	matrix	43.15	16.5	280	-8	0.9	off	(none)	1600	1000	120000	java -jar headless/build/libs/peaknav-headless-1.1.0.jar --lat 43.15 --lon 16.5 --width 1600 --height 1000 --await 120000 --sky off --sky-mode local --constellations on --horizon-compass off --coordinates off --labels "" --download 900000 --shot "280,-8,0.9,snapshots/images/hvar-croatia.sky-off.peaks-off.areas-off.b280.wide.png"
hvar-croatia.sky-off.peaks-off.areas-off.b310.std.png	hvar-croatia	matrix	43.15	16.5	310	-4	0.6	off	(none)	1600	1000	120000	java -jar headless/build/libs/peaknav-headless-1.1.0.jar --lat 43.15 --lon 16.5 --width 1600 --height 1000 --await 120000 --sky off --sky-mode local --constellations on --horizon-compass off --coordinates off --labels "" --download 900000 --shot "310,-4,0.6,snapshots/images/hvar-croatia.sky-off.peaks-off.areas-off.b310.std.png"
hvar-croatia.sky-off.peaks-off.areas-off.b310.wide.png	hvar-croatia	matrix	43.15	16.5	310	-8	0.9	off	(none)	1600	1000	120000	java -jar headless/build/libs/peaknav-headless-1.1.0.jar --lat 43.15 --lon 16.5 --width 1600 --height 1000 --await 120000 --sky off --sky-mode local --constellations on --horizon-compass off --coordinates off --labels "" --download 900000 --shot "310,-8,0.9,snapshots/images/hvar-croatia.sky-off.peaks-off.areas-off.b310.wide.png"
hvar-croatia.ring.d3km.az0.up.png	hvar-croatia	ring	43.17695	16.5	180	12	0.2	on	peaks,mountain_ranges,islands,lakes,cities	1600	1000	120000	java -jar headless/build/libs/peaknav-headless-1.1.0.jar --lat 43.17695 --lon 16.5 --width 1600 --height 1000 --await 120000 --sky on --sky-mode local --constellations on --horizon-compass off --coordinates off --labels "peaks,mountain_ranges,islands,lakes,cities" --download 900000 --shot "180,12,0.2,snapshots/images/hvar-croatia.ring.d3km.az0.up.png"
hvar-croatia.ring.d3km.az0.level.png	hvar-croatia	ring	43.17695	16.5	180	-2	0.75	on	peaks,mountain_ranges,islands,lakes,cities	1600	1000	120000	java -jar headless/build/libs/peaknav-headless-1.1.0.jar --lat 43.17695 --lon 16.5 --width 1600 --height 1000 --await 120000 --sky on --sky-mode local --constellations on --horizon-compass off --coordinates off --labels "peaks,mountain_ranges,islands,lakes,cities" --download 900000 --shot "180,-2,0.75,snapshots/images/hvar-croatia.ring.d3km.az0.level.png"
hvar-croatia.ring.d3km.az90.up.png	hvar-croatia	ring	43.15	16.53694	270	12	0.2	on	peaks,mountain_ranges,islands,lakes,cities	1600	1000	120000	java -jar headless/build/libs/peaknav-headless-1.1.0.jar --lat 43.15 --lon 16.53694 --width 1600 --height 1000 --await 120000 --sky on --sky-mode local --constellations on --horizon-compass off --coordinates off --labels "peaks,mountain_ranges,islands,lakes,cities" --download 900000 --shot "270,12,0.2,snapshots/images/hvar-croatia.ring.d3km.az90.up.png"
hvar-croatia.ring.d3km.az90.level.png	hvar-croatia	ring	43.15	16.53694	270	-2	0.75	on	peaks,mountain_ranges,islands,lakes,cities	1600	1000	120000	java -jar headless/build/libs/peaknav-headless-1.1.0.jar --lat 43.15 --lon 16.53694 --width 1600 --height 1000 --await 120000 --sky on --sky-mode local --constellations on --horizon-compass off --coordinates off --labels "peaks,mountain_ranges,islands,lakes,cities" --download 900000 --shot "270,-2,0.75,snapshots/images/hvar-croatia.ring.d3km.az90.level.png"
hvar-croatia.ring.d3km.az180.up.png	hvar-croatia	ring	43.12305	16.5	0	12	0.2	on	peaks,mountain_ranges,islands,lakes,cities	1600	1000	120000	java -jar headless/build/libs/peaknav-headless-1.1.0.jar --lat 43.12305 --lon 16.5 --width 1600 --height 1000 --await 120000 --sky on --sky-mode local --constellations on --horizon-compass off --coordinates off --labels "peaks,mountain_ranges,islands,lakes,cities" --download 900000 --shot "0,12,0.2,snapshots/images/hvar-croatia.ring.d3km.az180.up.png"
hvar-croatia.ring.d3km.az180.level.png	hvar-croatia	ring	43.12305	16.5	0	-2	0.75	on	peaks,mountain_ranges,islands,lakes,cities	1600	1000	120000	java -jar headless/build/libs/peaknav-headless-1.1.0.jar --lat 43.12305 --lon 16.5 --width 1600 --height 1000 --await 120000 --sky on --sky-mode local --constellations on --horizon-compass off --coordinates off --labels "peaks,mountain_ranges,islands,lakes,cities" --download 900000 --shot "0,-2,0.75,snapshots/images/hvar-croatia.ring.d3km.az180.level.png"
hvar-croatia.ring.d3km.az270.up.png	hvar-croatia	ring	43.15	16.46306	90	12	0.2	on	peaks,mountain_ranges,islands,lakes,cities	1600	1000	120000	java -jar headless/build/libs/peaknav-headless-1.1.0.jar --lat 43.15 --lon 16.46306 --width 1600 --height 1000 --await 120000 --sky on --sky-mode local --constellations on --horizon-compass off --coordinates off --labels "peaks,mountain_ranges,islands,lakes,cities" --download 900000 --shot "90,12,0.2,snapshots/images/hvar-croatia.ring.d3km.az270.up.png"
hvar-croatia.ring.d3km.az270.level.png	hvar-croatia	ring	43.15	16.46306	90	-2	0.75	on	peaks,mountain_ranges,islands,lakes,cities	1600	1000	120000	java -jar headless/build/libs/peaknav-headless-1.1.0.jar --lat 43.15 --lon 16.46306 --width 1600 --height 1000 --await 120000 --sky on --sky-mode local --constellations on --horizon-compass off --coordinates off --labels "peaks,mountain_ranges,islands,lakes,cities" --download 900000 --shot "90,-2,0.75,snapshots/images/hvar-croatia.ring.d3km.az270.level.png"
hvar-croatia.ring.d5km.az0.up.png	hvar-croatia	ring	43.19492	16.5	180	7	0.2	on	peaks,mountain_ranges,islands,lakes,cities	1600	1000	120000	java -jar headless/build/libs/peaknav-headless-1.1.0.jar --lat 43.19492 --lon 16.5 --width 1600 --height 1000 --await 120000 --sky on --sky-mode local --constellations on --horizon-compass off --coordinates off --labels "peaks,mountain_ranges,islands,lakes,cities" --download 900000 --shot "180,7,0.2,snapshots/images/hvar-croatia.ring.d5km.az0.up.png"
hvar-croatia.ring.d5km.az0.level.png	hvar-croatia	ring	43.19492	16.5	180	-2	0.75	on	peaks,mountain_ranges,islands,lakes,cities	1600	1000	120000	java -jar headless/build/libs/peaknav-headless-1.1.0.jar --lat 43.19492 --lon 16.5 --width 1600 --height 1000 --await 120000 --sky on --sky-mode local --constellations on --horizon-compass off --coordinates off --labels "peaks,mountain_ranges,islands,lakes,cities" --download 900000 --shot "180,-2,0.75,snapshots/images/hvar-croatia.ring.d5km.az0.level.png"
hvar-croatia.ring.d5km.az90.up.png	hvar-croatia	ring	43.15	16.56156	270	7	0.2	on	peaks,mountain_ranges,islands,lakes,cities	1600	1000	120000	java -jar headless/build/libs/peaknav-headless-1.1.0.jar --lat 43.15 --lon 16.56156 --width 1600 --height 1000 --await 120000 --sky on --sky-mode local --constellations on --horizon-compass off --coordinates off --labels "peaks,mountain_ranges,islands,lakes,cities" --download 900000 --shot "270,7,0.2,snapshots/images/hvar-croatia.ring.d5km.az90.up.png"
hvar-croatia.ring.d5km.az90.level.png	hvar-croatia	ring	43.15	16.56156	270	-2	0.75	on	peaks,mountain_ranges,islands,lakes,cities	1600	1000	120000	java -jar headless/build/libs/peaknav-headless-1.1.0.jar --lat 43.15 --lon 16.56156 --width 1600 --height 1000 --await 120000 --sky on --sky-mode local --constellations on --horizon-compass off --coordinates off --labels "peaks,mountain_ranges,islands,lakes,cities" --download 900000 --shot "270,-2,0.75,snapshots/images/hvar-croatia.ring.d5km.az90.level.png"
hvar-croatia.ring.d5km.az180.up.png	hvar-croatia	ring	43.10508	16.5	0	7	0.2	on	peaks,mountain_ranges,islands,lakes,cities	1600	1000	120000	java -jar headless/build/libs/peaknav-headless-1.1.0.jar --lat 43.10508 --lon 16.5 --width 1600 --height 1000 --await 120000 --sky on --sky-mode local --constellations on --horizon-compass off --coordinates off --labels "peaks,mountain_ranges,islands,lakes,cities" --download 900000 --shot "0,7,0.2,snapshots/images/hvar-croatia.ring.d5km.az180.up.png"
hvar-croatia.ring.d5km.az180.level.png	hvar-croatia	ring	43.10508	16.5	0	-2	0.75	on	peaks,mountain_ranges,islands,lakes,cities	1600	1000	120000	java -jar headless/build/libs/peaknav-headless-1.1.0.jar --lat 43.10508 --lon 16.5 --width 1600 --height 1000 --await 120000 --sky on --sky-mode local --constellations on --horizon-compass off --coordinates off --labels "peaks,mountain_ranges,islands,lakes,cities" --download 900000 --shot "0,-2,0.75,snapshots/images/hvar-croatia.ring.d5km.az180.level.png"
hvar-croatia.ring.d5km.az270.up.png	hvar-croatia	ring	43.15	16.43844	90	7	0.2	on	peaks,mountain_ranges,islands,lakes,cities	1600	1000	120000	java -jar headless/build/libs/peaknav-headless-1.1.0.jar --lat 43.15 --lon 16.43844 --width 1600 --height 1000 --await 120000 --sky on --sky-mode local --constellations on --horizon-compass off --coordinates off --labels "peaks,mountain_ranges,islands,lakes,cities" --download 900000 --shot "90,7,0.2,snapshots/images/hvar-croatia.ring.d5km.az270.up.png"
hvar-croatia.ring.d5km.az270.level.png	hvar-croatia	ring	43.15	16.43844	90	-2	0.75	on	peaks,mountain_ranges,islands,lakes,cities	1600	1000	120000	java -jar headless/build/libs/peaknav-headless-1.1.0.jar --lat 43.15 --lon 16.43844 --width 1600 --height 1000 --await 120000 --sky on --sky-mode local --constellations on --horizon-compass off --coordinates off --labels "peaks,mountain_ranges,islands,lakes,cities" --download 900000 --shot "90,-2,0.75,snapshots/images/hvar-croatia.ring.d5km.az270.level.png"
hvar-croatia.ring.d10km.az0.up.png	hvar-croatia	ring	43.23983	16.5	180	4	0.2	on	peaks,mountain_ranges,islands,lakes,cities	1600	1000	120000	java -jar headless/build/libs/peaknav-headless-1.1.0.jar --lat 43.23983 --lon 16.5 --width 1600 --height 1000 --await 120000 --sky on --sky-mode local --constellations on --horizon-compass off --coordinates off --labels "peaks,mountain_ranges,islands,lakes,cities" --download 900000 --shot "180,4,0.2,snapshots/images/hvar-croatia.ring.d10km.az0.up.png"
hvar-croatia.ring.d10km.az0.level.png	hvar-croatia	ring	43.23983	16.5	180	-2	0.75	on	peaks,mountain_ranges,islands,lakes,cities	1600	1000	120000	java -jar headless/build/libs/peaknav-headless-1.1.0.jar --lat 43.23983 --lon 16.5 --width 1600 --height 1000 --await 120000 --sky on --sky-mode local --constellations on --horizon-compass off --coordinates off --labels "peaks,mountain_ranges,islands,lakes,cities" --download 900000 --shot "180,-2,0.75,snapshots/images/hvar-croatia.ring.d10km.az0.level.png"
hvar-croatia.ring.d10km.az90.up.png	hvar-croatia	ring	43.15	16.62313	270	4	0.2	on	peaks,mountain_ranges,islands,lakes,cities	1600	1000	120000	java -jar headless/build/libs/peaknav-headless-1.1.0.jar --lat 43.15 --lon 16.62313 --width 1600 --height 1000 --await 120000 --sky on --sky-mode local --constellations on --horizon-compass off --coordinates off --labels "peaks,mountain_ranges,islands,lakes,cities" --download 900000 --shot "270,4,0.2,snapshots/images/hvar-croatia.ring.d10km.az90.up.png"
hvar-croatia.ring.d10km.az90.level.png	hvar-croatia	ring	43.15	16.62313	270	-2	0.75	on	peaks,mountain_ranges,islands,lakes,cities	1600	1000	120000	java -jar headless/build/libs/peaknav-headless-1.1.0.jar --lat 43.15 --lon 16.62313 --width 1600 --height 1000 --await 120000 --sky on --sky-mode local --constellations on --horizon-compass off --coordinates off --labels "peaks,mountain_ranges,islands,lakes,cities" --download 900000 --shot "270,-2,0.75,snapshots/images/hvar-croatia.ring.d10km.az90.level.png"
hvar-croatia.ring.d10km.az180.up.png	hvar-croatia	ring	43.06017	16.5	0	4	0.2	on	peaks,mountain_ranges,islands,lakes,cities	1600	1000	120000	java -jar headless/build/libs/peaknav-headless-1.1.0.jar --lat 43.06017 --lon 16.5 --width 1600 --height 1000 --await 120000 --sky on --sky-mode local --constellations on --horizon-compass off --coordinates off --labels "peaks,mountain_ranges,islands,lakes,cities" --download 900000 --shot "0,4,0.2,snapshots/images/hvar-croatia.ring.d10km.az180.up.png"
hvar-croatia.ring.d10km.az180.level.png	hvar-croatia	ring	43.06017	16.5	0	-2	0.75	on	peaks,mountain_ranges,islands,lakes,cities	1600	1000	120000	java -jar headless/build/libs/peaknav-headless-1.1.0.jar --lat 43.06017 --lon 16.5 --width 1600 --height 1000 --await 120000 --sky on --sky-mode local --constellations on --horizon-compass off --coordinates off --labels "peaks,mountain_ranges,islands,lakes,cities" --download 900000 --shot "0,-2,0.75,snapshots/images/hvar-croatia.ring.d10km.az180.level.png"
hvar-croatia.ring.d10km.az270.up.png	hvar-croatia	ring	43.15	16.37687	90	4	0.2	on	peaks,mountain_ranges,islands,lakes,cities	1600	1000	120000	java -jar headless/build/libs/peaknav-headless-1.1.0.jar --lat 43.15 --lon 16.37687 --width 1600 --height 1000 --await 120000 --sky on --sky-mode local --constellations on --horizon-compass off --coordinates off --labels "peaks,mountain_ranges,islands,lakes,cities" --download 900000 --shot "90,4,0.2,snapshots/images/hvar-croatia.ring.d10km.az270.up.png"
hvar-croatia.ring.d10km.az270.level.png	hvar-croatia	ring	43.15	16.37687	90	-2	0.75	on	peaks,mountain_ranges,islands,lakes,cities	1600	1000	120000	java -jar headless/build/libs/peaknav-headless-1.1.0.jar --lat 43.15 --lon 16.37687 --width 1600 --height 1000 --await 120000 --sky on --sky-mode local --constellations on --horizon-compass off --coordinates off --labels "peaks,mountain_ranges,islands,lakes,cities" --download 900000 --shot "90,-2,0.75,snapshots/images/hvar-croatia.ring.d10km.az270.level.png"
santorini-greece.sky-on.peaks-on.areas-on.b290.std.png	santorini-greece	matrix	36.38	25.46	290	-4	0.6	on	peaks,mountain_ranges,islands,lakes,cities	1600	1000	120000	java -jar headless/build/libs/peaknav-headless-1.1.0.jar --lat 36.38 --lon 25.46 --width 1600 --height 1000 --await 120000 --sky on --sky-mode local --constellations on --horizon-compass off --coordinates off --labels "peaks,mountain_ranges,islands,lakes,cities" --download 900000 --shot "290,-4,0.6,snapshots/images/santorini-greece.sky-on.peaks-on.areas-on.b290.std.png"
santorini-greece.sky-on.peaks-on.areas-on.b290.wide.png	santorini-greece	matrix	36.38	25.46	290	-8	0.9	on	peaks,mountain_ranges,islands,lakes,cities	1600	1000	120000	java -jar headless/build/libs/peaknav-headless-1.1.0.jar --lat 36.38 --lon 25.46 --width 1600 --height 1000 --await 120000 --sky on --sky-mode local --constellations on --horizon-compass off --coordinates off --labels "peaks,mountain_ranges,islands,lakes,cities" --download 900000 --shot "290,-8,0.9,snapshots/images/santorini-greece.sky-on.peaks-on.areas-on.b290.wide.png"
santorini-greece.sky-on.peaks-on.areas-on.b320.std.png	santorini-greece	matrix	36.38	25.46	320	-4	0.6	on	peaks,mountain_ranges,islands,lakes,cities	1600	1000	120000	java -jar headless/build/libs/peaknav-headless-1.1.0.jar --lat 36.38 --lon 25.46 --width 1600 --height 1000 --await 120000 --sky on --sky-mode local --constellations on --horizon-compass off --coordinates off --labels "peaks,mountain_ranges,islands,lakes,cities" --download 900000 --shot "320,-4,0.6,snapshots/images/santorini-greece.sky-on.peaks-on.areas-on.b320.std.png"
santorini-greece.sky-on.peaks-on.areas-on.b320.wide.png	santorini-greece	matrix	36.38	25.46	320	-8	0.9	on	peaks,mountain_ranges,islands,lakes,cities	1600	1000	120000	java -jar headless/build/libs/peaknav-headless-1.1.0.jar --lat 36.38 --lon 25.46 --width 1600 --height 1000 --await 120000 --sky on --sky-mode local --constellations on --horizon-compass off --coordinates off --labels "peaks,mountain_ranges,islands,lakes,cities" --download 900000 --shot "320,-8,0.9,snapshots/images/santorini-greece.sky-on.peaks-on.areas-on.b320.wide.png"
santorini-greece.sky-on.peaks-on.areas-on.b350.std.png	santorini-greece	matrix	36.38	25.46	350	-4	0.6	on	peaks,mountain_ranges,islands,lakes,cities	1600	1000	120000	java -jar headless/build/libs/peaknav-headless-1.1.0.jar --lat 36.38 --lon 25.46 --width 1600 --height 1000 --await 120000 --sky on --sky-mode local --constellations on --horizon-compass off --coordinates off --labels "peaks,mountain_ranges,islands,lakes,cities" --download 900000 --shot "350,-4,0.6,snapshots/images/santorini-greece.sky-on.peaks-on.areas-on.b350.std.png"
santorini-greece.sky-on.peaks-on.areas-on.b350.wide.png	santorini-greece	matrix	36.38	25.46	350	-8	0.9	on	peaks,mountain_ranges,islands,lakes,cities	1600	1000	120000	java -jar headless/build/libs/peaknav-headless-1.1.0.jar --lat 36.38 --lon 25.46 --width 1600 --height 1000 --await 120000 --sky on --sky-mode local --constellations on --horizon-compass off --coordinates off --labels "peaks,mountain_ranges,islands,lakes,cities" --download 900000 --shot "350,-8,0.9,snapshots/images/santorini-greece.sky-on.peaks-on.areas-on.b350.wide.png"
santorini-greece.sky-on.peaks-on.areas-off.b290.std.png	santorini-greece	matrix	36.38	25.46	290	-4	0.6	on	peaks	1600	1000	120000	java -jar headless/build/libs/peaknav-headless-1.1.0.jar --lat 36.38 --lon 25.46 --width 1600 --height 1000 --await 120000 --sky on --sky-mode local --constellations on --horizon-compass off --coordinates off --labels "peaks" --download 900000 --shot "290,-4,0.6,snapshots/images/santorini-greece.sky-on.peaks-on.areas-off.b290.std.png"
santorini-greece.sky-on.peaks-on.areas-off.b290.wide.png	santorini-greece	matrix	36.38	25.46	290	-8	0.9	on	peaks	1600	1000	120000	java -jar headless/build/libs/peaknav-headless-1.1.0.jar --lat 36.38 --lon 25.46 --width 1600 --height 1000 --await 120000 --sky on --sky-mode local --constellations on --horizon-compass off --coordinates off --labels "peaks" --download 900000 --shot "290,-8,0.9,snapshots/images/santorini-greece.sky-on.peaks-on.areas-off.b290.wide.png"
santorini-greece.sky-on.peaks-on.areas-off.b320.std.png	santorini-greece	matrix	36.38	25.46	320	-4	0.6	on	peaks	1600	1000	120000	java -jar headless/build/libs/peaknav-headless-1.1.0.jar --lat 36.38 --lon 25.46 --width 1600 --height 1000 --await 120000 --sky on --sky-mode local --constellations on --horizon-compass off --coordinates off --labels "peaks" --download 900000 --shot "320,-4,0.6,snapshots/images/santorini-greece.sky-on.peaks-on.areas-off.b320.std.png"
santorini-greece.sky-on.peaks-on.areas-off.b320.wide.png	santorini-greece	matrix	36.38	25.46	320	-8	0.9	on	peaks	1600	1000	120000	java -jar headless/build/libs/peaknav-headless-1.1.0.jar --lat 36.38 --lon 25.46 --width 1600 --height 1000 --await 120000 --sky on --sky-mode local --constellations on --horizon-compass off --coordinates off --labels "peaks" --download 900000 --shot "320,-8,0.9,snapshots/images/santorini-greece.sky-on.peaks-on.areas-off.b320.wide.png"
santorini-greece.sky-on.peaks-on.areas-off.b350.std.png	santorini-greece	matrix	36.38	25.46	350	-4	0.6	on	peaks	1600	1000	120000	java -jar headless/build/libs/peaknav-headless-1.1.0.jar --lat 36.38 --lon 25.46 --width 1600 --height 1000 --await 120000 --sky on --sky-mode local --constellations on --horizon-compass off --coordinates off --labels "peaks" --download 900000 --shot "350,-4,0.6,snapshots/images/santorini-greece.sky-on.peaks-on.areas-off.b350.std.png"
santorini-greece.sky-on.peaks-on.areas-off.b350.wide.png	santorini-greece	matrix	36.38	25.46	350	-8	0.9	on	peaks	1600	1000	120000	java -jar headless/build/libs/peaknav-headless-1.1.0.jar --lat 36.38 --lon 25.46 --width 1600 --height 1000 --await 120000 --sky on --sky-mode local --constellations on --horizon-compass off --coordinates off --labels "peaks" --download 900000 --shot "350,-8,0.9,snapshots/images/santorini-greece.sky-on.peaks-on.areas-off.b350.wide.png"
santorini-greece.sky-on.peaks-off.areas-on.b290.std.png	santorini-greece	matrix	36.38	25.46	290	-4	0.6	on	mountain_ranges,islands,lakes,cities	1600	1000	120000	java -jar headless/build/libs/peaknav-headless-1.1.0.jar --lat 36.38 --lon 25.46 --width 1600 --height 1000 --await 120000 --sky on --sky-mode local --constellations on --horizon-compass off --coordinates off --labels "mountain_ranges,islands,lakes,cities" --download 900000 --shot "290,-4,0.6,snapshots/images/santorini-greece.sky-on.peaks-off.areas-on.b290.std.png"
santorini-greece.sky-on.peaks-off.areas-on.b290.wide.png	santorini-greece	matrix	36.38	25.46	290	-8	0.9	on	mountain_ranges,islands,lakes,cities	1600	1000	120000	java -jar headless/build/libs/peaknav-headless-1.1.0.jar --lat 36.38 --lon 25.46 --width 1600 --height 1000 --await 120000 --sky on --sky-mode local --constellations on --horizon-compass off --coordinates off --labels "mountain_ranges,islands,lakes,cities" --download 900000 --shot "290,-8,0.9,snapshots/images/santorini-greece.sky-on.peaks-off.areas-on.b290.wide.png"
santorini-greece.sky-on.peaks-off.areas-on.b320.std.png	santorini-greece	matrix	36.38	25.46	320	-4	0.6	on	mountain_ranges,islands,lakes,cities	1600	1000	120000	java -jar headless/build/libs/peaknav-headless-1.1.0.jar --lat 36.38 --lon 25.46 --width 1600 --height 1000 --await 120000 --sky on --sky-mode local --constellations on --horizon-compass off --coordinates off --labels "mountain_ranges,islands,lakes,cities" --download 900000 --shot "320,-4,0.6,snapshots/images/santorini-greece.sky-on.peaks-off.areas-on.b320.std.png"
santorini-greece.sky-on.peaks-off.areas-on.b320.wide.png	santorini-greece	matrix	36.38	25.46	320	-8	0.9	on	mountain_ranges,islands,lakes,cities	1600	1000	120000	java -jar headless/build/libs/peaknav-headless-1.1.0.jar --lat 36.38 --lon 25.46 --width 1600 --height 1000 --await 120000 --sky on --sky-mode local --constellations on --horizon-compass off --coordinates off --labels "mountain_ranges,islands,lakes,cities" --download 900000 --shot "320,-8,0.9,snapshots/images/santorini-greece.sky-on.peaks-off.areas-on.b320.wide.png"
santorini-greece.sky-on.peaks-off.areas-on.b350.std.png	santorini-greece	matrix	36.38	25.46	350	-4	0.6	on	mountain_ranges,islands,lakes,cities	1600	1000	120000	java -jar headless/build/libs/peaknav-headless-1.1.0.jar --lat 36.38 --lon 25.46 --width 1600 --height 1000 --await 120000 --sky on --sky-mode local --constellations on --horizon-compass off --coordinates off --labels "mountain_ranges,islands,lakes,cities" --download 900000 --shot "350,-4,0.6,snapshots/images/santorini-greece.sky-on.peaks-off.areas-on.b350.std.png"
santorini-greece.sky-on.peaks-off.areas-on.b350.wide.png	santorini-greece	matrix	36.38	25.46	350	-8	0.9	on	mountain_ranges,islands,lakes,cities	1600	1000	120000	java -jar headless/build/libs/peaknav-headless-1.1.0.jar --lat 36.38 --lon 25.46 --width 1600 --height 1000 --await 120000 --sky on --sky-mode local --constellations on --horizon-compass off --coordinates off --labels "mountain_ranges,islands,lakes,cities" --download 900000 --shot "350,-8,0.9,snapshots/images/santorini-greece.sky-on.peaks-off.areas-on.b350.wide.png"
santorini-greece.sky-on.peaks-off.areas-off.b290.std.png	santorini-greece	matrix	36.38	25.46	290	-4	0.6	on	(none)	1600	1000	120000	java -jar headless/build/libs/peaknav-headless-1.1.0.jar --lat 36.38 --lon 25.46 --width 1600 --height 1000 --await 120000 --sky on --sky-mode local --constellations on --horizon-compass off --coordinates off --labels "" --download 900000 --shot "290,-4,0.6,snapshots/images/santorini-greece.sky-on.peaks-off.areas-off.b290.std.png"
santorini-greece.sky-on.peaks-off.areas-off.b290.wide.png	santorini-greece	matrix	36.38	25.46	290	-8	0.9	on	(none)	1600	1000	120000	java -jar headless/build/libs/peaknav-headless-1.1.0.jar --lat 36.38 --lon 25.46 --width 1600 --height 1000 --await 120000 --sky on --sky-mode local --constellations on --horizon-compass off --coordinates off --labels "" --download 900000 --shot "290,-8,0.9,snapshots/images/santorini-greece.sky-on.peaks-off.areas-off.b290.wide.png"
santorini-greece.sky-on.peaks-off.areas-off.b320.std.png	santorini-greece	matrix	36.38	25.46	320	-4	0.6	on	(none)	1600	1000	120000	java -jar headless/build/libs/peaknav-headless-1.1.0.jar --lat 36.38 --lon 25.46 --width 1600 --height 1000 --await 120000 --sky on --sky-mode local --constellations on --horizon-compass off --coordinates off --labels "" --download 900000 --shot "320,-4,0.6,snapshots/images/santorini-greece.sky-on.peaks-off.areas-off.b320.std.png"
santorini-greece.sky-on.peaks-off.areas-off.b320.wide.png	santorini-greece	matrix	36.38	25.46	320	-8	0.9	on	(none)	1600	1000	120000	java -jar headless/build/libs/peaknav-headless-1.1.0.jar --lat 36.38 --lon 25.46 --width 1600 --height 1000 --await 120000 --sky on --sky-mode local --constellations on --horizon-compass off --coordinates off --labels "" --download 900000 --shot "320,-8,0.9,snapshots/images/santorini-greece.sky-on.peaks-off.areas-off.b320.wide.png"
santorini-greece.sky-on.peaks-off.areas-off.b350.std.png	santorini-greece	matrix	36.38	25.46	350	-4	0.6	on	(none)	1600	1000	120000	java -jar headless/build/libs/peaknav-headless-1.1.0.jar --lat 36.38 --lon 25.46 --width 1600 --height 1000 --await 120000 --sky on --sky-mode local --constellations on --horizon-compass off --coordinates off --labels "" --download 900000 --shot "350,-4,0.6,snapshots/images/santorini-greece.sky-on.peaks-off.areas-off.b350.std.png"
santorini-greece.sky-on.peaks-off.areas-off.b350.wide.png	santorini-greece	matrix	36.38	25.46	350	-8	0.9	on	(none)	1600	1000	120000	java -jar headless/build/libs/peaknav-headless-1.1.0.jar --lat 36.38 --lon 25.46 --width 1600 --height 1000 --await 120000 --sky on --sky-mode local --constellations on --horizon-compass off --coordinates off --labels "" --download 900000 --shot "350,-8,0.9,snapshots/images/santorini-greece.sky-on.peaks-off.areas-off.b350.wide.png"
santorini-greece.sky-off.peaks-on.areas-on.b290.std.png	santorini-greece	matrix	36.38	25.46	290	-4	0.6	off	peaks,mountain_ranges,islands,lakes,cities	1600	1000	120000	java -jar headless/build/libs/peaknav-headless-1.1.0.jar --lat 36.38 --lon 25.46 --width 1600 --height 1000 --await 120000 --sky off --sky-mode local --constellations on --horizon-compass off --coordinates off --labels "peaks,mountain_ranges,islands,lakes,cities" --download 900000 --shot "290,-4,0.6,snapshots/images/santorini-greece.sky-off.peaks-on.areas-on.b290.std.png"
santorini-greece.sky-off.peaks-on.areas-on.b290.wide.png	santorini-greece	matrix	36.38	25.46	290	-8	0.9	off	peaks,mountain_ranges,islands,lakes,cities	1600	1000	120000	java -jar headless/build/libs/peaknav-headless-1.1.0.jar --lat 36.38 --lon 25.46 --width 1600 --height 1000 --await 120000 --sky off --sky-mode local --constellations on --horizon-compass off --coordinates off --labels "peaks,mountain_ranges,islands,lakes,cities" --download 900000 --shot "290,-8,0.9,snapshots/images/santorini-greece.sky-off.peaks-on.areas-on.b290.wide.png"
santorini-greece.sky-off.peaks-on.areas-on.b320.std.png	santorini-greece	matrix	36.38	25.46	320	-4	0.6	off	peaks,mountain_ranges,islands,lakes,cities	1600	1000	120000	java -jar headless/build/libs/peaknav-headless-1.1.0.jar --lat 36.38 --lon 25.46 --width 1600 --height 1000 --await 120000 --sky off --sky-mode local --constellations on --horizon-compass off --coordinates off --labels "peaks,mountain_ranges,islands,lakes,cities" --download 900000 --shot "320,-4,0.6,snapshots/images/santorini-greece.sky-off.peaks-on.areas-on.b320.std.png"
santorini-greece.sky-off.peaks-on.areas-on.b320.wide.png	santorini-greece	matrix	36.38	25.46	320	-8	0.9	off	peaks,mountain_ranges,islands,lakes,cities	1600	1000	120000	java -jar headless/build/libs/peaknav-headless-1.1.0.jar --lat 36.38 --lon 25.46 --width 1600 --height 1000 --await 120000 --sky off --sky-mode local --constellations on --horizon-compass off --coordinates off --labels "peaks,mountain_ranges,islands,lakes,cities" --download 900000 --shot "320,-8,0.9,snapshots/images/santorini-greece.sky-off.peaks-on.areas-on.b320.wide.png"
santorini-greece.sky-off.peaks-on.areas-on.b350.std.png	santorini-greece	matrix	36.38	25.46	350	-4	0.6	off	peaks,mountain_ranges,islands,lakes,cities	1600	1000	120000	java -jar headless/build/libs/peaknav-headless-1.1.0.jar --lat 36.38 --lon 25.46 --width 1600 --height 1000 --await 120000 --sky off --sky-mode local --constellations on --horizon-compass off --coordinates off --labels "peaks,mountain_ranges,islands,lakes,cities" --download 900000 --shot "350,-4,0.6,snapshots/images/santorini-greece.sky-off.peaks-on.areas-on.b350.std.png"
santorini-greece.sky-off.peaks-on.areas-on.b350.wide.png	santorini-greece	matrix	36.38	25.46	350	-8	0.9	off	peaks,mountain_ranges,islands,lakes,cities	1600	1000	120000	java -jar headless/build/libs/peaknav-headless-1.1.0.jar --lat 36.38 --lon 25.46 --width 1600 --height 1000 --await 120000 --sky off --sky-mode local --constellations on --horizon-compass off --coordinates off --labels "peaks,mountain_ranges,islands,lakes,cities" --download 900000 --shot "350,-8,0.9,snapshots/images/santorini-greece.sky-off.peaks-on.areas-on.b350.wide.png"
santorini-greece.sky-off.peaks-on.areas-off.b290.std.png	santorini-greece	matrix	36.38	25.46	290	-4	0.6	off	peaks	1600	1000	120000	java -jar headless/build/libs/peaknav-headless-1.1.0.jar --lat 36.38 --lon 25.46 --width 1600 --height 1000 --await 120000 --sky off --sky-mode local --constellations on --horizon-compass off --coordinates off --labels "peaks" --download 900000 --shot "290,-4,0.6,snapshots/images/santorini-greece.sky-off.peaks-on.areas-off.b290.std.png"
santorini-greece.sky-off.peaks-on.areas-off.b290.wide.png	santorini-greece	matrix	36.38	25.46	290	-8	0.9	off	peaks	1600	1000	120000	java -jar headless/build/libs/peaknav-headless-1.1.0.jar --lat 36.38 --lon 25.46 --width 1600 --height 1000 --await 120000 --sky off --sky-mode local --constellations on --horizon-compass off --coordinates off --labels "peaks" --download 900000 --shot "290,-8,0.9,snapshots/images/santorini-greece.sky-off.peaks-on.areas-off.b290.wide.png"
santorini-greece.sky-off.peaks-on.areas-off.b320.std.png	santorini-greece	matrix	36.38	25.46	320	-4	0.6	off	peaks	1600	1000	120000	java -jar headless/build/libs/peaknav-headless-1.1.0.jar --lat 36.38 --lon 25.46 --width 1600 --height 1000 --await 120000 --sky off --sky-mode local --constellations on --horizon-compass off --coordinates off --labels "peaks" --download 900000 --shot "320,-4,0.6,snapshots/images/santorini-greece.sky-off.peaks-on.areas-off.b320.std.png"
santorini-greece.sky-off.peaks-on.areas-off.b320.wide.png	santorini-greece	matrix	36.38	25.46	320	-8	0.9	off	peaks	1600	1000	120000	java -jar headless/build/libs/peaknav-headless-1.1.0.jar --lat 36.38 --lon 25.46 --width 1600 --height 1000 --await 120000 --sky off --sky-mode local --constellations on --horizon-compass off --coordinates off --labels "peaks" --download 900000 --shot "320,-8,0.9,snapshots/images/santorini-greece.sky-off.peaks-on.areas-off.b320.wide.png"
santorini-greece.sky-off.peaks-on.areas-off.b350.std.png	santorini-greece	matrix	36.38	25.46	350	-4	0.6	off	peaks	1600	1000	120000	java -jar headless/build/libs/peaknav-headless-1.1.0.jar --lat 36.38 --lon 25.46 --width 1600 --height 1000 --await 120000 --sky off --sky-mode local --constellations on --horizon-compass off --coordinates off --labels "peaks" --download 900000 --shot "350,-4,0.6,snapshots/images/santorini-greece.sky-off.peaks-on.areas-off.b350.std.png"
santorini-greece.sky-off.peaks-on.areas-off.b350.wide.png	santorini-greece	matrix	36.38	25.46	350	-8	0.9	off	peaks	1600	1000	120000	java -jar headless/build/libs/peaknav-headless-1.1.0.jar --lat 36.38 --lon 25.46 --width 1600 --height 1000 --await 120000 --sky off --sky-mode local --constellations on --horizon-compass off --coordinates off --labels "peaks" --download 900000 --shot "350,-8,0.9,snapshots/images/santorini-greece.sky-off.peaks-on.areas-off.b350.wide.png"
santorini-greece.sky-off.peaks-off.areas-on.b290.std.png	santorini-greece	matrix	36.38	25.46	290	-4	0.6	off	mountain_ranges,islands,lakes,cities	1600	1000	120000	java -jar headless/build/libs/peaknav-headless-1.1.0.jar --lat 36.38 --lon 25.46 --width 1600 --height 1000 --await 120000 --sky off --sky-mode local --constellations on --horizon-compass off --coordinates off --labels "mountain_ranges,islands,lakes,cities" --download 900000 --shot "290,-4,0.6,snapshots/images/santorini-greece.sky-off.peaks-off.areas-on.b290.std.png"
santorini-greece.sky-off.peaks-off.areas-on.b290.wide.png	santorini-greece	matrix	36.38	25.46	290	-8	0.9	off	mountain_ranges,islands,lakes,cities	1600	1000	120000	java -jar headless/build/libs/peaknav-headless-1.1.0.jar --lat 36.38 --lon 25.46 --width 1600 --height 1000 --await 120000 --sky off --sky-mode local --constellations on --horizon-compass off --coordinates off --labels "mountain_ranges,islands,lakes,cities" --download 900000 --shot "290,-8,0.9,snapshots/images/santorini-greece.sky-off.peaks-off.areas-on.b290.wide.png"
santorini-greece.sky-off.peaks-off.areas-on.b320.std.png	santorini-greece	matrix	36.38	25.46	320	-4	0.6	off	mountain_ranges,islands,lakes,cities	1600	1000	120000	java -jar headless/build/libs/peaknav-headless-1.1.0.jar --lat 36.38 --lon 25.46 --width 1600 --height 1000 --await 120000 --sky off --sky-mode local --constellations on --horizon-compass off --coordinates off --labels "mountain_ranges,islands,lakes,cities" --download 900000 --shot "320,-4,0.6,snapshots/images/santorini-greece.sky-off.peaks-off.areas-on.b320.std.png"
santorini-greece.sky-off.peaks-off.areas-on.b320.wide.png	santorini-greece	matrix	36.38	25.46	320	-8	0.9	off	mountain_ranges,islands,lakes,cities	1600	1000	120000	java -jar headless/build/libs/peaknav-headless-1.1.0.jar --lat 36.38 --lon 25.46 --width 1600 --height 1000 --await 120000 --sky off --sky-mode local --constellations on --horizon-compass off --coordinates off --labels "mountain_ranges,islands,lakes,cities" --download 900000 --shot "320,-8,0.9,snapshots/images/santorini-greece.sky-off.peaks-off.areas-on.b320.wide.png"
santorini-greece.sky-off.peaks-off.areas-on.b350.std.png	santorini-greece	matrix	36.38	25.46	350	-4	0.6	off	mountain_ranges,islands,lakes,cities	1600	1000	120000	java -jar headless/build/libs/peaknav-headless-1.1.0.jar --lat 36.38 --lon 25.46 --width 1600 --height 1000 --await 120000 --sky off --sky-mode local --constellations on --horizon-compass off --coordinates off --labels "mountain_ranges,islands,lakes,cities" --download 900000 --shot "350,-4,0.6,snapshots/images/santorini-greece.sky-off.peaks-off.areas-on.b350.std.png"
santorini-greece.sky-off.peaks-off.areas-on.b350.wide.png	santorini-greece	matrix	36.38	25.46	350	-8	0.9	off	mountain_ranges,islands,lakes,cities	1600	1000	120000	java -jar headless/build/libs/peaknav-headless-1.1.0.jar --lat 36.38 --lon 25.46 --width 1600 --height 1000 --await 120000 --sky off --sky-mode local --constellations on --horizon-compass off --coordinates off --labels "mountain_ranges,islands,lakes,cities" --download 900000 --shot "350,-8,0.9,snapshots/images/santorini-greece.sky-off.peaks-off.areas-on.b350.wide.png"
santorini-greece.sky-off.peaks-off.areas-off.b290.std.png	santorini-greece	matrix	36.38	25.46	290	-4	0.6	off	(none)	1600	1000	120000	java -jar headless/build/libs/peaknav-headless-1.1.0.jar --lat 36.38 --lon 25.46 --width 1600 --height 1000 --await 120000 --sky off --sky-mode local --constellations on --horizon-compass off --coordinates off --labels "" --download 900000 --shot "290,-4,0.6,snapshots/images/santorini-greece.sky-off.peaks-off.areas-off.b290.std.png"
santorini-greece.sky-off.peaks-off.areas-off.b290.wide.png	santorini-greece	matrix	36.38	25.46	290	-8	0.9	off	(none)	1600	1000	120000	java -jar headless/build/libs/peaknav-headless-1.1.0.jar --lat 36.38 --lon 25.46 --width 1600 --height 1000 --await 120000 --sky off --sky-mode local --constellations on --horizon-compass off --coordinates off --labels "" --download 900000 --shot "290,-8,0.9,snapshots/images/santorini-greece.sky-off.peaks-off.areas-off.b290.wide.png"
santorini-greece.sky-off.peaks-off.areas-off.b320.std.png	santorini-greece	matrix	36.38	25.46	320	-4	0.6	off	(none)	1600	1000	120000	java -jar headless/build/libs/peaknav-headless-1.1.0.jar --lat 36.38 --lon 25.46 --width 1600 --height 1000 --await 120000 --sky off --sky-mode local --constellations on --horizon-compass off --coordinates off --labels "" --download 900000 --shot "320,-4,0.6,snapshots/images/santorini-greece.sky-off.peaks-off.areas-off.b320.std.png"
santorini-greece.sky-off.peaks-off.areas-off.b320.wide.png	santorini-greece	matrix	36.38	25.46	320	-8	0.9	off	(none)	1600	1000	120000	java -jar headless/build/libs/peaknav-headless-1.1.0.jar --lat 36.38 --lon 25.46 --width 1600 --height 1000 --await 120000 --sky off --sky-mode local --constellations on --horizon-compass off --coordinates off --labels "" --download 900000 --shot "320,-8,0.9,snapshots/images/santorini-greece.sky-off.peaks-off.areas-off.b320.wide.png"
santorini-greece.sky-off.peaks-off.areas-off.b350.std.png	santorini-greece	matrix	36.38	25.46	350	-4	0.6	off	(none)	1600	1000	120000	java -jar headless/build/libs/peaknav-headless-1.1.0.jar --lat 36.38 --lon 25.46 --width 1600 --height 1000 --await 120000 --sky off --sky-mode local --constellations on --horizon-compass off --coordinates off --labels "" --download 900000 --shot "350,-4,0.6,snapshots/images/santorini-greece.sky-off.peaks-off.areas-off.b350.std.png"
santorini-greece.sky-off.peaks-off.areas-off.b350.wide.png	santorini-greece	matrix	36.38	25.46	350	-8	0.9	off	(none)	1600	1000	120000	java -jar headless/build/libs/peaknav-headless-1.1.0.jar --lat 36.38 --lon 25.46 --width 1600 --height 1000 --await 120000 --sky off --sky-mode local --constellations on --horizon-compass off --coordinates off --labels "" --download 900000 --shot "350,-8,0.9,snapshots/images/santorini-greece.sky-off.peaks-off.areas-off.b350.wide.png"
santorini-greece.ring.d3km.az0.up.png	santorini-greece	ring	36.40695	25.46	180	12	0.2	on	peaks,mountain_ranges,islands,lakes,cities	1600	1000	120000	java -jar headless/build/libs/peaknav-headless-1.1.0.jar --lat 36.40695 --lon 25.46 --width 1600 --height 1000 --await 120000 --sky on --sky-mode local --constellations on --horizon-compass off --coordinates off --labels "peaks,mountain_ranges,islands,lakes,cities" --download 900000 --shot "180,12,0.2,snapshots/images/santorini-greece.ring.d3km.az0.up.png"
santorini-greece.ring.d3km.az0.level.png	santorini-greece	ring	36.40695	25.46	180	-2	0.75	on	peaks,mountain_ranges,islands,lakes,cities	1600	1000	120000	java -jar headless/build/libs/peaknav-headless-1.1.0.jar --lat 36.40695 --lon 25.46 --width 1600 --height 1000 --await 120000 --sky on --sky-mode local --constellations on --horizon-compass off --coordinates off --labels "peaks,mountain_ranges,islands,lakes,cities" --download 900000 --shot "180,-2,0.75,snapshots/images/santorini-greece.ring.d3km.az0.level.png"
santorini-greece.ring.d3km.az90.up.png	santorini-greece	ring	36.38	25.49347	270	12	0.2	on	peaks,mountain_ranges,islands,lakes,cities	1600	1000	120000	java -jar headless/build/libs/peaknav-headless-1.1.0.jar --lat 36.38 --lon 25.49347 --width 1600 --height 1000 --await 120000 --sky on --sky-mode local --constellations on --horizon-compass off --coordinates off --labels "peaks,mountain_ranges,islands,lakes,cities" --download 900000 --shot "270,12,0.2,snapshots/images/santorini-greece.ring.d3km.az90.up.png"
santorini-greece.ring.d3km.az90.level.png	santorini-greece	ring	36.38	25.49347	270	-2	0.75	on	peaks,mountain_ranges,islands,lakes,cities	1600	1000	120000	java -jar headless/build/libs/peaknav-headless-1.1.0.jar --lat 36.38 --lon 25.49347 --width 1600 --height 1000 --await 120000 --sky on --sky-mode local --constellations on --horizon-compass off --coordinates off --labels "peaks,mountain_ranges,islands,lakes,cities" --download 900000 --shot "270,-2,0.75,snapshots/images/santorini-greece.ring.d3km.az90.level.png"
santorini-greece.ring.d3km.az180.up.png	santorini-greece	ring	36.35305	25.46	0	12	0.2	on	peaks,mountain_ranges,islands,lakes,cities	1600	1000	120000	java -jar headless/build/libs/peaknav-headless-1.1.0.jar --lat 36.35305 --lon 25.46 --width 1600 --height 1000 --await 120000 --sky on --sky-mode local --constellations on --horizon-compass off --coordinates off --labels "peaks,mountain_ranges,islands,lakes,cities" --download 900000 --shot "0,12,0.2,snapshots/images/santorini-greece.ring.d3km.az180.up.png"
santorini-greece.ring.d3km.az180.level.png	santorini-greece	ring	36.35305	25.46	0	-2	0.75	on	peaks,mountain_ranges,islands,lakes,cities	1600	1000	120000	java -jar headless/build/libs/peaknav-headless-1.1.0.jar --lat 36.35305 --lon 25.46 --width 1600 --height 1000 --await 120000 --sky on --sky-mode local --constellations on --horizon-compass off --coordinates off --labels "peaks,mountain_ranges,islands,lakes,cities" --download 900000 --shot "0,-2,0.75,snapshots/images/santorini-greece.ring.d3km.az180.level.png"
santorini-greece.ring.d3km.az270.up.png	santorini-greece	ring	36.38	25.42653	90	12	0.2	on	peaks,mountain_ranges,islands,lakes,cities	1600	1000	120000	java -jar headless/build/libs/peaknav-headless-1.1.0.jar --lat 36.38 --lon 25.42653 --width 1600 --height 1000 --await 120000 --sky on --sky-mode local --constellations on --horizon-compass off --coordinates off --labels "peaks,mountain_ranges,islands,lakes,cities" --download 900000 --shot "90,12,0.2,snapshots/images/santorini-greece.ring.d3km.az270.up.png"
santorini-greece.ring.d3km.az270.level.png	santorini-greece	ring	36.38	25.42653	90	-2	0.75	on	peaks,mountain_ranges,islands,lakes,cities	1600	1000	120000	java -jar headless/build/libs/peaknav-headless-1.1.0.jar --lat 36.38 --lon 25.42653 --width 1600 --height 1000 --await 120000 --sky on --sky-mode local --constellations on --horizon-compass off --coordinates off --labels "peaks,mountain_ranges,islands,lakes,cities" --download 900000 --shot "90,-2,0.75,snapshots/images/santorini-greece.ring.d3km.az270.level.png"
santorini-greece.ring.d5km.az0.up.png	santorini-greece	ring	36.42492	25.46	180	7	0.2	on	peaks,mountain_ranges,islands,lakes,cities	1600	1000	120000	java -jar headless/build/libs/peaknav-headless-1.1.0.jar --lat 36.42492 --lon 25.46 --width 1600 --height 1000 --await 120000 --sky on --sky-mode local --constellations on --horizon-compass off --coordinates off --labels "peaks,mountain_ranges,islands,lakes,cities" --download 900000 --shot "180,7,0.2,snapshots/images/santorini-greece.ring.d5km.az0.up.png"
santorini-greece.ring.d5km.az0.level.png	santorini-greece	ring	36.42492	25.46	180	-2	0.75	on	peaks,mountain_ranges,islands,lakes,cities	1600	1000	120000	java -jar headless/build/libs/peaknav-headless-1.1.0.jar --lat 36.42492 --lon 25.46 --width 1600 --height 1000 --await 120000 --sky on --sky-mode local --constellations on --horizon-compass off --coordinates off --labels "peaks,mountain_ranges,islands,lakes,cities" --download 900000 --shot "180,-2,0.75,snapshots/images/santorini-greece.ring.d5km.az0.level.png"
santorini-greece.ring.d5km.az90.up.png	santorini-greece	ring	36.38	25.51579	270	7	0.2	on	peaks,mountain_ranges,islands,lakes,cities	1600	1000	120000	java -jar headless/build/libs/peaknav-headless-1.1.0.jar --lat 36.38 --lon 25.51579 --width 1600 --height 1000 --await 120000 --sky on --sky-mode local --constellations on --horizon-compass off --coordinates off --labels "peaks,mountain_ranges,islands,lakes,cities" --download 900000 --shot "270,7,0.2,snapshots/images/santorini-greece.ring.d5km.az90.up.png"
santorini-greece.ring.d5km.az90.level.png	santorini-greece	ring	36.38	25.51579	270	-2	0.75	on	peaks,mountain_ranges,islands,lakes,cities	1600	1000	120000	java -jar headless/build/libs/peaknav-headless-1.1.0.jar --lat 36.38 --lon 25.51579 --width 1600 --height 1000 --await 120000 --sky on --sky-mode local --constellations on --horizon-compass off --coordinates off --labels "peaks,mountain_ranges,islands,lakes,cities" --download 900000 --shot "270,-2,0.75,snapshots/images/santorini-greece.ring.d5km.az90.level.png"
santorini-greece.ring.d5km.az180.up.png	santorini-greece	ring	36.33508	25.46	0	7	0.2	on	peaks,mountain_ranges,islands,lakes,cities	1600	1000	120000	java -jar headless/build/libs/peaknav-headless-1.1.0.jar --lat 36.33508 --lon 25.46 --width 1600 --height 1000 --await 120000 --sky on --sky-mode local --constellations on --horizon-compass off --coordinates off --labels "peaks,mountain_ranges,islands,lakes,cities" --download 900000 --shot "0,7,0.2,snapshots/images/santorini-greece.ring.d5km.az180.up.png"
santorini-greece.ring.d5km.az180.level.png	santorini-greece	ring	36.33508	25.46	0	-2	0.75	on	peaks,mountain_ranges,islands,lakes,cities	1600	1000	120000	java -jar headless/build/libs/peaknav-headless-1.1.0.jar --lat 36.33508 --lon 25.46 --width 1600 --height 1000 --await 120000 --sky on --sky-mode local --constellations on --horizon-compass off --coordinates off --labels "peaks,mountain_ranges,islands,lakes,cities" --download 900000 --shot "0,-2,0.75,snapshots/images/santorini-greece.ring.d5km.az180.level.png"
santorini-greece.ring.d5km.az270.up.png	santorini-greece	ring	36.38	25.40421	90	7	0.2	on	peaks,mountain_ranges,islands,lakes,cities	1600	1000	120000	java -jar headless/build/libs/peaknav-headless-1.1.0.jar --lat 36.38 --lon 25.40421 --width 1600 --height 1000 --await 120000 --sky on --sky-mode local --constellations on --horizon-compass off --coordinates off --labels "peaks,mountain_ranges,islands,lakes,cities" --download 900000 --shot "90,7,0.2,snapshots/images/santorini-greece.ring.d5km.az270.up.png"
santorini-greece.ring.d5km.az270.level.png	santorini-greece	ring	36.38	25.40421	90	-2	0.75	on	peaks,mountain_ranges,islands,lakes,cities	1600	1000	120000	java -jar headless/build/libs/peaknav-headless-1.1.0.jar --lat 36.38 --lon 25.40421 --width 1600 --height 1000 --await 120000 --sky on --sky-mode local --constellations on --horizon-compass off --coordinates off --labels "peaks,mountain_ranges,islands,lakes,cities" --download 900000 --shot "90,-2,0.75,snapshots/images/santorini-greece.ring.d5km.az270.level.png"
santorini-greece.ring.d10km.az0.up.png	santorini-greece	ring	36.46983	25.46	180	4	0.2	on	peaks,mountain_ranges,islands,lakes,cities	1600	1000	120000	java -jar headless/build/libs/peaknav-headless-1.1.0.jar --lat 36.46983 --lon 25.46 --width 1600 --height 1000 --await 120000 --sky on --sky-mode local --constellations on --horizon-compass off --coordinates off --labels "peaks,mountain_ranges,islands,lakes,cities" --download 900000 --shot "180,4,0.2,snapshots/images/santorini-greece.ring.d10km.az0.up.png"
santorini-greece.ring.d10km.az0.level.png	santorini-greece	ring	36.46983	25.46	180	-2	0.75	on	peaks,mountain_ranges,islands,lakes,cities	1600	1000	120000	java -jar headless/build/libs/peaknav-headless-1.1.0.jar --lat 36.46983 --lon 25.46 --width 1600 --height 1000 --await 120000 --sky on --sky-mode local --constellations on --horizon-compass off --coordinates off --labels "peaks,mountain_ranges,islands,lakes,cities" --download 900000 --shot "180,-2,0.75,snapshots/images/santorini-greece.ring.d10km.az0.level.png"
santorini-greece.ring.d10km.az90.up.png	santorini-greece	ring	36.38	25.57158	270	4	0.2	on	peaks,mountain_ranges,islands,lakes,cities	1600	1000	120000	java -jar headless/build/libs/peaknav-headless-1.1.0.jar --lat 36.38 --lon 25.57158 --width 1600 --height 1000 --await 120000 --sky on --sky-mode local --constellations on --horizon-compass off --coordinates off --labels "peaks,mountain_ranges,islands,lakes,cities" --download 900000 --shot "270,4,0.2,snapshots/images/santorini-greece.ring.d10km.az90.up.png"
santorini-greece.ring.d10km.az90.level.png	santorini-greece	ring	36.38	25.57158	270	-2	0.75	on	peaks,mountain_ranges,islands,lakes,cities	1600	1000	120000	java -jar headless/build/libs/peaknav-headless-1.1.0.jar --lat 36.38 --lon 25.57158 --width 1600 --height 1000 --await 120000 --sky on --sky-mode local --constellations on --horizon-compass off --coordinates off --labels "peaks,mountain_ranges,islands,lakes,cities" --download 900000 --shot "270,-2,0.75,snapshots/images/santorini-greece.ring.d10km.az90.level.png"
santorini-greece.ring.d10km.az180.up.png	santorini-greece	ring	36.29017	25.46	0	4	0.2	on	peaks,mountain_ranges,islands,lakes,cities	1600	1000	120000	java -jar headless/build/libs/peaknav-headless-1.1.0.jar --lat 36.29017 --lon 25.46 --width 1600 --height 1000 --await 120000 --sky on --sky-mode local --constellations on --horizon-compass off --coordinates off --labels "peaks,mountain_ranges,islands,lakes,cities" --download 900000 --shot "0,4,0.2,snapshots/images/santorini-greece.ring.d10km.az180.up.png"
santorini-greece.ring.d10km.az180.level.png	santorini-greece	ring	36.29017	25.46	0	-2	0.75	on	peaks,mountain_ranges,islands,lakes,cities	1600	1000	120000	java -jar headless/build/libs/peaknav-headless-1.1.0.jar --lat 36.29017 --lon 25.46 --width 1600 --height 1000 --await 120000 --sky on --sky-mode local --constellations on --horizon-compass off --coordinates off --labels "peaks,mountain_ranges,islands,lakes,cities" --download 900000 --shot "0,-2,0.75,snapshots/images/santorini-greece.ring.d10km.az180.level.png"
santorini-greece.ring.d10km.az270.up.png	santorini-greece	ring	36.38	25.34842	90	4	0.2	on	peaks,mountain_ranges,islands,lakes,cities	1600	1000	120000	java -jar headless/build/libs/peaknav-headless-1.1.0.jar --lat 36.38 --lon 25.34842 --width 1600 --height 1000 --await 120000 --sky on --sky-mode local --constellations on --horizon-compass off --coordinates off --labels "peaks,mountain_ranges,islands,lakes,cities" --download 900000 --shot "90,4,0.2,snapshots/images/santorini-greece.ring.d10km.az270.up.png"
santorini-greece.ring.d10km.az270.level.png	santorini-greece	ring	36.38	25.34842	90	-2	0.75	on	peaks,mountain_ranges,islands,lakes,cities	1600	1000	120000	java -jar headless/build/libs/peaknav-headless-1.1.0.jar --lat 36.38 --lon 25.34842 --width 1600 --height 1000 --await 120000 --sky on --sky-mode local --constellations on --horizon-compass off --coordinates off --labels "peaks,mountain_ranges,islands,lakes,cities" --download 900000 --shot "90,-2,0.75,snapshots/images/santorini-greece.ring.d10km.az270.level.png"
zermatt-matterhorn.aimed.gornergrat.png	zermatt-matterhorn	aimed	45.9833	7.7853	265	5	0.12	on	peaks,mountain_ranges,islands,lakes,cities	1600	1000	120000	java -jar headless/build/libs/peaknav-headless-1.1.0.jar --lat 45.9833 --lon 7.7853 --width 1600 --height 1000 --await 120000 --sky on --sky-mode day --constellations off --horizon-compass off --coordinates off --labels "peaks,mountain_ranges,islands,lakes,cities" --download 900000 --shot "265,5,0.12,snapshots/images/zermatt-matterhorn.aimed.gornergrat.png"
zermatt-matterhorn.aimed.schwarzsee.png	zermatt-matterhorn	aimed	45.9906	7.7048	246	17	0.12	on	peaks,mountain_ranges,islands,lakes,cities	1600	1000	120000	java -jar headless/build/libs/peaknav-headless-1.1.0.jar --lat 45.9906 --lon 7.7048 --width 1600 --height 1000 --await 120000 --sky on --sky-mode day --constellations off --horizon-compass off --coordinates off --labels "peaks,mountain_ranges,islands,lakes,cities" --download 900000 --shot "246,17,0.12,snapshots/images/zermatt-matterhorn.aimed.schwarzsee.png"
zermatt-matterhorn.aimed.zermatt-village.png	zermatt-matterhorn	aimed	46.0207	7.7491	235	12	0.12	on	peaks,mountain_ranges,islands,lakes,cities	1600	1000	120000	java -jar headless/build/libs/peaknav-headless-1.1.0.jar --lat 46.0207 --lon 7.7491 --width 1600 --height 1000 --await 120000 --sky on --sky-mode day --constellations off --horizon-compass off --coordinates off --labels "peaks,mountain_ranges,islands,lakes,cities" --download 900000 --shot "235,12,0.12,snapshots/images/zermatt-matterhorn.aimed.zermatt-village.png"
mount-rainier.aimed.paradise.png	mount-rainier	aimed	46.786	-121.735	345	13	0.12	on	peaks,mountain_ranges,islands,lakes,cities	1600	1000	120000	java -jar headless/build/libs/peaknav-headless-1.1.0.jar --lat 46.786 --lon -121.735 --width 1600 --height 1000 --await 120000 --sky on --sky-mode day --constellations off --horizon-compass off --coordinates off --labels "peaks,mountain_ranges,islands,lakes,cities" --download 900000 --shot "345,13,0.12,snapshots/images/mount-rainier.aimed.paradise.png"
mount-rainier.aimed.sunrise.png	mount-rainier	aimed	46.9146	-121.6425	232	8	0.12	on	peaks,mountain_ranges,islands,lakes,cities	1600	1000	120000	java -jar headless/build/libs/peaknav-headless-1.1.0.jar --lat 46.9146 --lon -121.6425 --width 1600 --height 1000 --await 120000 --sky on --sky-mode day --constellations off --horizon-compass off --coordinates off --labels "peaks,mountain_ranges,islands,lakes,cities" --download 900000 --shot "232,8,0.12,snapshots/images/mount-rainier.aimed.sunrise.png"
yosemite-valley.aimed.tunnel-view.png	yosemite-valley	aimed	37.7156	-119.6772	75	4	0.12	on	peaks,mountain_ranges,islands,lakes,cities	1600	1000	120000	java -jar headless/build/libs/peaknav-headless-1.1.0.jar --lat 37.7156 --lon -119.6772 --width 1600 --height 1000 --await 120000 --sky on --sky-mode day --constellations off --horizon-compass off --coordinates off --labels "peaks,mountain_ranges,islands,lakes,cities" --download 900000 --shot "75,4,0.12,snapshots/images/yosemite-valley.aimed.tunnel-view.png"
yosemite-valley.aimed.glacier-point.png	yosemite-valley	aimed	37.7275	-119.5741	60	4	0.12	on	peaks,mountain_ranges,islands,lakes,cities	1600	1000	120000	java -jar headless/build/libs/peaknav-headless-1.1.0.jar --lat 37.7275 --lon -119.5741 --width 1600 --height 1000 --await 120000 --sky on --sky-mode day --constellations off --horizon-compass off --coordinates off --labels "peaks,mountain_ranges,islands,lakes,cities" --download 900000 --shot "60,4,0.12,snapshots/images/yosemite-valley.aimed.glacier-point.png"
dolomites-tre-cime.aimed.locatelli.png	dolomites-tre-cime	aimed	46.6427	12.3223	206	7	0.12	on	peaks,mountain_ranges,islands,lakes,cities	1600	1000	120000	java -jar headless/build/libs/peaknav-headless-1.1.0.jar --lat 46.6427 --lon 12.3223 --width 1600 --height 1000 --await 120000 --sky on --sky-mode day --constellations off --horizon-compass off --coordinates off --labels "peaks,mountain_ranges,islands,lakes,cities" --download 900000 --shot "206,7,0.12,snapshots/images/dolomites-tre-cime.aimed.locatelli.png"
dolomites-tre-cime.aimed.auronzo.png	dolomites-tre-cime	aimed	46.6083	12.295	35	17	0.12	on	peaks,mountain_ranges,islands,lakes,cities	1600	1000	120000	java -jar headless/build/libs/peaknav-headless-1.1.0.jar --lat 46.6083 --lon 12.295 --width 1600 --height 1000 --await 120000 --sky on --sky-mode day --constellations off --horizon-compass off --coordinates off --labels "peaks,mountain_ranges,islands,lakes,cities" --download 900000 --shot "35,17,0.12,snapshots/images/dolomites-tre-cime.aimed.auronzo.png"
aoraki-mount-cook.aimed.hooker-valley.png	aoraki-mount-cook	aimed	-43.669	170.0996	22	11	0.12	on	peaks,mountain_ranges,islands,lakes,cities	1600	1000	120000	java -jar headless/build/libs/peaknav-headless-1.1.0.jar --lat -43.669 --lon 170.0996 --width 1600 --height 1000 --await 120000 --sky on --sky-mode day --constellations off --horizon-compass off --coordinates off --labels "peaks,mountain_ranges,islands,lakes,cities" --download 900000 --shot "22,11,0.12,snapshots/images/aoraki-mount-cook.aimed.hooker-valley.png"
everest.aimed.kala-patthar.png	everest	aimed	27.9626	86.8285	73	12	0.12	on	peaks,mountain_ranges,islands,lakes,cities	1600	1000	120000	java -jar headless/build/libs/peaknav-headless-1.1.0.jar --lat 27.9626 --lon 86.8285 --width 1600 --height 1000 --await 120000 --sky on --sky-mode day --constellations off --horizon-compass off --coordinates off --labels "peaks,mountain_ranges,islands,lakes,cities" --download 900000 --shot "73,12,0.12,snapshots/images/everest.aimed.kala-patthar.png"
everest.aimed.base-camp.png	everest	aimed	28.0026	86.8528	103	17	0.12	on	peaks,mountain_ranges,islands,lakes,cities	1600	1000	120000	java -jar headless/build/libs/peaknav-headless-1.1.0.jar --lat 28.0026 --lon 86.8528 --width 1600 --height 1000 --await 120000 --sky on --sky-mode day --constellations off --horizon-compass off --coordinates off --labels "peaks,mountain_ranges,islands,lakes,cities" --download 900000 --shot "103,17,0.12,snapshots/images/everest.aimed.base-camp.png"
banff-lake-louise.aimed.lake-shore.png	banff-lake-louise	aimed	51.4172	-116.216	231	10	0.1	on	peaks,mountain_ranges,islands,lakes,cities	1600	1000	120000	java -jar headless/build/libs/peaknav-headless-1.1.0.jar --lat 51.4172 --lon -116.216 --width 1600 --height 1000 --await 120000 --sky on --sky-mode day --constellations off --horizon-compass off --coordinates off --labels "peaks,mountain_ranges,islands,lakes,cities" --download 900000 --shot "231,10,0.1,snapshots/images/banff-lake-louise.aimed.lake-shore.png"
santorini-greece.aimed.caldera-from-fira.png	santorini-greece	aimed	36.4202	25.431	233	-1	0.1	on	peaks,mountain_ranges,islands,lakes,cities	1600	1000	120000	java -jar headless/build/libs/peaknav-headless-1.1.0.jar --lat 36.4202 --lon 25.431 --width 1600 --height 1000 --await 120000 --sky on --sky-mode day --constellations off --horizon-compass off --coordinates off --labels "peaks,mountain_ranges,islands,lakes,cities" --download 900000 --shot "233,-1,0.1,snapshots/images/santorini-greece.aimed.caldera-from-fira.png"
santorini-greece.aimed.rim-from-sea.png	santorini-greece	aimed	36.41	25.35	81	3	0.05	on	peaks,mountain_ranges,islands,lakes,cities	1600	1000	120000	java -jar headless/build/libs/peaknav-headless-1.1.0.jar --lat 36.41 --lon 25.35 --width 1600 --height 1000 --await 120000 --sky on --sky-mode day --constellations off --horizon-compass off --coordinates off --labels "peaks,mountain_ranges,islands,lakes,cities" --download 900000 --shot "81,3,0.05,snapshots/images/santorini-greece.aimed.rim-from-sea.png"
hvar-croatia.aimed.town-to-summit.png	hvar-croatia	aimed	43.1729	16.4433	104	2	0.08	on	peaks,mountain_ranges,islands,lakes,cities	1600	1000	120000	java -jar headless/build/libs/peaknav-headless-1.1.0.jar --lat 43.1729 --lon 16.4433 --width 1600 --height 1000 --await 120000 --sky on --sky-mode day --constellations off --horizon-compass off --coordinates off --labels "peaks,mountain_ranges,islands,lakes,cities" --download 900000 --shot "104,2,0.08,snapshots/images/hvar-croatia.aimed.town-to-summit.png"
hvar-croatia.aimed.sea-to-island.png	hvar-croatia	aimed	43.22	16.55	147	2	0.05	on	peaks,mountain_ranges,islands,lakes,cities	1600	1000	120000	java -jar headless/build/libs/peaknav-headless-1.1.0.jar --lat 43.22 --lon 16.55 --width 1600 --height 1000 --await 120000 --sky on --sky-mode day --constellations off --horizon-compass off --coordinates off --labels "peaks,mountain_ranges,islands,lakes,cities" --download 900000 --shot "147,2,0.05,snapshots/images/hvar-croatia.aimed.sea-to-island.png"
mount-rainier.vista.crystal-mountain.png	mount-rainier	vista	46.9283	-121.4886	248	-4	3200m	on	mountain_ranges,islands,lakes,roads	1600	1000	120000	java -jar headless/build/libs/peaknav-headless-1.1.0.jar --lat 46.9283 --lon -121.4886 --width 1600 --height 1000 --await 120000 --sky on --sky-mode day --constellations off --horizon-compass off --coordinates off --labels "mountain_ranges,islands,lakes,roads" --download 900000 --shot "248,-4,3200m,snapshots/images/mount-rainier.vista.crystal-mountain.png"
mount-rainier.vista.high-rock.png	mount-rainier	vista	46.6836	-121.8944	29	-3	3000m	on	mountain_ranges,islands,lakes,roads	1600	1000	120000	java -jar headless/build/libs/peaknav-headless-1.1.0.jar --lat 46.6836 --lon -121.8944 --width 1600 --height 1000 --await 120000 --sky on --sky-mode day --constellations off --horizon-compass off --coordinates off --labels "mountain_ranges,islands,lakes,roads" --download 900000 --shot "29,-3,3000m,snapshots/images/mount-rainier.vista.high-rock.png"
mount-rainier.vista.mount-beljica.png	mount-rainier	vista	46.7897	-121.9614	65	-2	3000m	on	mountain_ranges,islands,lakes,roads	1600	1000	120000	java -jar headless/build/libs/peaknav-headless-1.1.0.jar --lat 46.7897 --lon -121.9614 --width 1600 --height 1000 --await 120000 --sky on --sky-mode day --constellations off --horizon-compass off --coordinates off --labels "mountain_ranges,islands,lakes,roads" --download 900000 --shot "65,-2,3000m,snapshots/images/mount-rainier.vista.mount-beljica.png"
mount-rainier.vista.shriner-peak.png	mount-rainier	vista	46.7597	-121.5433	302	-3	3000m	on	mountain_ranges,islands,lakes,roads	1600	1000	120000	java -jar headless/build/libs/peaknav-headless-1.1.0.jar --lat 46.7597 --lon -121.5433 --width 1600 --height 1000 --await 120000 --sky on --sky-mode day --constellations off --horizon-compass off --coordinates off --labels "mountain_ranges,islands,lakes,roads" --download 900000 --shot "302,-3,3000m,snapshots/images/mount-rainier.vista.shriner-peak.png"
mount-rainier.vista.naches-peak.png	mount-rainier	vista	46.8697	-121.5158	264	-3	3000m	on	mountain_ranges,islands,lakes,roads	1600	1000	120000	java -jar headless/build/libs/peaknav-headless-1.1.0.jar --lat 46.8697 --lon -121.5158 --width 1600 --height 1000 --await 120000 --sky on --sky-mode day --constellations off --horizon-compass off --coordinates off --labels "mountain_ranges,islands,lakes,roads" --download 900000 --shot "264,-3,3000m,snapshots/images/mount-rainier.vista.naches-peak.png"
zermatt-matterhorn.vista.domhutte.png	zermatt-matterhorn	vista	46.0872	7.8161	225	-4	2650m	on	mountain_ranges,islands,lakes,roads	1600	1000	120000	java -jar headless/build/libs/peaknav-headless-1.1.0.jar --lat 46.0872 --lon 7.8161 --width 1600 --height 1000 --await 120000 --sky on --sky-mode day --constellations off --horizon-compass off --coordinates off --labels "mountain_ranges,islands,lakes,roads" --download 900000 --shot "225,-4,2650m,snapshots/images/zermatt-matterhorn.vista.domhutte.png"
zermatt-matterhorn.vista.bella-tola.png	zermatt-matterhorn	vista	46.21	7.66	180	-5	3100m	on	mountain_ranges,islands,lakes,roads	1600	1000	120000	java -jar headless/build/libs/peaknav-headless-1.1.0.jar --lat 46.21 --lon 7.66 --width 1600 --height 1000 --await 120000 --sky on --sky-mode day --constellations off --horizon-compass off --coordinates off --labels "mountain_ranges,islands,lakes,roads" --download 900000 --shot "180,-5,3100m,snapshots/images/zermatt-matterhorn.vista.bella-tola.png"
everest.vista.tengboche.png	everest	vista	27.8361	86.7644	43	-1	3250m	on	mountain_ranges,islands,lakes,roads	1600	1000	120000	java -jar headless/build/libs/peaknav-headless-1.1.0.jar --lat 27.8361 --lon 86.7644 --width 1600 --height 1000 --await 120000 --sky on --sky-mode day --constellations off --horizon-compass off --coordinates off --labels "mountain_ranges,islands,lakes,roads" --download 900000 --shot "43,-1,3250m,snapshots/images/everest.vista.tengboche.png"
everest.vista.namche-bazaar.png	everest	vista	27.8047	86.7139	45	-1	3500m	on	mountain_ranges,islands,lakes,roads	1600	1000	120000	java -jar headless/build/libs/peaknav-headless-1.1.0.jar --lat 27.8047 --lon 86.7139 --width 1600 --height 1000 --await 120000 --sky on --sky-mode day --constellations off --horizon-compass off --coordinates off --labels "mountain_ranges,islands,lakes,roads" --download 900000 --shot "45,-1,3500m,snapshots/images/everest.vista.namche-bazaar.png"
dolomites-tre-cime.vista.strudelkopf.png	dolomites-tre-cime	vista	46.6486	12.2244	119	-4	2400m	on	mountain_ranges,islands,lakes,roads	1600	1000	120000	java -jar headless/build/libs/peaknav-headless-1.1.0.jar --lat 46.6486 --lon 12.2244 --width 1600 --height 1000 --await 120000 --sky on --sky-mode day --constellations off --horizon-compass off --coordinates off --labels "mountain_ranges,islands,lakes,roads" --download 900000 --shot "119,-4,2400m,snapshots/images/dolomites-tre-cime.vista.strudelkopf.png"
dolomites-tre-cime.vista.monte-piana.png	dolomites-tre-cime	vista	46.6167	12.2333	88	-4	2250m	on	mountain_ranges,islands,lakes,roads	1600	1000	120000	java -jar headless/build/libs/peaknav-headless-1.1.0.jar --lat 46.6167 --lon 12.2333 --width 1600 --height 1000 --await 120000 --sky on --sky-mode day --constellations off --horizon-compass off --coordinates off --labels "mountain_ranges,islands,lakes,roads" --download 900000 --shot "88,-4,2250m,snapshots/images/dolomites-tre-cime.vista.monte-piana.png"
aoraki-mount-cook.vista.tasman-valley.png	aoraki-mount-cook	vista	-43.7	170.16	353	0	2800m	on	mountain_ranges,islands,lakes,roads	1600	1000	120000	java -jar headless/build/libs/peaknav-headless-1.1.0.jar --lat -43.7 --lon 170.16 --width 1600 --height 1000 --await 120000 --sky on --sky-mode day --constellations off --horizon-compass off --coordinates off --labels "mountain_ranges,islands,lakes,roads" --download 900000 --shot "353,0,2800m,snapshots/images/aoraki-mount-cook.vista.tasman-valley.png"
aoraki-mount-cook.vista.lake-pukaki.png	aoraki-mount-cook	vista	-44.1878	170.1367	0	-5	4450m	on	mountain_ranges,islands,lakes,roads	1600	1000	120000	java -jar headless/build/libs/peaknav-headless-1.1.0.jar --lat -44.1878 --lon 170.1367 --width 1600 --height 1000 --await 120000 --sky on --sky-mode day --constellations off --horizon-compass off --coordinates off --labels "mountain_ranges,islands,lakes,roads" --download 900000 --shot "0,-5,4450m,snapshots/images/aoraki-mount-cook.vista.lake-pukaki.png"
yosemite-valley.vista.washburn-point.png	yosemite-valley	vista	37.7128	-119.5744	45	-4	2100m	on	mountain_ranges,islands,lakes,roads	1600	1000	120000	java -jar headless/build/libs/peaknav-headless-1.1.0.jar --lat 37.7128 --lon -119.5744 --width 1600 --height 1000 --await 120000 --sky on --sky-mode day --constellations off --horizon-compass off --coordinates off --labels "mountain_ranges,islands,lakes,roads" --download 900000 --shot "45,-4,2100m,snapshots/images/yosemite-valley.vista.washburn-point.png"
yosemite-valley.vista.turtleback-dome.png	yosemite-valley	vista	37.715	-119.69	76	-4	2750m	on	mountain_ranges,islands,lakes,roads	1600	1000	120000	java -jar headless/build/libs/peaknav-headless-1.1.0.jar --lat 37.715 --lon -119.69 --width 1600 --height 1000 --await 120000 --sky on --sky-mode day --constellations off --horizon-compass off --coordinates off --labels "mountain_ranges,islands,lakes,roads" --download 900000 --shot "76,-4,2750m,snapshots/images/yosemite-valley.vista.turtleback-dome.png"
teide-tenerife.vista.vilaflor.png	teide-tenerife	vista	28.1583	-16.6353	357	-4	2500m	on	mountain_ranges,islands,lakes,roads	1600	1000	120000	java -jar headless/build/libs/peaknav-headless-1.1.0.jar --lat 28.1583 --lon -16.6353 --width 1600 --height 1000 --await 120000 --sky on --sky-mode day --constellations off --horizon-compass off --coordinates off --labels "mountain_ranges,islands,lakes,roads" --download 900000 --shot "357,-4,2500m,snapshots/images/teide-tenerife.vista.vilaflor.png"
teide-tenerife.vista.vilaflor.sky-off.png	teide-tenerife	vista	28.1583	-16.6353	357	-4	2500m	off	mountain_ranges,islands,lakes,roads	1600	1000	120000	java -jar headless/build/libs/peaknav-headless-1.1.0.jar --lat 28.1583 --lon -16.6353 --width 1600 --height 1000 --await 120000 --sky off --sky-mode day --constellations off --horizon-compass off --coordinates off --labels "mountain_ranges,islands,lakes,roads" --download 900000 --shot "357,-4,2500m,snapshots/images/teide-tenerife.vista.vilaflor.sky-off.png"
teide-tenerife.vista.vilaflor.peaks-on.png	teide-tenerife	vista	28.1583	-16.6353	357	-4	2500m	on	mountain_ranges,islands,lakes,roads,peaks	1600	1000	120000	java -jar headless/build/libs/peaknav-headless-1.1.0.jar --lat 28.1583 --lon -16.6353 --width 1600 --height 1000 --await 120000 --sky on --sky-mode day --constellations off --horizon-compass off --coordinates off --labels "mountain_ranges,islands,lakes,roads,peaks" --download 900000 --shot "357,-4,2500m,snapshots/images/teide-tenerife.vista.vilaflor.peaks-on.png"
teide-tenerife.vista.vilaflor.sky-off.peaks-on.png	teide-tenerife	vista	28.1583	-16.6353	357	-4	2500m	off	mountain_ranges,islands,lakes,roads,peaks	1600	1000	120000	java -jar headless/build/libs/peaknav-headless-1.1.0.jar --lat 28.1583 --lon -16.6353 --width 1600 --height 1000 --await 120000 --sky off --sky-mode day --constellations off --horizon-compass off --coordinates off --labels "mountain_ranges,islands,lakes,roads,peaks" --download 900000 --shot "357,-4,2500m,snapshots/images/teide-tenerife.vista.vilaflor.sky-off.peaks-on.png"
teide-tenerife.vista.mirador-chipeque.png	teide-tenerife	vista	28.3667	-16.45	241	-4	3200m	on	mountain_ranges,islands,lakes,roads	1600	1000	120000	java -jar headless/build/libs/peaknav-headless-1.1.0.jar --lat 28.3667 --lon -16.45 --width 1600 --height 1000 --await 120000 --sky on --sky-mode day --constellations off --horizon-compass off --coordinates off --labels "mountain_ranges,islands,lakes,roads" --download 900000 --shot "241,-4,3200m,snapshots/images/teide-tenerife.vista.mirador-chipeque.png"
teide-tenerife.vista.mirador-chipeque.sky-off.png	teide-tenerife	vista	28.3667	-16.45	241	-4	3200m	off	mountain_ranges,islands,lakes,roads	1600	1000	120000	java -jar headless/build/libs/peaknav-headless-1.1.0.jar --lat 28.3667 --lon -16.45 --width 1600 --height 1000 --await 120000 --sky off --sky-mode day --constellations off --horizon-compass off --coordinates off --labels "mountain_ranges,islands,lakes,roads" --download 900000 --shot "241,-4,3200m,snapshots/images/teide-tenerife.vista.mirador-chipeque.sky-off.png"
teide-tenerife.vista.mirador-chipeque.peaks-on.png	teide-tenerife	vista	28.3667	-16.45	241	-4	3200m	on	mountain_ranges,islands,lakes,roads,peaks	1600	1000	120000	java -jar headless/build/libs/peaknav-headless-1.1.0.jar --lat 28.3667 --lon -16.45 --width 1600 --height 1000 --await 120000 --sky on --sky-mode day --constellations off --horizon-compass off --coordinates off --labels "mountain_ranges,islands,lakes,roads,peaks" --download 900000 --shot "241,-4,3200m,snapshots/images/teide-tenerife.vista.mirador-chipeque.peaks-on.png"
teide-tenerife.vista.mirador-chipeque.sky-off.peaks-on.png	teide-tenerife	vista	28.3667	-16.45	241	-4	3200m	off	mountain_ranges,islands,lakes,roads,peaks	1600	1000	120000	java -jar headless/build/libs/peaknav-headless-1.1.0.jar --lat 28.3667 --lon -16.45 --width 1600 --height 1000 --await 120000 --sky off --sky-mode day --constellations off --horizon-compass off --coordinates off --labels "mountain_ranges,islands,lakes,roads,peaks" --download 900000 --shot "241,-4,3200m,snapshots/images/teide-tenerife.vista.mirador-chipeque.sky-off.peaks-on.png"
teide-tenerife.vista.izana.png	teide-tenerife	vista	28.3092	-16.5117	252	-4	2700m	on	mountain_ranges,islands,lakes,roads	1600	1000	120000	java -jar headless/build/libs/peaknav-headless-1.1.0.jar --lat 28.3092 --lon -16.5117 --width 1600 --height 1000 --await 120000 --sky on --sky-mode day --constellations off --horizon-compass off --coordinates off --labels "mountain_ranges,islands,lakes,roads" --download 900000 --shot "252,-4,2700m,snapshots/images/teide-tenerife.vista.izana.png"
teide-tenerife.vista.puerto-de-la-cruz.png	teide-tenerife	vista	28.4189	-16.5486	209	-1	3100m	on	mountain_ranges,islands,lakes,roads	1600	1000	120000	java -jar headless/build/libs/peaknav-headless-1.1.0.jar --lat 28.4189 --lon -16.5486 --width 1600 --height 1000 --await 120000 --sky on --sky-mode day --constellations off --horizon-compass off --coordinates off --labels "mountain_ranges,islands,lakes,roads" --download 900000 --shot "209,-1,3100m,snapshots/images/teide-tenerife.vista.puerto-de-la-cruz.png"
teide-tenerife.vista.teno-alto.png	teide-tenerife	vista	28.32	-16.88	103	-4	3200m	on	mountain_ranges,islands,lakes,roads	1600	1000	120000	java -jar headless/build/libs/peaknav-headless-1.1.0.jar --lat 28.32 --lon -16.88 --width 1600 --height 1000 --await 120000 --sky on --sky-mode day --constellations off --horizon-compass off --coordinates off --labels "mountain_ranges,islands,lakes,roads" --download 900000 --shot "103,-4,3200m,snapshots/images/teide-tenerife.vista.teno-alto.png"
teide-tenerife.vista.teno-alto.sky-off.png	teide-tenerife	vista	28.32	-16.88	103	-4	3200m	off	mountain_ranges,islands,lakes,roads	1600	1000	120000	java -jar headless/build/libs/peaknav-headless-1.1.0.jar --lat 28.32 --lon -16.88 --width 1600 --height 1000 --await 120000 --sky off --sky-mode day --constellations off --horizon-compass off --coordinates off --labels "mountain_ranges,islands,lakes,roads" --download 900000 --shot "103,-4,3200m,snapshots/images/teide-tenerife.vista.teno-alto.sky-off.png"
teide-tenerife.vista.teno-alto.peaks-on.png	teide-tenerife	vista	28.32	-16.88	103	-4	3200m	on	mountain_ranges,islands,lakes,roads,peaks	1600	1000	120000	java -jar headless/build/libs/peaknav-headless-1.1.0.jar --lat 28.32 --lon -16.88 --width 1600 --height 1000 --await 120000 --sky on --sky-mode day --constellations off --horizon-compass off --coordinates off --labels "mountain_ranges,islands,lakes,roads,peaks" --download 900000 --shot "103,-4,3200m,snapshots/images/teide-tenerife.vista.teno-alto.peaks-on.png"
teide-tenerife.vista.teno-alto.sky-off.peaks-on.png	teide-tenerife	vista	28.32	-16.88	103	-4	3200m	off	mountain_ranges,islands,lakes,roads,peaks	1600	1000	120000	java -jar headless/build/libs/peaknav-headless-1.1.0.jar --lat 28.32 --lon -16.88 --width 1600 --height 1000 --await 120000 --sky off --sky-mode day --constellations off --horizon-compass off --coordinates off --labels "mountain_ranges,islands,lakes,roads,peaks" --download 900000 --shot "103,-4,3200m,snapshots/images/teide-tenerife.vista.teno-alto.sky-off.peaks-on.png"
teide-tenerife.vista.portillo.png	teide-tenerife	vista	28.3175	-16.5847	228	-1	1200m	on	mountain_ranges,islands,lakes,roads	1600	1000	120000	java -jar headless/build/libs/peaknav-headless-1.1.0.jar --lat 28.3175 --lon -16.5847 --width 1600 --height 1000 --await 120000 --sky on --sky-mode day --constellations off --horizon-compass off --coordinates off --labels "mountain_ranges,islands,lakes,roads" --download 900000 --shot "228,-1,1200m,snapshots/images/teide-tenerife.vista.portillo.png"
teide-tenerife.vista.chirche.png	teide-tenerife	vista	28.2	-16.7833	60	-4	2800m	on	mountain_ranges,islands,lakes,roads	1600	1000	120000	java -jar headless/build/libs/peaknav-headless-1.1.0.jar --lat 28.2 --lon -16.7833 --width 1600 --height 1000 --await 120000 --sky on --sky-mode day --constellations off --horizon-compass off --coordinates off --labels "mountain_ranges,islands,lakes,roads" --download 900000 --shot "60,-4,2800m,snapshots/images/teide-tenerife.vista.chirche.png"
teide-tenerife.vista.roque-del-conde.png	teide-tenerife	vista	28.12	-16.72	24	-4	3000m	on	mountain_ranges,islands,lakes,roads	1600	1000	120000	java -jar headless/build/libs/peaknav-headless-1.1.0.jar --lat 28.12 --lon -16.72 --width 1600 --height 1000 --await 120000 --sky on --sky-mode day --constellations off --horizon-compass off --coordinates off --labels "mountain_ranges,islands,lakes,roads" --download 900000 --shot "24,-4,3000m,snapshots/images/teide-tenerife.vista.roque-del-conde.png"
teide-tenerife.vista.anaga.png	teide-tenerife	vista	28.5167	-16.25	235	-5	4000m	on	mountain_ranges,islands,lakes,roads	1600	1000	120000	java -jar headless/build/libs/peaknav-headless-1.1.0.jar --lat 28.5167 --lon -16.25 --width 1600 --height 1000 --await 120000 --sky on --sky-mode day --constellations off --horizon-compass off --coordinates off --labels "mountain_ranges,islands,lakes,roads" --download 900000 --shot "235,-5,4000m,snapshots/images/teide-tenerife.vista.anaga.png"
teide-tenerife.vista.la-gomera.png	teide-tenerife	vista	28.0917	-17.11	66	-5	4000m	on	mountain_ranges,islands,lakes,roads	1600	1000	120000	java -jar headless/build/libs/peaknav-headless-1.1.0.jar --lat 28.0917 --lon -17.11 --width 1600 --height 1000 --await 120000 --sky on --sky-mode day --constellations off --horizon-compass off --coordinates off --labels "mountain_ranges,islands,lakes,roads" --download 900000 --shot "66,-5,4000m,snapshots/images/teide-tenerife.vista.la-gomera.png"
teide-tenerife.vista.la-gomera.sky-off.png	teide-tenerife	vista	28.0917	-17.11	66	-5	4000m	off	mountain_ranges,islands,lakes,roads	1600	1000	120000	java -jar headless/build/libs/peaknav-headless-1.1.0.jar --lat 28.0917 --lon -17.11 --width 1600 --height 1000 --await 120000 --sky off --sky-mode day --constellations off --horizon-compass off --coordinates off --labels "mountain_ranges,islands,lakes,roads" --download 900000 --shot "66,-5,4000m,snapshots/images/teide-tenerife.vista.la-gomera.sky-off.png"
teide-tenerife.vista.la-gomera.peaks-on.png	teide-tenerife	vista	28.0917	-17.11	66	-5	4000m	on	mountain_ranges,islands,lakes,roads,peaks	1600	1000	120000	java -jar headless/build/libs/peaknav-headless-1.1.0.jar --lat 28.0917 --lon -17.11 --width 1600 --height 1000 --await 120000 --sky on --sky-mode day --constellations off --horizon-compass off --coordinates off --labels "mountain_ranges,islands,lakes,roads,peaks" --download 900000 --shot "66,-5,4000m,snapshots/images/teide-tenerife.vista.la-gomera.peaks-on.png"
teide-tenerife.vista.la-gomera.sky-off.peaks-on.png	teide-tenerife	vista	28.0917	-17.11	66	-5	4000m	off	mountain_ranges,islands,lakes,roads,peaks	1600	1000	120000	java -jar headless/build/libs/peaknav-headless-1.1.0.jar --lat 28.0917 --lon -17.11 --width 1600 --height 1000 --await 120000 --sky off --sky-mode day --constellations off --horizon-compass off --coordinates off --labels "mountain_ranges,islands,lakes,roads,peaks" --download 900000 --shot "66,-5,4000m,snapshots/images/teide-tenerife.vista.la-gomera.sky-off.peaks-on.png"
everest.vista.gokyo-ri.png	everest	vista	27.955	86.69	81	-2	3000m	on	mountain_ranges,islands,lakes,roads	1600	1000	120000	java -jar headless/build/libs/peaknav-headless-1.1.0.jar --lat 27.955 --lon 86.69 --width 1600 --height 1000 --await 120000 --sky on --sky-mode day --constellations off --horizon-compass off --coordinates off --labels "mountain_ranges,islands,lakes,roads" --download 900000 --shot "81,-2,3000m,snapshots/images/everest.vista.gokyo-ri.png"
everest.vista.pheriche.png	everest	vista	27.895	86.819	45	-1	3000m	on	mountain_ranges,islands,lakes,roads	1600	1000	120000	java -jar headless/build/libs/peaknav-headless-1.1.0.jar --lat 27.895 --lon 86.819 --width 1600 --height 1000 --await 120000 --sky on --sky-mode day --constellations off --horizon-compass off --coordinates off --labels "mountain_ranges,islands,lakes,roads" --download 900000 --shot "45,-1,3000m,snapshots/images/everest.vista.pheriche.png"
everest.vista.renjo-la.png	everest	vista	27.98	86.64	88	-2	3200m	on	mountain_ranges,islands,lakes,roads	1600	1000	120000	java -jar headless/build/libs/peaknav-headless-1.1.0.jar --lat 27.98 --lon 86.64 --width 1600 --height 1000 --await 120000 --sky on --sky-mode day --constellations off --horizon-compass off --coordinates off --labels "mountain_ranges,islands,lakes,roads" --download 900000 --shot "88,-2,3200m,snapshots/images/everest.vista.renjo-la.png"
everest.vista.rongbuk.png	everest	vista	28.15	86.85	158	-2	3000m	on	mountain_ranges,islands,lakes,roads	1600	1000	120000	java -jar headless/build/libs/peaknav-headless-1.1.0.jar --lat 28.15 --lon 86.85 --width 1600 --height 1000 --await 120000 --sky on --sky-mode day --constellations off --horizon-compass off --coordinates off --labels "mountain_ranges,islands,lakes,roads" --download 900000 --shot "158,-2,3000m,snapshots/images/everest.vista.rongbuk.png"
k2-karakoram.vista.concordia.png	k2-karakoram	vista	35.74	76.5	4	-1	3000m	on	mountain_ranges,islands,lakes,roads	1600	1000	120000	java -jar headless/build/libs/peaknav-headless-1.1.0.jar --lat 35.74 --lon 76.5 --width 1600 --height 1000 --await 120000 --sky on --sky-mode day --constellations off --horizon-compass off --coordinates off --labels "mountain_ranges,islands,lakes,roads" --download 900000 --shot "4,-1,3000m,snapshots/images/k2-karakoram.vista.concordia.png"
k2-karakoram.vista.broad-peak-bc.png	k2-karakoram	vista	35.79	76.54	347	-1	2500m	on	mountain_ranges,islands,lakes,roads	1600	1000	120000	java -jar headless/build/libs/peaknav-headless-1.1.0.jar --lat 35.79 --lon 76.54 --width 1600 --height 1000 --await 120000 --sky on --sky-mode day --constellations off --horizon-compass off --coordinates off --labels "mountain_ranges,islands,lakes,roads" --download 900000 --shot "347,-1,2500m,snapshots/images/k2-karakoram.vista.broad-peak-bc.png"
k2-karakoram.vista.gondogoro-la.png	k2-karakoram	vista	35.65	76.53	357	-3	3000m	on	mountain_ranges,islands,lakes,roads	1600	1000	120000	java -jar headless/build/libs/peaknav-headless-1.1.0.jar --lat 35.65 --lon 76.53 --width 1600 --height 1000 --await 120000 --sky on --sky-mode day --constellations off --horizon-compass off --coordinates off --labels "mountain_ranges,islands,lakes,roads" --download 900000 --shot "357,-3,3000m,snapshots/images/k2-karakoram.vista.gondogoro-la.png"
k2-karakoram.vista.urdukas.png	k2-karakoram	vista	35.73	76.29	50	-3	3200m	on	mountain_ranges,islands,lakes,roads	1600	1000	120000	java -jar headless/build/libs/peaknav-headless-1.1.0.jar --lat 35.73 --lon 76.29 --width 1600 --height 1000 --await 120000 --sky on --sky-mode day --constellations off --horizon-compass off --coordinates off --labels "mountain_ranges,islands,lakes,roads" --download 900000 --shot "50,-3,3200m,snapshots/images/k2-karakoram.vista.urdukas.png"
naxos-cyclades.vista.zas-to-paros.png	naxos-cyclades	vista	37.0197	25.4783	283	-7	3050m	on	mountain_ranges,islands,lakes,roads	1600	1000	120000	java -jar headless/build/libs/peaknav-headless-1.1.0.jar --lat 37.0197 --lon 25.4783 --width 1600 --height 1000 --await 120000 --sky on --sky-mode day --constellations off --horizon-compass off --coordinates off --labels "mountain_ranges,islands,lakes,roads" --download 900000 --shot "283,-7,3050m,snapshots/images/naxos-cyclades.vista.zas-to-paros.png"
naxos-cyclades.vista.zas-to-amorgos.png	naxos-cyclades	vista	37.0197	25.4783	115	-7	3500m	on	mountain_ranges,islands,lakes,roads	1600	1000	120000	java -jar headless/build/libs/peaknav-headless-1.1.0.jar --lat 37.0197 --lon 25.4783 --width 1600 --height 1000 --await 120000 --sky on --sky-mode day --constellations off --horizon-compass off --coordinates off --labels "mountain_ranges,islands,lakes,roads" --download 900000 --shot "115,-7,3500m,snapshots/images/naxos-cyclades.vista.zas-to-amorgos.png"
delos-cyclades.vista.kynthos-to-tinos.png	delos-cyclades	vista	37.3944	25.2708	342	-6	2850m	on	mountain_ranges,islands,lakes,roads	1600	1000	120000	java -jar headless/build/libs/peaknav-headless-1.1.0.jar --lat 37.3944 --lon 25.2708 --width 1600 --height 1000 --await 120000 --sky on --sky-mode day --constellations off --horizon-compass off --coordinates off --labels "mountain_ranges,islands,lakes,roads" --download 900000 --shot "342,-6,2850m,snapshots/images/delos-cyclades.vista.kynthos-to-tinos.png"
santorini-greece.vista.profitis-ilias.png	santorini-greece	vista	36.3922	25.4525	337	-6	3300m	on	mountain_ranges,islands,lakes,roads	1600	1000	120000	java -jar headless/build/libs/peaknav-headless-1.1.0.jar --lat 36.3922 --lon 25.4525 --width 1600 --height 1000 --await 120000 --sky on --sky-mode day --constellations off --horizon-compass off --coordinates off --labels "mountain_ranges,islands,lakes,roads" --download 900000 --shot "337,-6,3300m,snapshots/images/santorini-greece.vista.profitis-ilias.png"
brac-croatia.vista.vidova-gora.png	brac-croatia	vista	43.265	16.6197	180	-7	2800m	on	mountain_ranges,islands,lakes,roads	1600	1000	120000	java -jar headless/build/libs/peaknav-headless-1.1.0.jar --lat 43.265 --lon 16.6197 --width 1600 --height 1000 --await 120000 --sky on --sky-mode day --constellations off --horizon-compass off --coordinates off --labels "mountain_ranges,islands,lakes,roads" --download 900000 --shot "180,-7,2800m,snapshots/images/brac-croatia.vista.vidova-gora.png"
hvar-croatia.vista.nikola-to-vis.png	hvar-croatia	vista	43.14	16.62	254	-6	3550m	on	mountain_ranges,islands,lakes,roads	1600	1000	120000	java -jar headless/build/libs/peaknav-headless-1.1.0.jar --lat 43.14 --lon 16.62 --width 1600 --height 1000 --await 120000 --sky on --sky-mode day --constellations off --horizon-compass off --coordinates off --labels "mountain_ranges,islands,lakes,roads" --download 900000 --shot "254,-6,3550m,snapshots/images/hvar-croatia.vista.nikola-to-vis.png"
biokovo-croatia.vista.sveti-jure.png	biokovo-croatia	vista	43.3167	17.0553	241	-7	3000m	on	mountain_ranges,islands,lakes,roads	1600	1000	120000	java -jar headless/build/libs/peaknav-headless-1.1.0.jar --lat 43.3167 --lon 17.0553 --width 1600 --height 1000 --await 120000 --sky on --sky-mode day --constellations off --horizon-compass off --coordinates off --labels "mountain_ranges,islands,lakes,roads" --download 900000 --shot "241,-7,3000m,snapshots/images/biokovo-croatia.vista.sveti-jure.png"
kornati-croatia.vista.dugi-otok.png	kornati-croatia	vista	43.9722	15.0333	135	-7	3100m	on	mountain_ranges,islands,lakes,roads	1600	1000	120000	java -jar headless/build/libs/peaknav-headless-1.1.0.jar --lat 43.9722 --lon 15.0333 --width 1600 --height 1000 --await 120000 --sky on --sky-mode day --constellations off --horizon-compass off --coordinates off --labels "mountain_ranges,islands,lakes,roads" --download 900000 --shot "135,-7,3100m,snapshots/images/kornati-croatia.vista.dugi-otok.png"
geirangerfjord.vista.dalsnibba.png	geirangerfjord	vista	62.045	7.27	332	-6	800m	on	mountain_ranges,islands,lakes,roads	1600	1000	120000	java -jar headless/build/libs/peaknav-headless-1.1.0.jar --lat 62.045 --lon 7.27 --width 1600 --height 1000 --await 120000 --sky on --sky-mode day --constellations off --horizon-compass off --coordinates off --labels "mountain_ranges,islands,lakes,roads" --download 900000 --shot "332,-6,800m,snapshots/images/geirangerfjord.vista.dalsnibba.png"
geirangerfjord.vista.ornesvingen.png	geirangerfjord	vista	62.1075	7.16	268	-5	700m	on	mountain_ranges,islands,lakes,roads	1600	1000	120000	java -jar headless/build/libs/peaknav-headless-1.1.0.jar --lat 62.1075 --lon 7.16 --width 1600 --height 1000 --await 120000 --sky on --sky-mode day --constellations off --horizon-compass off --coordinates off --labels "mountain_ranges,islands,lakes,roads" --download 900000 --shot "268,-5,700m,snapshots/images/geirangerfjord.vista.ornesvingen.png"
geirangerfjord.vista.flydalsjuvet.png	geirangerfjord	vista	62.0925	7.18	314	-6	600m	on	mountain_ranges,islands,lakes,roads	1600	1000	120000	java -jar headless/build/libs/peaknav-headless-1.1.0.jar --lat 62.0925 --lon 7.18 --width 1600 --height 1000 --await 120000 --sky on --sky-mode day --constellations off --horizon-compass off --coordinates off --labels "mountain_ranges,islands,lakes,roads" --download 900000 --shot "314,-6,600m,snapshots/images/geirangerfjord.vista.flydalsjuvet.png"
naeroyfjord.vista.rimstigen.png	naeroyfjord	vista	60.8817	6.885	325	-6	900m	on	mountain_ranges,islands,lakes,roads	1600	1000	120000	java -jar headless/build/libs/peaknav-headless-1.1.0.jar --lat 60.8817 --lon 6.885 --width 1600 --height 1000 --await 120000 --sky on --sky-mode day --constellations off --horizon-compass off --coordinates off --labels "mountain_ranges,islands,lakes,roads" --download 900000 --shot "325,-6,900m,snapshots/images/naeroyfjord.vista.rimstigen.png"
naeroyfjord.vista.bakkanosi.png	naeroyfjord	vista	60.8917	6.9333	307	-8	700m	on	mountain_ranges,islands,lakes,roads	1600	1000	120000	java -jar headless/build/libs/peaknav-headless-1.1.0.jar --lat 60.8917 --lon 6.9333 --width 1600 --height 1000 --await 120000 --sky on --sky-mode day --constellations off --horizon-compass off --coordinates off --labels "mountain_ranges,islands,lakes,roads" --download 900000 --shot "307,-8,700m,snapshots/images/naeroyfjord.vista.bakkanosi.png"
aurlandsfjord.vista.stegastein.png	aurlandsfjord	vista	60.9028	7.1897	331	-6	800m	on	mountain_ranges,islands,lakes,roads	1600	1000	120000	java -jar headless/build/libs/peaknav-headless-1.1.0.jar --lat 60.9028 --lon 7.1897 --width 1600 --height 1000 --await 120000 --sky on --sky-mode day --constellations off --horizon-compass off --coordinates off --labels "mountain_ranges,islands,lakes,roads" --download 900000 --shot "331,-6,800m,snapshots/images/aurlandsfjord.vista.stegastein.png"
lysefjord.vista.preikestolen.png	lysefjord	vista	58.9864	6.19	71	-5	900m	on	mountain_ranges,islands,lakes,roads	1600	1000	120000	java -jar headless/build/libs/peaknav-headless-1.1.0.jar --lat 58.9864 --lon 6.19 --width 1600 --height 1000 --await 120000 --sky on --sky-mode day --constellations off --horizon-compass off --coordinates off --labels "mountain_ranges,islands,lakes,roads" --download 900000 --shot "71,-5,900m,snapshots/images/lysefjord.vista.preikestolen.png"
lysefjord.vista.kjerag.png	lysefjord	vista	59.0344	6.5936	253	-6	1000m	on	mountain_ranges,islands,lakes,roads	1600	1000	120000	java -jar headless/build/libs/peaknav-headless-1.1.0.jar --lat 59.0344 --lon 6.5936 --width 1600 --height 1000 --await 120000 --sky on --sky-mode day --constellations off --horizon-compass off --coordinates off --labels "mountain_ranges,islands,lakes,roads" --download 900000 --shot "253,-6,1000m,snapshots/images/lysefjord.vista.kjerag.png"
hardangerfjord.vista.dronningstien.png	hardangerfjord	vista	60.42	6.75	252	-5	1000m	on	mountain_ranges,islands,lakes,roads	1600	1000	120000	java -jar headless/build/libs/peaknav-headless-1.1.0.jar --lat 60.42 --lon 6.75 --width 1600 --height 1000 --await 120000 --sky on --sky-mode day --constellations off --horizon-compass off --coordinates off --labels "mountain_ranges,islands,lakes,roads" --download 900000 --shot "252,-5,1000m,snapshots/images/hardangerfjord.vista.dronningstien.png"
lofoten.vista.reinebringen.png	lofoten	vista	67.9308	13.0894	285	-7	900m	on	mountain_ranges,islands,lakes,roads	1600	1000	120000	java -jar headless/build/libs/peaknav-headless-1.1.0.jar --lat 67.9308 --lon 13.0894 --width 1600 --height 1000 --await 120000 --sky on --sky-mode day --constellations off --horizon-compass off --coordinates off --labels "mountain_ranges,islands,lakes,roads" --download 900000 --shot "285,-7,900m,snapshots/images/lofoten.vista.reinebringen.png"
lofoten.vista.henningsvaer.png	lofoten	vista	68.1533	14.2033	37	-6	1200m	on	mountain_ranges,islands,lakes,roads	1600	1000	120000	java -jar headless/build/libs/peaknav-headless-1.1.0.jar --lat 68.1533 --lon 14.2033 --width 1600 --height 1000 --await 120000 --sky on --sky-mode day --constellations off --horizon-compass off --coordinates off --labels "mountain_ranges,islands,lakes,roads" --download 900000 --shot "37,-6,1200m,snapshots/images/lofoten.vista.henningsvaer.png"
lofoten.vista.from-bodo.png	lofoten	vista	67.28	14.4	335	-5	3000m	on	mountain_ranges,islands,lakes,roads	1600	1000	120000	java -jar headless/build/libs/peaknav-headless-1.1.0.jar --lat 67.28 --lon 14.4 --width 1600 --height 1000 --await 120000 --sky on --sky-mode day --constellations off --horizon-compass off --coordinates off --labels "mountain_ranges,islands,lakes,roads" --download 900000 --shot "335,-5,3000m,snapshots/images/lofoten.vista.from-bodo.png"
helgeland.vista.torghatten.png	helgeland	vista	65.4	12.1	196	-7	1500m	on	mountain_ranges,islands,lakes,roads	1600	1000	120000	java -jar headless/build/libs/peaknav-headless-1.1.0.jar --lat 65.4 --lon 12.1 --width 1600 --height 1000 --await 120000 --sky on --sky-mode day --constellations off --horizon-compass off --coordinates off --labels "mountain_ranges,islands,lakes,roads" --download 900000 --shot "196,-7,1500m,snapshots/images/helgeland.vista.torghatten.png"
alesund.vista.aksla.png	alesund	vista	62.4725	6.165	274	-7	1200m	on	mountain_ranges,islands,lakes,roads	1600	1000	120000	java -jar headless/build/libs/peaknav-headless-1.1.0.jar --lat 62.4725 --lon 6.165 --width 1600 --height 1000 --await 120000 --sky on --sky-mode day --constellations off --horizon-compass off --coordinates off --labels "mountain_ranges,islands,lakes,roads" --download 900000 --shot "274,-7,1200m,snapshots/images/alesund.vista.aksla.png"
senja.vista.segla.png	senja	vista	69.4906	17.5461	305	-7	900m	on	mountain_ranges,islands,lakes,roads	1600	1000	120000	java -jar headless/build/libs/peaknav-headless-1.1.0.jar --lat 69.4906 --lon 17.5461 --width 1600 --height 1000 --await 120000 --sky on --sky-mode day --constellations off --horizon-compass off --coordinates off --labels "mountain_ranges,islands,lakes,roads" --download 900000 --shot "305,-7,900m,snapshots/images/senja.vista.segla.png"
tromso.vista.storsteinen.png	tromso	vista	69.635	18.995	288	-7	1200m	on	mountain_ranges,islands,lakes,roads	1600	1000	120000	java -jar headless/build/libs/peaknav-headless-1.1.0.jar --lat 69.635 --lon 18.995 --width 1600 --height 1000 --await 120000 --sky on --sky-mode day --constellations off --horizon-compass off --coordinates off --labels "mountain_ranges,islands,lakes,roads" --download 900000 --shot "288,-7,1200m,snapshots/images/tromso.vista.storsteinen.png"
skye.vista.elgol.png	skye	vista	57.145	-6.105	316	-3	800m	on	mountain_ranges,islands,lakes,roads	1600	1000	120000	java -jar headless/build/libs/peaknav-headless-1.1.0.jar --lat 57.145 --lon -6.105 --width 1600 --height 1000 --await 120000 --sky on --sky-mode day --constellations off --horizon-compass off --coordinates off --labels "mountain_ranges,islands,lakes,roads" --download 900000 --shot "316,-3,800m,snapshots/images/skye.vista.elgol.png"
skye.vista.quiraing.png	skye	vista	57.64	-6.28	58	-6	800m	on	mountain_ranges,islands,lakes,roads	1600	1000	120000	java -jar headless/build/libs/peaknav-headless-1.1.0.jar --lat 57.64 --lon -6.28 --width 1600 --height 1000 --await 120000 --sky on --sky-mode day --constellations off --horizon-compass off --coordinates off --labels "mountain_ranges,islands,lakes,roads" --download 900000 --shot "58,-6,800m,snapshots/images/skye.vista.quiraing.png"
skye.vista.bealach-na-ba.png	skye	vista	57.42	-5.7	263	-6	1200m	on	mountain_ranges,islands,lakes,roads	1600	1000	120000	java -jar headless/build/libs/peaknav-headless-1.1.0.jar --lat 57.42 --lon -5.7 --width 1600 --height 1000 --await 120000 --sky on --sky-mode day --constellations off --horizon-compass off --coordinates off --labels "mountain_ranges,islands,lakes,roads" --download 900000 --shot "263,-6,1200m,snapshots/images/skye.vista.bealach-na-ba.png"
mull.vista.ben-more.png	mull	vista	56.4172	-6.0075	248	-7	1500m	on	mountain_ranges,islands,lakes,roads	1600	1000	120000	java -jar headless/build/libs/peaknav-headless-1.1.0.jar --lat 56.4172 --lon -6.0075 --width 1600 --height 1000 --await 120000 --sky on --sky-mode day --constellations off --horizon-compass off --coordinates off --labels "mountain_ranges,islands,lakes,roads" --download 900000 --shot "248,-7,1500m,snapshots/images/mull.vista.ben-more.png"
arran.vista.goat-fell.png	arran	vista	55.625	-5.1917	144	-7	1000m	on	mountain_ranges,islands,lakes,roads	1600	1000	120000	java -jar headless/build/libs/peaknav-headless-1.1.0.jar --lat 55.625 --lon -5.1917 --width 1600 --height 1000 --await 120000 --sky on --sky-mode day --constellations off --horizon-compass off --coordinates off --labels "mountain_ranges,islands,lakes,roads" --download 900000 --shot "144,-7,1000m,snapshots/images/arran.vista.goat-fell.png"
harris.vista.clisham.png	harris	vista	57.9639	-6.8125	211	-7	1500m	on	mountain_ranges,islands,lakes,roads	1600	1000	120000	java -jar headless/build/libs/peaknav-headless-1.1.0.jar --lat 57.9639 --lon -6.8125 --width 1600 --height 1000 --await 120000 --sky on --sky-mode day --constellations off --horizon-compass off --coordinates off --labels "mountain_ranges,islands,lakes,roads" --download 900000 --shot "211,-7,1500m,snapshots/images/harris.vista.clisham.png"
eigg.vista.an-sgurr.png	eigg	vista	56.9	-6.13	310	-5	1000m	on	mountain_ranges,islands,lakes,roads	1600	1000	120000	java -jar headless/build/libs/peaknav-headless-1.1.0.jar --lat 56.9 --lon -6.13 --width 1600 --height 1000 --await 120000 --sky on --sky-mode day --constellations off --horizon-compass off --coordinates off --labels "mountain_ranges,islands,lakes,roads" --download 900000 --shot "310,-5,1000m,snapshots/images/eigg.vista.an-sgurr.png"
mount-rainier.backdrop.adams.d20km.png	mount-rainier	backdrop	47.03123	-121.78706	170	1	2700m	on	mountain_ranges,islands,lakes,roads	1600	1000	120000	java -jar headless/build/libs/peaknav-headless-1.1.0.jar --lat 47.03123 --lon -121.78706 --width 1600 --height 1000 --await 120000 --sky on --sky-mode day --constellations off --horizon-compass off --coordinates off --labels "mountain_ranges,islands,lakes,roads" --download 900000 --shot "170,1,2700m,snapshots/images/mount-rainier.backdrop.adams.d20km.png"
mount-rainier.backdrop.adams.d20km.peaks-on.png	mount-rainier	backdrop	47.03123	-121.78706	170	1	2700m	on	mountain_ranges,islands,lakes,roads,peaks	1600	1000	120000	java -jar headless/build/libs/peaknav-headless-1.1.0.jar --lat 47.03123 --lon -121.78706 --width 1600 --height 1000 --await 120000 --sky on --sky-mode day --constellations off --horizon-compass off --coordinates off --labels "mountain_ranges,islands,lakes,roads,peaks" --download 900000 --shot "170,1,2700m,snapshots/images/mount-rainier.backdrop.adams.d20km.peaks-on.png"
mount-rainier.backdrop.adams.d35km.png	mount-rainier	backdrop	47.16616	-121.79518	172	-2	3600m	on	mountain_ranges,islands,lakes,roads	1600	1000	120000	java -jar headless/build/libs/peaknav-headless-1.1.0.jar --lat 47.16616 --lon -121.79518 --width 1600 --height 1000 --await 120000 --sky on --sky-mode day --constellations off --horizon-compass off --coordinates off --labels "mountain_ranges,islands,lakes,roads" --download 900000 --shot "172,-2,3600m,snapshots/images/mount-rainier.backdrop.adams.d35km.png"
mount-rainier.backdrop.adams.d35km.peaks-on.png	mount-rainier	backdrop	47.16616	-121.79518	172	-2	3600m	on	mountain_ranges,islands,lakes,roads,peaks	1600	1000	120000	java -jar headless/build/libs/peaknav-headless-1.1.0.jar --lat 47.16616 --lon -121.79518 --width 1600 --height 1000 --await 120000 --sky on --sky-mode day --constellations off --horizon-compass off --coordinates off --labels "mountain_ranges,islands,lakes,roads,peaks" --download 900000 --shot "172,-2,3600m,snapshots/images/mount-rainier.backdrop.adams.d35km.peaks-on.png"
mount-rainier.backdrop.adams.d50km.png	mount-rainier	backdrop	47.30141	-121.79293	173	-3	4500m	on	mountain_ranges,islands,lakes,roads	1600	1000	120000	java -jar headless/build/libs/peaknav-headless-1.1.0.jar --lat 47.30141 --lon -121.79293 --width 1600 --height 1000 --await 120000 --sky on --sky-mode day --constellations off --horizon-compass off --coordinates off --labels "mountain_ranges,islands,lakes,roads" --download 900000 --shot "173,-3,4500m,snapshots/images/mount-rainier.backdrop.adams.d50km.png"
mount-rainier.backdrop.adams.d50km.peaks-on.png	mount-rainier	backdrop	47.30141	-121.79293	173	-3	4500m	on	mountain_ranges,islands,lakes,roads,peaks	1600	1000	120000	java -jar headless/build/libs/peaknav-headless-1.1.0.jar --lat 47.30141 --lon -121.79293 --width 1600 --height 1000 --await 120000 --sky on --sky-mode day --constellations off --horizon-compass off --coordinates off --labels "mountain_ranges,islands,lakes,roads,peaks" --download 900000 --shot "173,-3,4500m,snapshots/images/mount-rainier.backdrop.adams.d50km.peaks-on.png"
mount-rainier.backdrop.st-helens.d20km.png	mount-rainier	backdrop	47.00015	-121.61033	211	1	2700m	on	mountain_ranges,islands,lakes,roads	1600	1000	120000	java -jar headless/build/libs/peaknav-headless-1.1.0.jar --lat 47.00015 --lon -121.61033 --width 1600 --height 1000 --await 120000 --sky on --sky-mode day --constellations off --horizon-compass off --coordinates off --labels "mountain_ranges,islands,lakes,roads" --download 900000 --shot "211,1,2700m,snapshots/images/mount-rainier.backdrop.st-helens.d20km.png"
mount-rainier.backdrop.st-helens.d20km.peaks-on.png	mount-rainier	backdrop	47.00015	-121.61033	211	1	2700m	on	mountain_ranges,islands,lakes,roads,peaks	1600	1000	120000	java -jar headless/build/libs/peaknav-headless-1.1.0.jar --lat 47.00015 --lon -121.61033 --width 1600 --height 1000 --await 120000 --sky on --sky-mode day --constellations off --horizon-compass off --coordinates off --labels "mountain_ranges,islands,lakes,roads,peaks" --download 900000 --shot "211,1,2700m,snapshots/images/mount-rainier.backdrop.st-helens.d20km.peaks-on.png"
mount-rainier.backdrop.st-helens.d35km.png	mount-rainier	backdrop	47.10612	-121.48746	212	-2	3600m	on	mountain_ranges,islands,lakes,roads	1600	1000	120000	java -jar headless/build/libs/peaknav-headless-1.1.0.jar --lat 47.10612 --lon -121.48746 --width 1600 --height 1000 --await 120000 --sky on --sky-mode day --constellations off --horizon-compass off --coordinates off --labels "mountain_ranges,islands,lakes,roads" --download 900000 --shot "212,-2,3600m,snapshots/images/mount-rainier.backdrop.st-helens.d35km.png"
mount-rainier.backdrop.st-helens.d35km.peaks-on.png	mount-rainier	backdrop	47.10612	-121.48746	212	-2	3600m	on	mountain_ranges,islands,lakes,roads,peaks	1600	1000	120000	java -jar headless/build/libs/peaknav-headless-1.1.0.jar --lat 47.10612 --lon -121.48746 --width 1600 --height 1000 --await 120000 --sky on --sky-mode day --constellations off --horizon-compass off --coordinates off --labels "mountain_ranges,islands,lakes,roads,peaks" --download 900000 --shot "212,-2,3600m,snapshots/images/mount-rainier.backdrop.st-helens.d35km.peaks-on.png"
mount-rainier.backdrop.hood.d25km.png	mount-rainier	backdrop	47.0753	-121.71839	183	0	3000m	on	mountain_ranges,islands,lakes,roads	1600	1000	120000	java -jar headless/build/libs/peaknav-headless-1.1.0.jar --lat 47.0753 --lon -121.71839 --width 1600 --height 1000 --await 120000 --sky on --sky-mode day --constellations off --horizon-compass off --coordinates off --labels "mountain_ranges,islands,lakes,roads" --download 900000 --shot "183,0,3000m,snapshots/images/mount-rainier.backdrop.hood.d25km.png"
mount-rainier.backdrop.hood.d25km.peaks-on.png	mount-rainier	backdrop	47.0753	-121.71839	183	0	3000m	on	mountain_ranges,islands,lakes,roads,peaks	1600	1000	120000	java -jar headless/build/libs/peaknav-headless-1.1.0.jar --lat 47.0753 --lon -121.71839 --width 1600 --height 1000 --await 120000 --sky on --sky-mode day --constellations off --horizon-compass off --coordinates off --labels "mountain_ranges,islands,lakes,roads,peaks" --download 900000 --shot "183,0,3000m,snapshots/images/mount-rainier.backdrop.hood.d25km.peaks-on.png"
mount-rainier.backdrop.hood.d40km.png	mount-rainier	backdrop	47.20824	-121.68391	184	-2	3900m	on	mountain_ranges,islands,lakes,roads	1600	1000	120000	java -jar headless/build/libs/peaknav-headless-1.1.0.jar --lat 47.20824 --lon -121.68391 --width 1600 --height 1000 --await 120000 --sky on --sky-mode day --constellations off --horizon-compass off --coordinates off --labels "mountain_ranges,islands,lakes,roads" --download 900000 --shot "184,-2,3900m,snapshots/images/mount-rainier.backdrop.hood.d40km.png"
mount-rainier.backdrop.hood.d40km.peaks-on.png	mount-rainier	backdrop	47.20824	-121.68391	184	-2	3900m	on	mountain_ranges,islands,lakes,roads,peaks	1600	1000	120000	java -jar headless/build/libs/peaknav-headless-1.1.0.jar --lat 47.20824 --lon -121.68391 --width 1600 --height 1000 --await 120000 --sky on --sky-mode day --constellations off --horizon-compass off --coordinates off --labels "mountain_ranges,islands,lakes,roads,peaks" --download 900000 --shot "184,-2,3900m,snapshots/images/mount-rainier.backdrop.hood.d40km.peaks-on.png"
mount-rainier.backdrop.baker.d25km.png	mount-rainier	backdrop	46.62959	-121.80528	4	0	3000m	on	mountain_ranges,islands,lakes,roads	1600	1000	120000	java -jar headless/build/libs/peaknav-headless-1.1.0.jar --lat 46.62959 --lon -121.80528 --width 1600 --height 1000 --await 120000 --sky on --sky-mode day --constellations off --horizon-compass off --coordinates off --labels "mountain_ranges,islands,lakes,roads" --download 900000 --shot "4,0,3000m,snapshots/images/mount-rainier.backdrop.baker.d25km.png"
mount-rainier.backdrop.baker.d25km.peaks-on.png	mount-rainier	backdrop	46.62959	-121.80528	4	0	3000m	on	mountain_ranges,islands,lakes,roads,peaks	1600	1000	120000	java -jar headless/build/libs/peaknav-headless-1.1.0.jar --lat 46.62959 --lon -121.80528 --width 1600 --height 1000 --await 120000 --sky on --sky-mode day --constellations off --horizon-compass off --coordinates off --labels "mountain_ranges,islands,lakes,roads,peaks" --download 900000 --shot "4,0,3000m,snapshots/images/mount-rainier.backdrop.baker.d25km.peaks-on.png"
mount-rainier.backdrop.baker.d40km.png	mount-rainier	backdrop	46.4964	-121.8366	4	-2	3900m	on	mountain_ranges,islands,lakes,roads	1600	1000	120000	java -jar headless/build/libs/peaknav-headless-1.1.0.jar --lat 46.4964 --lon -121.8366 --width 1600 --height 1000 --await 120000 --sky on --sky-mode day --constellations off --horizon-compass off --coordinates off --labels "mountain_ranges,islands,lakes,roads" --download 900000 --shot "4,-2,3900m,snapshots/images/mount-rainier.backdrop.baker.d40km.png"
mount-rainier.backdrop.baker.d40km.peaks-on.png	mount-rainier	backdrop	46.4964	-121.8366	4	-2	3900m	on	mountain_ranges,islands,lakes,roads,peaks	1600	1000	120000	java -jar headless/build/libs/peaknav-headless-1.1.0.jar --lat 46.4964 --lon -121.8366 --width 1600 --height 1000 --await 120000 --sky on --sky-mode day --constellations off --horizon-compass off --coordinates off --labels "mountain_ranges,islands,lakes,roads,peaks" --download 900000 --shot "4,-2,3900m,snapshots/images/mount-rainier.backdrop.baker.d40km.peaks-on.png"
mount-rainier.backdrop.glacier-peak.d25km.png	mount-rainier	backdrop	46.6544	-121.91604	24	0	3000m	on	mountain_ranges,islands,lakes,roads	1600	1000	120000	java -jar headless/build/libs/peaknav-headless-1.1.0.jar --lat 46.6544 --lon -121.91604 --width 1600 --height 1000 --await 120000 --sky on --sky-mode day --constellations off --horizon-compass off --coordinates off --labels "mountain_ranges,islands,lakes,roads" --download 900000 --shot "24,0,3000m,snapshots/images/mount-rainier.backdrop.glacier-peak.d25km.png"
mount-rainier.backdrop.glacier-peak.d25km.peaks-on.png	mount-rainier	backdrop	46.6544	-121.91604	24	0	3000m	on	mountain_ranges,islands,lakes,roads,peaks	1600	1000	120000	java -jar headless/build/libs/peaknav-headless-1.1.0.jar --lat 46.6544 --lon -121.91604 --width 1600 --height 1000 --await 120000 --sky on --sky-mode day --constellations off --horizon-compass off --coordinates off --labels "mountain_ranges,islands,lakes,roads,peaks" --download 900000 --shot "24,0,3000m,snapshots/images/mount-rainier.backdrop.glacier-peak.d25km.peaks-on.png"
mount-rainier.backdrop.glacier-peak.d40km.png	mount-rainier	backdrop	46.53706	-122.01295	25	-2	3900m	on	mountain_ranges,islands,lakes,roads	1600	1000	120000	java -jar headless/build/libs/peaknav-headless-1.1.0.jar --lat 46.53706 --lon -122.01295 --width 1600 --height 1000 --await 120000 --sky on --sky-mode day --constellations off --horizon-compass off --coordinates off --labels "mountain_ranges,islands,lakes,roads" --download 900000 --shot "25,-2,3900m,snapshots/images/mount-rainier.backdrop.glacier-peak.d40km.png"
mount-rainier.backdrop.glacier-peak.d40km.peaks-on.png	mount-rainier	backdrop	46.53706	-122.01295	25	-2	3900m	on	mountain_ranges,islands,lakes,roads,peaks	1600	1000	120000	java -jar headless/build/libs/peaknav-headless-1.1.0.jar --lat 46.53706 --lon -122.01295 --width 1600 --height 1000 --await 120000 --sky on --sky-mode day --constellations off --horizon-compass off --coordinates off --labels "mountain_ranges,islands,lakes,roads,peaks" --download 900000 --shot "25,-2,3900m,snapshots/images/mount-rainier.backdrop.glacier-peak.d40km.peaks-on.png"
mount-adams.backdrop.rainier.d20km.png	mount-adams	backdrop	46.02337	-121.466	350	-1	2700m	on	mountain_ranges,islands,lakes,roads	1600	1000	120000	java -jar headless/build/libs/peaknav-headless-1.1.0.jar --lat 46.02337 --lon -121.466 --width 1600 --height 1000 --await 120000 --sky on --sky-mode day --constellations off --horizon-compass off --coordinates off --labels "mountain_ranges,islands,lakes,roads" --download 900000 --shot "350,-1,2700m,snapshots/images/mount-adams.backdrop.rainier.d20km.png"
mount-adams.backdrop.rainier.d35km.png	mount-adams	backdrop	45.88841	-121.45923	352	-3	3600m	on	mountain_ranges,islands,lakes,roads	1600	1000	120000	java -jar headless/build/libs/peaknav-headless-1.1.0.jar --lat 45.88841 --lon -121.45923 --width 1600 --height 1000 --await 120000 --sky on --sky-mode day --constellations off --horizon-compass off --coordinates off --labels "mountain_ranges,islands,lakes,roads" --download 900000 --shot "352,-3,3600m,snapshots/images/mount-adams.backdrop.rainier.d35km.png"
mount-st-helens.backdrop.rainier.d20km.png	mount-st-helens	backdrop	46.04194	-122.33919	30	-4	2700m	on	mountain_ranges,islands,lakes,roads	1600	1000	120000	java -jar headless/build/libs/peaknav-headless-1.1.0.jar --lat 46.04194 --lon -122.33919 --width 1600 --height 1000 --await 120000 --sky on --sky-mode day --constellations off --horizon-compass off --coordinates off --labels "mountain_ranges,islands,lakes,roads" --download 900000 --shot "30,-4,2700m,snapshots/images/mount-st-helens.backdrop.rainier.d20km.png"
mount-st-helens.backdrop.rainier.d30km.png	mount-st-helens	backdrop	45.9699	-122.41689	31	-5	3300m	on	mountain_ranges,islands,lakes,roads	1600	1000	120000	java -jar headless/build/libs/peaknav-headless-1.1.0.jar --lat 45.9699 --lon -122.41689 --width 1600 --height 1000 --await 120000 --sky on --sky-mode day --constellations off --horizon-compass off --coordinates off --labels "mountain_ranges,islands,lakes,roads" --download 900000 --shot "31,-5,3300m,snapshots/images/mount-st-helens.backdrop.rainier.d30km.png"
mount-hood.backdrop.adams.d25km.png	mount-hood	backdrop	45.16199	-121.80422	16	-3	3000m	on	mountain_ranges,islands,lakes,roads	1600	1000	120000	java -jar headless/build/libs/peaknav-headless-1.1.0.jar --lat 45.16199 --lon -121.80422 --width 1600 --height 1000 --await 120000 --sky on --sky-mode day --constellations off --horizon-compass off --coordinates off --labels "mountain_ranges,islands,lakes,roads" --download 900000 --shot "16,-3,3000m,snapshots/images/mount-hood.backdrop.adams.d25km.png"
mount-hood.backdrop.adams.d40km.png	mount-hood	backdrop	45.03833	-121.8813	17	-4	3900m	on	mountain_ranges,islands,lakes,roads	1600	1000	120000	java -jar headless/build/libs/peaknav-headless-1.1.0.jar --lat 45.03833 --lon -121.8813 --width 1600 --height 1000 --await 120000 --sky on --sky-mode day --constellations off --horizon-compass off --coordinates off --labels "mountain_ranges,islands,lakes,roads" --download 900000 --shot "17,-4,3900m,snapshots/images/mount-hood.backdrop.adams.d40km.png"
zermatt-matterhorn.backdrop.monte-rosa.d15km.png	zermatt-matterhorn	backdrop	46.04423	7.49079	116	-2	2400m	on	mountain_ranges,islands,lakes,roads	1600	1000	120000	java -jar headless/build/libs/peaknav-headless-1.1.0.jar --lat 46.04423 --lon 7.49079 --width 1600 --height 1000 --await 120000 --sky on --sky-mode day --constellations off --horizon-compass off --coordinates off --labels "mountain_ranges,islands,lakes,roads" --download 900000 --shot "116,-2,2400m,snapshots/images/zermatt-matterhorn.backdrop.monte-rosa.d15km.png"
zermatt-matterhorn.backdrop.monte-rosa.d30km.png	zermatt-matterhorn	backdrop	46.14123	7.35091	124	-4	3300m	on	mountain_ranges,islands,lakes,roads	1600	1000	120000	java -jar headless/build/libs/peaknav-headless-1.1.0.jar --lat 46.14123 --lon 7.35091 --width 1600 --height 1000 --await 120000 --sky on --sky-mode day --constellations off --horizon-compass off --coordinates off --labels "mountain_ranges,islands,lakes,roads" --download 900000 --shot "124,-4,3300m,snapshots/images/zermatt-matterhorn.backdrop.monte-rosa.d30km.png"
monte-rosa.backdrop.matterhorn.d15km.png	monte-rosa	backdrop	45.86802	8.03357	297	-1	2400m	on	mountain_ranges,islands,lakes,roads	1600	1000	120000	java -jar headless/build/libs/peaknav-headless-1.1.0.jar --lat 45.86802 --lon 8.03357 --width 1600 --height 1000 --await 120000 --sky on --sky-mode day --constellations off --horizon-compass off --coordinates off --labels "mountain_ranges,islands,lakes,roads" --download 900000 --shot "297,-1,2400m,snapshots/images/monte-rosa.backdrop.matterhorn.d15km.png"
monte-rosa.backdrop.matterhorn.d30km.png	monte-rosa	backdrop	45.7717	8.17317	304	-3	3300m	on	mountain_ranges,islands,lakes,roads	1600	1000	120000	java -jar headless/build/libs/peaknav-headless-1.1.0.jar --lat 45.7717 --lon 8.17317 --width 1600 --height 1000 --await 120000 --sky on --sky-mode day --constellations off --horizon-compass off --coordinates off --labels "mountain_ranges,islands,lakes,roads" --download 900000 --shot "304,-3,3300m,snapshots/images/monte-rosa.backdrop.matterhorn.d30km.png"
mont-blanc.backdrop.jorasses.d20km.png	mont-blanc	backdrop	45.82309	6.60744	83	0	2700m	on	mountain_ranges,islands,lakes,roads	1600	1000	120000	java -jar headless/build/libs/peaknav-headless-1.1.0.jar --lat 45.82309 --lon 6.60744 --width 1600 --height 1000 --await 120000 --sky on --sky-mode day --constellations off --horizon-compass off --coordinates off --labels "mountain_ranges,islands,lakes,roads" --download 900000 --shot "83,0,2700m,snapshots/images/mont-blanc.backdrop.jorasses.d20km.png"
mont-blanc.backdrop.jorasses.d35km.png	mont-blanc	backdrop	45.87314	6.41705	94	-2	3600m	on	mountain_ranges,islands,lakes,roads	1600	1000	120000	java -jar headless/build/libs/peaknav-headless-1.1.0.jar --lat 45.87314 --lon 6.41705 --width 1600 --height 1000 --await 120000 --sky on --sky-mode day --constellations off --horizon-compass off --coordinates off --labels "mountain_ranges,islands,lakes,roads" --download 900000 --shot "94,-2,3600m,snapshots/images/mont-blanc.backdrop.jorasses.d35km.png"
gran-paradiso.backdrop.mont-blanc.d25km.png	gran-paradiso	backdrop	45.32163	7.42585	327	-4	3000m	on	mountain_ranges,islands,lakes,roads	1600	1000	120000	java -jar headless/build/libs/peaknav-headless-1.1.0.jar --lat 45.32163 --lon 7.42585 --width 1600 --height 1000 --await 120000 --sky on --sky-mode day --constellations off --horizon-compass off --coordinates off --labels "mountain_ranges,islands,lakes,roads" --download 900000 --shot "327,-4,3000m,snapshots/images/gran-paradiso.backdrop.mont-blanc.d25km.png"
gran-paradiso.backdrop.mont-blanc.d40km.png	gran-paradiso	backdrop	45.19663	7.50002	329	-4	3900m	on	mountain_ranges,islands,lakes,roads	1600	1000	120000	java -jar headless/build/libs/peaknav-headless-1.1.0.jar --lat 45.19663 --lon 7.50002 --width 1600 --height 1000 --await 120000 --sky on --sky-mode day --constellations off --horizon-compass off --coordinates off --labels "mountain_ranges,islands,lakes,roads" --download 900000 --shot "329,-4,3900m,snapshots/images/gran-paradiso.backdrop.mont-blanc.d40km.png"
eiger.backdrop.jungfrau.d15km.png	eiger	backdrop	46.64114	8.17844	238	-2	2400m	on	mountain_ranges,islands,lakes,roads	1600	1000	120000	java -jar headless/build/libs/peaknav-headless-1.1.0.jar --lat 46.64114 --lon 8.17844 --width 1600 --height 1000 --await 120000 --sky on --sky-mode day --constellations off --horizon-compass off --coordinates off --labels "mountain_ranges,islands,lakes,roads" --download 900000 --shot "238,-2,2400m,snapshots/images/eiger.backdrop.jungfrau.d15km.png"
eiger.backdrop.jungfrau.d25km.png	eiger	backdrop	46.63226	8.3227	253	-3	3000m	on	mountain_ranges,islands,lakes,roads	1600	1000	120000	java -jar headless/build/libs/peaknav-headless-1.1.0.jar --lat 46.63226 --lon 8.3227 --width 1600 --height 1000 --await 120000 --sky on --sky-mode day --constellations off --horizon-compass off --coordinates off --labels "mountain_ranges,islands,lakes,roads" --download 900000 --shot "253,-3,3000m,snapshots/images/eiger.backdrop.jungfrau.d25km.png"
jungfrau.backdrop.eiger.d15km.png	jungfrau	backdrop	46.47287	7.78984	58	-1	2400m	on	mountain_ranges,islands,lakes,roads	1600	1000	120000	java -jar headless/build/libs/peaknav-headless-1.1.0.jar --lat 46.47287 --lon 7.78984 --width 1600 --height 1000 --await 120000 --sky on --sky-mode day --constellations off --horizon-compass off --coordinates off --labels "mountain_ranges,islands,lakes,roads" --download 900000 --shot "58,-1,2400m,snapshots/images/jungfrau.backdrop.eiger.d15km.png"
jungfrau.backdrop.eiger.d25km.png	jungfrau	backdrop	46.48119	7.64594	72	-3	3000m	on	mountain_ranges,islands,lakes,roads	1600	1000	120000	java -jar headless/build/libs/peaknav-headless-1.1.0.jar --lat 46.48119 --lon 7.64594 --width 1600 --height 1000 --await 120000 --sky on --sky-mode day --constellations off --horizon-compass off --coordinates off --labels "mountain_ranges,islands,lakes,roads" --download 900000 --shot "72,-3,3000m,snapshots/images/jungfrau.backdrop.eiger.d25km.png"
bernina.backdrop.piz-palu.d12km.png	bernina	backdrop	46.42422	9.76433	110	-3	2200m	on	mountain_ranges,islands,lakes,roads	1600	1000	120000	java -jar headless/build/libs/peaknav-headless-1.1.0.jar --lat 46.42422 --lon 9.76433 --width 1600 --height 1000 --await 120000 --sky on --sky-mode day --constellations off --horizon-compass off --coordinates off --labels "mountain_ranges,islands,lakes,roads" --download 900000 --shot "110,-3,2200m,snapshots/images/bernina.backdrop.piz-palu.d12km.png"
bernina.backdrop.piz-palu.d22km.png	bernina	backdrop	46.50112	9.67916	124	-4	2800m	on	mountain_ranges,islands,lakes,roads	1600	1000	120000	java -jar headless/build/libs/peaknav-headless-1.1.0.jar --lat 46.50112 --lon 9.67916 --width 1600 --height 1000 --await 120000 --sky on --sky-mode day --constellations off --horizon-compass off --coordinates off --labels "mountain_ranges,islands,lakes,roads" --download 900000 --shot "124,-4,2800m,snapshots/images/bernina.backdrop.piz-palu.d22km.png"
grossglockner.backdrop.grossvenediger.d20km.png	grossglockner	backdrop	47.00451	12.93759	289	-3	2700m	on	mountain_ranges,islands,lakes,roads	1600	1000	120000	java -jar headless/build/libs/peaknav-headless-1.1.0.jar --lat 47.00451 --lon 12.93759 --width 1600 --height 1000 --await 120000 --sky on --sky-mode day --constellations off --horizon-compass off --coordinates off --labels "mountain_ranges,islands,lakes,roads" --download 900000 --shot "289,-3,2700m,snapshots/images/grossglockner.backdrop.grossvenediger.d20km.png"
grossglockner.backdrop.grossvenediger.d35km.png	grossglockner	backdrop	46.92942	13.10407	294	-4	3600m	on	mountain_ranges,islands,lakes,roads	1600	1000	120000	java -jar headless/build/libs/peaknav-headless-1.1.0.jar --lat 46.92942 --lon 13.10407 --width 1600 --height 1000 --await 120000 --sky on --sky-mode day --constellations off --horizon-compass off --coordinates off --labels "mountain_ranges,islands,lakes,roads" --download 900000 --shot "294,-4,3600m,snapshots/images/grossglockner.backdrop.grossvenediger.d35km.png"
dolomites-tre-cime.backdrop.marmolada.d15km.png	dolomites-tre-cime	backdrop	46.66245	12.49096	247	-6	2400m	on	mountain_ranges,islands,lakes,roads	1600	1000	120000	java -jar headless/build/libs/peaknav-headless-1.1.0.jar --lat 46.66245 --lon 12.49096 --width 1600 --height 1000 --await 120000 --sky on --sky-mode day --constellations off --horizon-compass off --coordinates off --labels "mountain_ranges,islands,lakes,roads" --download 900000 --shot "247,-6,2400m,snapshots/images/dolomites-tre-cime.backdrop.marmolada.d15km.png"
dolomites-tre-cime.backdrop.marmolada.d25km.png	dolomites-tre-cime	backdrop	46.68426	12.61842	249	-6	3000m	on	mountain_ranges,islands,lakes,roads	1600	1000	120000	java -jar headless/build/libs/peaknav-headless-1.1.0.jar --lat 46.68426 --lon 12.61842 --width 1600 --height 1000 --await 120000 --sky on --sky-mode day --constellations off --horizon-compass off --coordinates off --labels "mountain_ranges,islands,lakes,roads" --download 900000 --shot "249,-6,3000m,snapshots/images/dolomites-tre-cime.backdrop.marmolada.d25km.png"
marmolada.backdrop.tre-cime.d18km.png	marmolada	backdrop	46.38056	11.6303	67	-4	2500m	on	mountain_ranges,islands,lakes,roads	1600	1000	120000	java -jar headless/build/libs/peaknav-headless-1.1.0.jar --lat 46.38056 --lon 11.6303 --width 1600 --height 1000 --await 120000 --sky on --sky-mode day --constellations off --horizon-compass off --coordinates off --labels "mountain_ranges,islands,lakes,roads" --download 900000 --shot "67,-4,2500m,snapshots/images/marmolada.backdrop.tre-cime.d18km.png"
marmolada.backdrop.tre-cime.d30km.png	marmolada	backdrop	46.35561	11.47756	69	-5	3300m	on	mountain_ranges,islands,lakes,roads	1600	1000	120000	java -jar headless/build/libs/peaknav-headless-1.1.0.jar --lat 46.35561 --lon 11.47756 --width 1600 --height 1000 --await 120000 --sky on --sky-mode day --constellations off --horizon-compass off --coordinates off --labels "mountain_ranges,islands,lakes,roads" --download 900000 --shot "69,-5,3300m,snapshots/images/marmolada.backdrop.tre-cime.d30km.png"
ortler.backdrop.bernina.d25km.png	ortler	backdrop	46.52363	10.87102	262	-3	3000m	on	mountain_ranges,islands,lakes,roads	1600	1000	120000	java -jar headless/build/libs/peaknav-headless-1.1.0.jar --lat 46.52363 --lon 10.87102 --width 1600 --height 1000 --await 120000 --sky on --sky-mode day --constellations off --horizon-compass off --coordinates off --labels "mountain_ranges,islands,lakes,roads" --download 900000 --shot "262,-3,3000m,snapshots/images/ortler.backdrop.bernina.d25km.png"
ortler.backdrop.bernina.d40km.png	ortler	backdrop	46.51634	11.0676	265	-4	3900m	on	mountain_ranges,islands,lakes,roads	1600	1000	120000	java -jar headless/build/libs/peaknav-headless-1.1.0.jar --lat 46.51634 --lon 11.0676 --width 1600 --height 1000 --await 120000 --sky on --sky-mode day --constellations off --horizon-compass off --coordinates off --labels "mountain_ranges,islands,lakes,roads" --download 900000 --shot "265,-4,3900m,snapshots/images/ortler.backdrop.bernina.d40km.png"
lago-braies.backdrop.seekofel.d3km.png	lago-braies	backdrop	46.72138	12.08547	179	-8	2000m	on	mountain_ranges,islands,lakes,roads	1600	1000	120000	java -jar headless/build/libs/peaknav-headless-1.1.0.jar --lat 46.72138 --lon 12.08547 --width 1600 --height 1000 --await 120000 --sky on --sky-mode day --constellations off --horizon-compass off --coordinates off --labels "mountain_ranges,islands,lakes,roads" --download 900000 --shot "179,-8,2000m,snapshots/images/lago-braies.backdrop.seekofel.d3km.png"
lago-braies.backdrop.seekofel.d6km.png	lago-braies	backdrop	46.7483	12.08869	181	-8	2000m	on	mountain_ranges,islands,lakes,roads	1600	1000	120000	java -jar headless/build/libs/peaknav-headless-1.1.0.jar --lat 46.7483 --lon 12.08869 --width 1600 --height 1000 --await 120000 --sky on --sky-mode day --constellations off --horizon-compass off --coordinates off --labels "mountain_ranges,islands,lakes,roads" --download 900000 --shot "181,-8,2000m,snapshots/images/lago-braies.backdrop.seekofel.d6km.png"
lago-carezza.backdrop.latemar.d3km.png	lago-carezza	backdrop	46.43567	11.56963	167	-8	2000m	on	mountain_ranges,islands,lakes,roads	1600	1000	120000	java -jar headless/build/libs/peaknav-headless-1.1.0.jar --lat 46.43567 --lon 11.56963 --width 1600 --height 1000 --await 120000 --sky on --sky-mode day --constellations off --horizon-compass off --coordinates off --labels "mountain_ranges,islands,lakes,roads" --download 900000 --shot "167,-8,2000m,snapshots/images/lago-carezza.backdrop.latemar.d3km.png"
lago-carezza.backdrop.latemar.d6km.png	lago-carezza	backdrop	46.46261	11.56609	170	-8	2000m	on	mountain_ranges,islands,lakes,roads	1600	1000	120000	java -jar headless/build/libs/peaknav-headless-1.1.0.jar --lat 46.46261 --lon 11.56609 --width 1600 --height 1000 --await 120000 --sky on --sky-mode day --constellations off --horizon-compass off --coordinates off --labels "mountain_ranges,islands,lakes,roads" --download 900000 --shot "170,-8,2000m,snapshots/images/lago-carezza.backdrop.latemar.d6km.png"
oeschinensee.backdrop.doldenhorn.d3km.png	oeschinensee	backdrop	46.52217	7.71186	156	-8	2000m	on	mountain_ranges,islands,lakes,roads	1600	1000	120000	java -jar headless/build/libs/peaknav-headless-1.1.0.jar --lat 46.52217 --lon 7.71186 --width 1600 --height 1000 --await 120000 --sky on --sky-mode day --constellations off --horizon-compass off --coordinates off --labels "mountain_ranges,islands,lakes,roads" --download 900000 --shot "156,-8,2000m,snapshots/images/oeschinensee.backdrop.doldenhorn.d3km.png"
oeschinensee.backdrop.doldenhorn.d6km.png	oeschinensee	backdrop	46.54783	7.69956	158	-8	2000m	on	mountain_ranges,islands,lakes,roads	1600	1000	120000	java -jar headless/build/libs/peaknav-headless-1.1.0.jar --lat 46.54783 --lon 7.69956 --width 1600 --height 1000 --await 120000 --sky on --sky-mode day --constellations off --horizon-compass off --coordinates off --labels "mountain_ranges,islands,lakes,roads" --download 900000 --shot "158,-8,2000m,snapshots/images/oeschinensee.backdrop.doldenhorn.d6km.png"
konigssee.backdrop.watzmann.d4km.png	konigssee	backdrop	47.54929	13.03846	276	-8	2000m	on	mountain_ranges,islands,lakes,roads	1600	1000	120000	java -jar headless/build/libs/peaknav-headless-1.1.0.jar --lat 47.54929 --lon 13.03846 --width 1600 --height 1000 --await 120000 --sky on --sky-mode day --constellations off --horizon-compass off --coordinates off --labels "mountain_ranges,islands,lakes,roads" --download 900000 --shot "276,-8,2000m,snapshots/images/konigssee.backdrop.watzmann.d4km.png"
konigssee.backdrop.watzmann.d8km.png	konigssee	backdrop	47.54154	13.09061	278	-8	2000m	on	mountain_ranges,islands,lakes,roads	1600	1000	120000	java -jar headless/build/libs/peaknav-headless-1.1.0.jar --lat 47.54154 --lon 13.09061 --width 1600 --height 1000 --await 120000 --sky on --sky-mode day --constellations off --horizon-compass off --coordinates off --labels "mountain_ranges,islands,lakes,roads" --download 900000 --shot "278,-8,2000m,snapshots/images/konigssee.backdrop.watzmann.d8km.png"
lago-molveno.backdrop.cima-tosa.d4km.png	lago-molveno	backdrop	46.12241	11.00528	298	-8	2000m	on	mountain_ranges,islands,lakes,roads	1600	1000	120000	java -jar headless/build/libs/peaknav-headless-1.1.0.jar --lat 46.12241 --lon 11.00528 --width 1600 --height 1000 --await 120000 --sky on --sky-mode day --constellations off --horizon-compass off --coordinates off --labels "mountain_ranges,islands,lakes,roads" --download 900000 --shot "298,-8,2000m,snapshots/images/lago-molveno.backdrop.cima-tosa.d4km.png"
lago-molveno.backdrop.cima-tosa.d8km.png	lago-molveno	backdrop	46.10318	11.04917	299	-8	2000m	on	mountain_ranges,islands,lakes,roads	1600	1000	120000	java -jar headless/build/libs/peaknav-headless-1.1.0.jar --lat 46.10318 --lon 11.04917 --width 1600 --height 1000 --await 120000 --sky on --sky-mode day --constellations off --horizon-compass off --coordinates off --labels "mountain_ranges,islands,lakes,roads" --download 900000 --shot "299,-8,2000m,snapshots/images/lago-molveno.backdrop.cima-tosa.d8km.png"
silsersee.backdrop.corvatsch.d4km.png	silsersee	backdrop	46.43156	9.70058	107	-8	2000m	on	mountain_ranges,islands,lakes,roads	1600	1000	120000	java -jar headless/build/libs/peaknav-headless-1.1.0.jar --lat 46.43156 --lon 9.70058 --width 1600 --height 1000 --await 120000 --sky on --sky-mode day --constellations off --horizon-compass off --coordinates off --labels "mountain_ranges,islands,lakes,roads" --download 900000 --shot "107,-8,2000m,snapshots/images/silsersee.backdrop.corvatsch.d4km.png"
silsersee.backdrop.corvatsch.d8km.png	silsersee	backdrop	46.44605	9.6527	110	-8	2000m	on	mountain_ranges,islands,lakes,roads	1600	1000	120000	java -jar headless/build/libs/peaknav-headless-1.1.0.jar --lat 46.44605 --lon 9.6527 --width 1600 --height 1000 --await 120000 --sky on --sky-mode day --constellations off --horizon-compass off --coordinates off --labels "mountain_ranges,islands,lakes,roads" --download 900000 --shot "110,-8,2000m,snapshots/images/silsersee.backdrop.corvatsch.d8km.png"
lago-como.backdrop.monte-legnone.d8km.png	lago-como	backdrop	45.96645	9.17758	51	-8	2000m	on	mountain_ranges,islands,lakes,roads	1600	1000	120000	java -jar headless/build/libs/peaknav-headless-1.1.0.jar --lat 45.96645 --lon 9.17758 --width 1600 --height 1000 --await 120000 --sky on --sky-mode day --constellations off --horizon-compass off --coordinates off --labels "mountain_ranges,islands,lakes,roads" --download 900000 --shot "51,-8,2000m,snapshots/images/lago-como.backdrop.monte-legnone.d8km.png"
lago-como.backdrop.monte-legnone.d15km.png	lago-como	backdrop	45.93113	9.10254	52	-8	2400m	on	mountain_ranges,islands,lakes,roads	1600	1000	120000	java -jar headless/build/libs/peaknav-headless-1.1.0.jar --lat 45.93113 --lon 9.10254 --width 1600 --height 1000 --await 120000 --sky on --sky-mode day --constellations off --horizon-compass off --coordinates off --labels "mountain_ranges,islands,lakes,roads" --download 900000 --shot "52,-8,2400m,snapshots/images/lago-como.backdrop.monte-legnone.d15km.png"
hallstattersee.backdrop.dachstein.d6km.png	hallstattersee	backdrop	47.60748	13.69801	207	-8	2000m	on	mountain_ranges,islands,lakes,roads	1600	1000	120000	java -jar headless/build/libs/peaknav-headless-1.1.0.jar --lat 47.60748 --lon 13.69801 --width 1600 --height 1000 --await 120000 --sky on --sky-mode day --constellations off --horizon-compass off --coordinates off --labels "mountain_ranges,islands,lakes,roads" --download 900000 --shot "207,-8,2000m,snapshots/images/hallstattersee.backdrop.dachstein.d6km.png"
hallstattersee.backdrop.dachstein.d12km.png	hallstattersee	backdrop	47.65357	13.73975	208	-8	2200m	on	mountain_ranges,islands,lakes,roads	1600	1000	120000	java -jar headless/build/libs/peaknav-headless-1.1.0.jar --lat 47.65357 --lon 13.73975 --width 1600 --height 1000 --await 120000 --sky on --sky-mode day --constellations off --horizon-compass off --coordinates off --labels "mountain_ranges,islands,lakes,roads" --download 900000 --shot "208,-8,2200m,snapshots/images/hallstattersee.backdrop.dachstein.d12km.png"
lago-garda.backdrop.monte-baldo.d8km.png	lago-garda	backdrop	45.68612	10.59893	77	-8	2000m	on	mountain_ranges,islands,lakes,roads	1600	1000	120000	java -jar headless/build/libs/peaknav-headless-1.1.0.jar --lat 45.68612 --lon 10.59893 --width 1600 --height 1000 --await 120000 --sky on --sky-mode day --constellations off --horizon-compass off --coordinates off --labels "mountain_ranges,islands,lakes,roads" --download 900000 --shot "77,-8,2000m,snapshots/images/lago-garda.backdrop.monte-baldo.d8km.png"
lago-garda.backdrop.monte-baldo.d15km.png	lago-garda	backdrop	45.6797	10.50908	79	-8	2400m	on	mountain_ranges,islands,lakes,roads	1600	1000	120000	java -jar headless/build/libs/peaknav-headless-1.1.0.jar --lat 45.6797 --lon 10.50908 --width 1600 --height 1000 --await 120000 --sky on --sky-mode day --constellations off --horizon-compass off --coordinates off --labels "mountain_ranges,islands,lakes,roads" --download 900000 --shot "79,-8,2400m,snapshots/images/lago-garda.backdrop.monte-baldo.d15km.png"
lago-bled.backdrop.triglav.d6km.png	lago-bled	backdrop	46.35425	14.16977	277	-8	2000m	on	mountain_ranges,islands,lakes,roads	1600	1000	120000	java -jar headless/build/libs/peaknav-headless-1.1.0.jar --lat 46.35425 --lon 14.16977 --width 1600 --height 1000 --await 120000 --sky on --sky-mode day --constellations off --horizon-compass off --coordinates off --labels "mountain_ranges,islands,lakes,roads" --download 900000 --shot "277,-8,2000m,snapshots/images/lago-bled.backdrop.triglav.d6km.png"
lago-bled.backdrop.triglav.d12km.png	lago-bled	backdrop	46.34409	14.24657	278	-8	2200m	on	mountain_ranges,islands,lakes,roads	1600	1000	120000	java -jar headless/build/libs/peaknav-headless-1.1.0.jar --lat 46.34409 --lon 14.24657 --width 1600 --height 1000 --await 120000 --sky on --sky-mode day --constellations off --horizon-compass off --coordinates off --labels "mountain_ranges,islands,lakes,roads" --download 900000 --shot "278,-8,2200m,snapshots/images/lago-bled.backdrop.triglav.d12km.png"
everest.backdrop.makalu.d25km.png	everest	backdrop	28.16619	86.76947	138	1	3000m	on	mountain_ranges,islands,lakes,roads	1600	1000	120000	java -jar headless/build/libs/peaknav-headless-1.1.0.jar --lat 28.16619 --lon 86.76947 --width 1600 --height 1000 --await 120000 --sky on --sky-mode day --constellations off --horizon-compass off --coordinates off --labels "mountain_ranges,islands,lakes,roads" --download 900000 --shot "138,1,3000m,snapshots/images/everest.backdrop.makalu.d25km.png"
everest.backdrop.makalu.d40km.png	everest	backdrop	28.29603	86.7141	145	-1	3900m	on	mountain_ranges,islands,lakes,roads	1600	1000	120000	java -jar headless/build/libs/peaknav-headless-1.1.0.jar --lat 28.29603 --lon 86.7141 --width 1600 --height 1000 --await 120000 --sky on --sky-mode day --constellations off --horizon-compass off --coordinates off --labels "mountain_ranges,islands,lakes,roads" --download 900000 --shot "145,-1,3900m,snapshots/images/everest.backdrop.makalu.d40km.png"
everest.backdrop.cho-oyu.d25km.png	everest	backdrop	27.84524	87.12147	306	1	3000m	on	mountain_ranges,islands,lakes,roads	1600	1000	120000	java -jar headless/build/libs/peaknav-headless-1.1.0.jar --lat 27.84524 --lon 87.12147 --width 1600 --height 1000 --await 120000 --sky on --sky-mode day --constellations off --horizon-compass off --coordinates off --labels "mountain_ranges,islands,lakes,roads" --download 900000 --shot "306,1,3000m,snapshots/images/everest.backdrop.cho-oyu.d25km.png"
everest.backdrop.cho-oyu.d40km.png	everest	backdrop	27.73834	87.21784	310	-1	3900m	on	mountain_ranges,islands,lakes,roads	1600	1000	120000	java -jar headless/build/libs/peaknav-headless-1.1.0.jar --lat 27.73834 --lon 87.21784 --width 1600 --height 1000 --await 120000 --sky on --sky-mode day --constellations off --horizon-compass off --coordinates off --labels "mountain_ranges,islands,lakes,roads" --download 900000 --shot "310,-1,3900m,snapshots/images/everest.backdrop.cho-oyu.d40km.png"
ama-dablam.backdrop.everest.d15km.png	ama-dablam	backdrop	27.75549	86.76707	34	-1	2400m	on	mountain_ranges,islands,lakes,roads	1600	1000	120000	java -jar headless/build/libs/peaknav-headless-1.1.0.jar --lat 27.75549 --lon 86.76707 --width 1600 --height 1000 --await 120000 --sky on --sky-mode day --constellations off --horizon-compass off --coordinates off --labels "mountain_ranges,islands,lakes,roads" --download 900000 --shot "34,-1,2400m,snapshots/images/ama-dablam.backdrop.everest.d15km.png"
ama-dablam.backdrop.everest.d25km.png	ama-dablam	backdrop	27.69605	86.68928	39	-3	3000m	on	mountain_ranges,islands,lakes,roads	1600	1000	120000	java -jar headless/build/libs/peaknav-headless-1.1.0.jar --lat 27.69605 --lon 86.68928 --width 1600 --height 1000 --await 120000 --sky on --sky-mode day --constellations off --horizon-compass off --coordinates off --labels "mountain_ranges,islands,lakes,roads" --download 900000 --shot "39,-3,3000m,snapshots/images/ama-dablam.backdrop.everest.d25km.png"
everest.backdrop.lhotse.d30km.png	everest	backdrop	28.10176	87.20224	242	0	3300m	on	mountain_ranges,islands,lakes,roads	1600	1000	120000	java -jar headless/build/libs/peaknav-headless-1.1.0.jar --lat 28.10176 --lon 87.20224 --width 1600 --height 1000 --await 120000 --sky on --sky-mode day --constellations off --horizon-compass off --coordinates off --labels "mountain_ranges,islands,lakes,roads" --download 900000 --shot "242,0,3300m,snapshots/images/everest.backdrop.lhotse.d30km.png"
everest.backdrop.lhotse.d45km.png	everest	backdrop	28.15838	87.34108	243	-2	4200m	on	mountain_ranges,islands,lakes,roads	1600	1000	120000	java -jar headless/build/libs/peaknav-headless-1.1.0.jar --lat 28.15838 --lon 87.34108 --width 1600 --height 1000 --await 120000 --sky on --sky-mode day --constellations off --horizon-compass off --coordinates off --labels "mountain_ranges,islands,lakes,roads" --download 900000 --shot "243,-2,4200m,snapshots/images/everest.backdrop.lhotse.d45km.png"
k2-karakoram.backdrop.broad-peak.d20km.png	k2-karakoram	backdrop	36.05786	76.47421	166	2	2700m	on	mountain_ranges,islands,lakes,roads	1600	1000	120000	java -jar headless/build/libs/peaknav-headless-1.1.0.jar --lat 36.05786 --lon 76.47421 --width 1600 --height 1000 --await 120000 --sky on --sky-mode day --constellations off --horizon-compass off --coordinates off --labels "mountain_ranges,islands,lakes,roads" --download 900000 --shot "166,2,2700m,snapshots/images/k2-karakoram.backdrop.broad-peak.d20km.png"
k2-karakoram.backdrop.broad-peak.d35km.png	k2-karakoram	backdrop	36.19539	76.52611	178	-1	3600m	on	mountain_ranges,islands,lakes,roads	1600	1000	120000	java -jar headless/build/libs/peaknav-headless-1.1.0.jar --lat 36.19539 --lon 76.52611 --width 1600 --height 1000 --await 120000 --sky on --sky-mode day --constellations off --horizon-compass off --coordinates off --labels "mountain_ranges,islands,lakes,roads" --download 900000 --shot "178,-1,3600m,snapshots/images/k2-karakoram.backdrop.broad-peak.d35km.png"
k2-karakoram.backdrop.gasherbrum-1.d25km.png	k2-karakoram	backdrop	36.08048	76.3856	149	1	3000m	on	mountain_ranges,islands,lakes,roads	1600	1000	120000	java -jar headless/build/libs/peaknav-headless-1.1.0.jar --lat 36.08048 --lon 76.3856 --width 1600 --height 1000 --await 120000 --sky on --sky-mode day --constellations off --horizon-compass off --coordinates off --labels "mountain_ranges,islands,lakes,roads" --download 900000 --shot "149,1,3000m,snapshots/images/k2-karakoram.backdrop.gasherbrum-1.d25km.png"
k2-karakoram.backdrop.gasherbrum-1.d40km.png	k2-karakoram	backdrop	36.21463	76.34754	154	-2	3900m	on	mountain_ranges,islands,lakes,roads	1600	1000	120000	java -jar headless/build/libs/peaknav-headless-1.1.0.jar --lat 36.21463 --lon 76.34754 --width 1600 --height 1000 --await 120000 --sky on --sky-mode day --constellations off --horizon-compass off --coordinates off --labels "mountain_ranges,islands,lakes,roads" --download 900000 --shot "154,-2,3900m,snapshots/images/k2-karakoram.backdrop.gasherbrum-1.d40km.png"
broad-peak.backdrop.k2.d20km.png	broad-peak	backdrop	35.63374	76.6076	346	0	2700m	on	mountain_ranges,islands,lakes,roads	1600	1000	120000	java -jar headless/build/libs/peaknav-headless-1.1.0.jar --lat 35.63374 --lon 76.6076 --width 1600 --height 1000 --await 120000 --sky on --sky-mode day --constellations off --horizon-compass off --coordinates off --labels "mountain_ranges,islands,lakes,roads" --download 900000 --shot "346,0,2700m,snapshots/images/broad-peak.backdrop.k2.d20km.png"
broad-peak.backdrop.k2.d30km.png	broad-peak	backdrop	35.54119	76.58104	354	-2	3300m	on	mountain_ranges,islands,lakes,roads	1600	1000	120000	java -jar headless/build/libs/peaknav-headless-1.1.0.jar --lat 35.54119 --lon 76.58104 --width 1600 --height 1000 --await 120000 --sky on --sky-mode day --constellations off --horizon-compass off --coordinates off --labels "mountain_ranges,islands,lakes,roads" --download 900000 --shot "354,-2,3300m,snapshots/images/broad-peak.backdrop.k2.d30km.png"
aoraki-mount-cook.backdrop.tasman.d20km.png	aoraki-mount-cook	backdrop	-43.68918	169.93005	56	-1	2700m	on	mountain_ranges,islands,lakes,roads	1600	1000	120000	java -jar headless/build/libs/peaknav-headless-1.1.0.jar --lat -43.68918 --lon 169.93005 --width 1600 --height 1000 --await 120000 --sky on --sky-mode day --constellations off --horizon-compass off --coordinates off --labels "mountain_ranges,islands,lakes,roads" --download 900000 --shot "56,-1,2700m,snapshots/images/aoraki-mount-cook.backdrop.tasman.d20km.png"
aoraki-mount-cook.backdrop.tasman.d35km.png	aoraki-mount-cook	backdrop	-43.58401	169.70749	90	-3	3600m	on	mountain_ranges,islands,lakes,roads	1600	1000	120000	java -jar headless/build/libs/peaknav-headless-1.1.0.jar --lat -43.58401 --lon 169.70749 --width 1600 --height 1000 --await 120000 --sky on --sky-mode day --constellations off --horizon-compass off --coordinates off --labels "mountain_ranges,islands,lakes,roads" --download 900000 --shot "90,-3,3600m,snapshots/images/aoraki-mount-cook.backdrop.tasman.d35km.png"
teide-tenerife.backdrop.garajonay.d25km.png	teide-tenerife	backdrop	28.29248	-16.38821	261	0	3000m	on	mountain_ranges,islands,lakes,roads	1600	1000	120000	java -jar headless/build/libs/peaknav-headless-1.1.0.jar --lat 28.29248 --lon -16.38821 --width 1600 --height 1000 --await 120000 --sky on --sky-mode day --constellations off --horizon-compass off --coordinates off --labels "mountain_ranges,islands,lakes,roads" --download 900000 --shot "261,0,3000m,snapshots/images/teide-tenerife.backdrop.garajonay.d25km.png"
teide-tenerife.backdrop.garajonay.d40km.png	teide-tenerife	backdrop	28.29178	-16.2346	263	-2	3900m	on	mountain_ranges,islands,lakes,roads	1600	1000	120000	java -jar headless/build/libs/peaknav-headless-1.1.0.jar --lat 28.29178 --lon -16.2346 --width 1600 --height 1000 --await 120000 --sky on --sky-mode day --constellations off --horizon-compass off --coordinates off --labels "mountain_ranges,islands,lakes,roads" --download 900000 --shot "263,-2,3900m,snapshots/images/teide-tenerife.backdrop.garajonay.d40km.png"
lofoten.backdrop.hermannsdalstinden.d5km.png	lofoten	backdrop	67.90913	13.14785	303	-8	2000m	on	mountain_ranges,islands,lakes,roads	1600	1000	120000	java -jar headless/build/libs/peaknav-headless-1.1.0.jar --lat 67.90913 --lon 13.14785 --width 1600 --height 1000 --await 120000 --sky on --sky-mode day --constellations off --horizon-compass off --coordinates off --labels "mountain_ranges,islands,lakes,roads" --download 900000 --shot "303,-8,2000m,snapshots/images/lofoten.backdrop.hermannsdalstinden.d5km.png"
lofoten.backdrop.hermannsdalstinden.d9km.png	lofoten	backdrop	67.88389	13.21689	307	-8	2000m	on	mountain_ranges,islands,lakes,roads	1600	1000	120000	java -jar headless/build/libs/peaknav-headless-1.1.0.jar --lat 67.88389 --lon 13.21689 --width 1600 --height 1000 --await 120000 --sky on --sky-mode day --constellations off --horizon-compass off --coordinates off --labels "mountain_ranges,islands,lakes,roads" --download 900000 --shot "307,-8,2000m,snapshots/images/lofoten.backdrop.hermannsdalstinden.d9km.png"
lofoten.backdrop.segla.d40km.png	lofoten	backdrop	67.81771	12.86885	46	-6	3900m	on	mountain_ranges,islands,lakes,roads	1600	1000	120000	java -jar headless/build/libs/peaknav-headless-1.1.0.jar --lat 67.81771 --lon 12.86885 --width 1600 --height 1000 --await 120000 --sky on --sky-mode day --constellations off --horizon-compass off --coordinates off --labels "mountain_ranges,islands,lakes,roads" --download 900000 --shot "46,-6,3900m,snapshots/images/lofoten.backdrop.segla.d40km.png"
lofoten.backdrop.segla.d70km.png	lofoten	backdrop	67.64554	12.32057	47	-5	5000m	on	mountain_ranges,islands,lakes,roads	1600	1000	120000	java -jar headless/build/libs/peaknav-headless-1.1.0.jar --lat 67.64554 --lon 12.32057 --width 1600 --height 1000 --await 120000 --sky on --sky-mode day --constellations off --horizon-compass off --coordinates off --labels "mountain_ranges,islands,lakes,roads" --download 900000 --shot "47,-5,5000m,snapshots/images/lofoten.backdrop.segla.d70km.png"
geirangerfjord.backdrop.dalsnibba.d6km.png	geirangerfjord	backdrop	62.14285	7.01775	132	-8	2000m	on	mountain_ranges,islands,lakes,roads	1600	1000	120000	java -jar headless/build/libs/peaknav-headless-1.1.0.jar --lat 62.14285 --lon 7.01775 --width 1600 --height 1000 --await 120000 --sky on --sky-mode day --constellations off --horizon-compass off --coordinates off --labels "mountain_ranges,islands,lakes,roads" --download 900000 --shot "132,-8,2000m,snapshots/images/geirangerfjord.backdrop.dalsnibba.d6km.png"
geirangerfjord.backdrop.dalsnibba.d12km.png	geirangerfjord	backdrop	62.18458	6.94399	135	-8	2200m	on	mountain_ranges,islands,lakes,roads	1600	1000	120000	java -jar headless/build/libs/peaknav-headless-1.1.0.jar --lat 62.18458 --lon 6.94399 --width 1600 --height 1000 --await 120000 --sky on --sky-mode day --constellations off --horizon-compass off --coordinates off --labels "mountain_ranges,islands,lakes,roads" --download 900000 --shot "135,-8,2200m,snapshots/images/geirangerfjord.backdrop.dalsnibba.d12km.png"
naeroyfjord.backdrop.bakkanosi.d5km.png	naeroyfjord	backdrop	60.94948	6.77011	128	-8	2000m	on	mountain_ranges,islands,lakes,roads	1600	1000	120000	java -jar headless/build/libs/peaknav-headless-1.1.0.jar --lat 60.94948 --lon 6.77011 --width 1600 --height 1000 --await 120000 --sky on --sky-mode day --constellations off --horizon-compass off --coordinates off --labels "mountain_ranges,islands,lakes,roads" --download 900000 --shot "128,-8,2000m,snapshots/images/naeroyfjord.backdrop.bakkanosi.d5km.png"
naeroyfjord.backdrop.bakkanosi.d9km.png	naeroyfjord	backdrop	60.97668	6.721	132	-8	2000m	on	mountain_ranges,islands,lakes,roads	1600	1000	120000	java -jar headless/build/libs/peaknav-headless-1.1.0.jar --lat 60.97668 --lon 6.721 --width 1600 --height 1000 --await 120000 --sky on --sky-mode day --constellations off --horizon-compass off --coordinates off --labels "mountain_ranges,islands,lakes,roads" --download 900000 --shot "132,-8,2000m,snapshots/images/naeroyfjord.backdrop.bakkanosi.d9km.png"
skye.backdrop.sgurr-alasdair.d4km.png	skye	backdrop	57.18031	-6.12774	302	-8	2000m	on	mountain_ranges,islands,lakes,roads	1600	1000	120000	java -jar headless/build/libs/peaknav-headless-1.1.0.jar --lat 57.18031 --lon -6.12774 --width 1600 --height 1000 --await 120000 --sky on --sky-mode day --constellations off --horizon-compass off --coordinates off --labels "mountain_ranges,islands,lakes,roads" --download 900000 --shot "302,-8,2000m,snapshots/images/skye.backdrop.sgurr-alasdair.d4km.png"
skye.backdrop.sgurr-alasdair.d8km.png	skye	backdrop	57.15599	-6.0783	306	-8	2000m	on	mountain_ranges,islands,lakes,roads	1600	1000	120000	java -jar headless/build/libs/peaknav-headless-1.1.0.jar --lat 57.15599 --lon -6.0783 --width 1600 --height 1000 --await 120000 --sky on --sky-mode day --constellations off --horizon-compass off --coordinates off --labels "mountain_ranges,islands,lakes,roads" --download 900000 --shot "306,-8,2000m,snapshots/images/skye.backdrop.sgurr-alasdair.d8km.png"
skye.backdrop.bla-bheinn.d12km.png	skye	backdrop	57.22487	-6.42386	94	-8	2200m	on	mountain_ranges,islands,lakes,roads	1600	1000	120000	java -jar headless/build/libs/peaknav-headless-1.1.0.jar --lat 57.22487 --lon -6.42386 --width 1600 --height 1000 --await 120000 --sky on --sky-mode day --constellations off --horizon-compass off --coordinates off --labels "mountain_ranges,islands,lakes,roads" --download 900000 --shot "94,-8,2200m,snapshots/images/skye.backdrop.bla-bheinn.d12km.png"
skye.backdrop.bla-bheinn.d20km.png	skye	backdrop	57.25374	-6.54909	100	-8	2700m	on	mountain_ranges,islands,lakes,roads	1600	1000	120000	java -jar headless/build/libs/peaknav-headless-1.1.0.jar --lat 57.25374 --lon -6.54909 --width 1600 --height 1000 --await 120000 --sky on --sky-mode day --constellations off --horizon-compass off --coordinates off --labels "mountain_ranges,islands,lakes,roads" --download 900000 --shot "100,-8,2700m,snapshots/images/skye.backdrop.bla-bheinn.d20km.png"
loch-lomond.backdrop.ben-lomond.d6km.png	loch-lomond	backdrop	56.04616	-4.63645	2	-8	2000m	on	mountain_ranges,islands,lakes,roads	1600	1000	120000	java -jar headless/build/libs/peaknav-headless-1.1.0.jar --lat 56.04616 --lon -4.63645 --width 1600 --height 1000 --await 120000 --sky on --sky-mode day --constellations off --horizon-compass off --coordinates off --labels "mountain_ranges,islands,lakes,roads" --download 900000 --shot "2,-8,2000m,snapshots/images/loch-lomond.backdrop.ben-lomond.d6km.png"
loch-lomond.backdrop.ben-lomond.d12km.png	loch-lomond	backdrop	55.99255	-4.64792	4	-8	2200m	on	mountain_ranges,islands,lakes,roads	1600	1000	120000	java -jar headless/build/libs/peaknav-headless-1.1.0.jar --lat 55.99255 --lon -4.64792 --width 1600 --height 1000 --await 120000 --sky on --sky-mode day --constellations off --horizon-compass off --coordinates off --labels "mountain_ranges,islands,lakes,roads" --download 900000 --shot "4,-8,2200m,snapshots/images/loch-lomond.backdrop.ben-lomond.d12km.png"
loch-maree.backdrop.slioch.d5km.png	loch-maree	backdrop	57.72406	-5.52111	121	-8	2000m	on	mountain_ranges,islands,lakes,roads	1600	1000	120000	java -jar headless/build/libs/peaknav-headless-1.1.0.jar --lat 57.72406 --lon -5.52111 --width 1600 --height 1000 --await 120000 --sky on --sky-mode day --constellations off --horizon-compass off --coordinates off --labels "mountain_ranges,islands,lakes,roads" --download 900000 --shot "121,-8,2000m,snapshots/images/loch-maree.backdrop.slioch.d5km.png"
loch-maree.backdrop.slioch.d10km.png	loch-maree	backdrop	57.75071	-5.5891	123	-8	2100m	on	mountain_ranges,islands,lakes,roads	1600	1000	120000	java -jar headless/build/libs/peaknav-headless-1.1.0.jar --lat 57.75071 --lon -5.5891 --width 1600 --height 1000 --await 120000 --sky on --sky-mode day --constellations off --horizon-compass off --coordinates off --labels "mountain_ranges,islands,lakes,roads" --download 900000 --shot "123,-8,2100m,snapshots/images/loch-maree.backdrop.slioch.d10km.png"
glencoe.backdrop.ben-nevis.d12km.png	glencoe	backdrop	56.53501	-4.87053	348	-8	2200m	on	mountain_ranges,islands,lakes,roads	1600	1000	120000	java -jar headless/build/libs/peaknav-headless-1.1.0.jar --lat 56.53501 --lon -4.87053 --width 1600 --height 1000 --await 120000 --sky on --sky-mode day --constellations off --horizon-compass off --coordinates off --labels "mountain_ranges,islands,lakes,roads" --download 900000 --shot "348,-8,2200m,snapshots/images/glencoe.backdrop.ben-nevis.d12km.png"
glencoe.backdrop.ben-nevis.d20km.png	glencoe	backdrop	56.46271	-4.86789	351	-8	2700m	on	mountain_ranges,islands,lakes,roads	1600	1000	120000	java -jar headless/build/libs/peaknav-headless-1.1.0.jar --lat 56.46271 --lon -4.86789 --width 1600 --height 1000 --await 120000 --sky on --sky-mode day --constellations off --horizon-compass off --coordinates off --labels "mountain_ranges,islands,lakes,roads" --download 900000 --shot "351,-8,2700m,snapshots/images/glencoe.backdrop.ben-nevis.d20km.png"
arran.backdrop.holy-isle.d10km.png	arran	backdrop	55.70625	-5.26006	152	-8	2100m	on	mountain_ranges,islands,lakes,roads	1600	1000	120000	java -jar headless/build/libs/peaknav-headless-1.1.0.jar --lat 55.70625 --lon -5.26006 --width 1600 --height 1000 --await 120000 --sky on --sky-mode day --constellations off --horizon-compass off --coordinates off --labels "mountain_ranges,islands,lakes,roads" --download 900000 --shot "152,-8,2100m,snapshots/images/arran.backdrop.holy-isle.d10km.png"
arran.backdrop.holy-isle.d18km.png	arran	backdrop	55.77519	-5.29887	155	-7	2500m	on	mountain_ranges,islands,lakes,roads	1600	1000	120000	java -jar headless/build/libs/peaknav-headless-1.1.0.jar --lat 55.77519 --lon -5.29887 --width 1600 --height 1000 --await 120000 --sky on --sky-mode day --constellations off --horizon-compass off --coordinates off --labels "mountain_ranges,islands,lakes,roads" --download 900000 --shot "155,-7,2500m,snapshots/images/arran.backdrop.holy-isle.d18km.png"
eigg.backdrop.rum.d12km.png	eigg	backdrop	56.817	-6.00383	317	-8	2200m	on	mountain_ranges,islands,lakes,roads	1600	1000	120000	java -jar headless/build/libs/peaknav-headless-1.1.0.jar --lat 56.817 --lon -6.00383 --width 1600 --height 1000 --await 120000 --sky on --sky-mode day --constellations off --horizon-compass off --coordinates off --labels "mountain_ranges,islands,lakes,roads" --download 900000 --shot "317,-8,2200m,snapshots/images/eigg.backdrop.rum.d12km.png"
eigg.backdrop.rum.d20km.png	eigg	backdrop	56.75673	-5.93125	320	-8	2700m	on	mountain_ranges,islands,lakes,roads	1600	1000	120000	java -jar headless/build/libs/peaknav-headless-1.1.0.jar --lat 56.75673 --lon -5.93125 --width 1600 --height 1000 --await 120000 --sky on --sky-mode day --constellations off --horizon-compass off --coordinates off --labels "mountain_ranges,islands,lakes,roads" --download 900000 --shot "320,-8,2700m,snapshots/images/eigg.backdrop.rum.d20km.png"
harris.backdrop.sound-of-harris.d15km.png	harris	backdrop	58.06718	-6.64866	217	-8	2400m	on	mountain_ranges,islands,lakes,roads	1600	1000	120000	java -jar headless/build/libs/peaknav-headless-1.1.0.jar --lat 58.06718 --lon -6.64866 --width 1600 --height 1000 --await 120000 --sky on --sky-mode day --constellations off --horizon-compass off --coordinates off --labels "mountain_ranges,islands,lakes,roads" --download 900000 --shot "217,-8,2400m,snapshots/images/harris.backdrop.sound-of-harris.d15km.png"
harris.backdrop.sound-of-harris.d25km.png	harris	backdrop	58.13074	-6.52772	219	-7	3000m	on	mountain_ranges,islands,lakes,roads	1600	1000	120000	java -jar headless/build/libs/peaknav-headless-1.1.0.jar --lat 58.13074 --lon -6.52772 --width 1600 --height 1000 --await 120000 --sky on --sky-mode day --constellations off --horizon-compass off --coordinates off --labels "mountain_ranges,islands,lakes,roads" --download 900000 --shot "219,-7,3000m,snapshots/images/harris.backdrop.sound-of-harris.d25km.png"
santorini-greece.backdrop.ios.d20km.png	santorini-greece	backdrop	36.2234	25.47236	346	-8	2700m	on	mountain_ranges,islands,lakes,roads	1600	1000	120000	java -jar headless/build/libs/peaknav-headless-1.1.0.jar --lat 36.2234 --lon 25.47236 --width 1600 --height 1000 --await 120000 --sky on --sky-mode day --constellations off --horizon-compass off --coordinates off --labels "mountain_ranges,islands,lakes,roads" --download 900000 --shot "346,-8,2700m,snapshots/images/santorini-greece.backdrop.ios.d20km.png"
santorini-greece.backdrop.ios.d35km.png	santorini-greece	backdrop	36.08906	25.49062	348	-7	3600m	on	mountain_ranges,islands,lakes,roads	1600	1000	120000	java -jar headless/build/libs/peaknav-headless-1.1.0.jar --lat 36.08906 --lon 25.49062 --width 1600 --height 1000 --await 120000 --sky on --sky-mode day --constellations off --horizon-compass off --coordinates off --labels "mountain_ranges,islands,lakes,roads" --download 900000 --shot "348,-7,3600m,snapshots/images/santorini-greece.backdrop.ios.d35km.png"
naxos-cyclades.backdrop.paros.d20km.png	naxos-cyclades	backdrop	36.94905	25.68537	290	-7	2700m	on	mountain_ranges,islands,lakes,roads	1600	1000	120000	java -jar headless/build/libs/peaknav-headless-1.1.0.jar --lat 36.94905 --lon 25.68537 --width 1600 --height 1000 --await 120000 --sky on --sky-mode day --constellations off --horizon-compass off --coordinates off --labels "mountain_ranges,islands,lakes,roads" --download 900000 --shot "290,-7,2700m,snapshots/images/naxos-cyclades.backdrop.paros.d20km.png"
naxos-cyclades.backdrop.paros.d35km.png	naxos-cyclades	backdrop	36.88087	25.83179	293	-6	3600m	on	mountain_ranges,islands,lakes,roads	1600	1000	120000	java -jar headless/build/libs/peaknav-headless-1.1.0.jar --lat 36.88087 --lon 25.83179 --width 1600 --height 1000 --await 120000 --sky on --sky-mode day --constellations off --horizon-compass off --coordinates off --labels "mountain_ranges,islands,lakes,roads" --download 900000 --shot "293,-6,3600m,snapshots/images/naxos-cyclades.backdrop.paros.d35km.png"
hvar-croatia.backdrop.vis-hum.d18km.png	hvar-croatia	backdrop	43.15915	16.84032	260	-8	2500m	on	mountain_ranges,islands,lakes,roads	1600	1000	120000	java -jar headless/build/libs/peaknav-headless-1.1.0.jar --lat 43.15915 --lon 16.84032 --width 1600 --height 1000 --await 120000 --sky on --sky-mode day --constellations off --horizon-compass off --coordinates off --labels "mountain_ranges,islands,lakes,roads" --download 900000 --shot "260,-8,2500m,snapshots/images/hvar-croatia.backdrop.vis-hum.d18km.png"
hvar-croatia.backdrop.vis-hum.d30km.png	hvar-croatia	backdrop	43.16466	16.98827	262	-7	3300m	on	mountain_ranges,islands,lakes,roads	1600	1000	120000	java -jar headless/build/libs/peaknav-headless-1.1.0.jar --lat 43.16466 --lon 16.98827 --width 1600 --height 1000 --await 120000 --sky on --sky-mode day --constellations off --horizon-compass off --coordinates off --labels "mountain_ranges,islands,lakes,roads" --download 900000 --shot "262,-7,3300m,snapshots/images/hvar-croatia.backdrop.vis-hum.d30km.png"
brac-croatia.backdrop.hvar-nikola.d15km.png	brac-croatia	backdrop	43.39674	16.65957	189	-8	2400m	on	mountain_ranges,islands,lakes,roads	1600	1000	120000	java -jar headless/build/libs/peaknav-headless-1.1.0.jar --lat 43.39674 --lon 16.65957 --width 1600 --height 1000 --await 120000 --sky on --sky-mode day --constellations off --horizon-compass off --coordinates off --labels "mountain_ranges,islands,lakes,roads" --download 900000 --shot "189,-8,2400m,snapshots/images/brac-croatia.backdrop.hvar-nikola.d15km.png"
brac-croatia.backdrop.hvar-nikola.d25km.png	brac-croatia	backdrop	43.48009	16.70977	194	-7	3000m	on	mountain_ranges,islands,lakes,roads	1600	1000	120000	java -jar headless/build/libs/peaknav-headless-1.1.0.jar --lat 43.48009 --lon 16.70977 --width 1600 --height 1000 --await 120000 --sky on --sky-mode day --constellations off --horizon-compass off --coordinates off --labels "mountain_ranges,islands,lakes,roads" --download 900000 --shot "194,-7,3000m,snapshots/images/brac-croatia.backdrop.hvar-nikola.d25km.png"
mount-rainier.vista.crystal-mountain.toggles.sky-on.roads-on.peaks-on.areas-on.png	mount-rainier	toggles	46.9283	-121.4886	248	-4	3200m	on	peaks,mountain_ranges,islands,lakes,roads	1600	1000	120000	java -jar headless/build/libs/peaknav-headless-1.1.0.jar --lat 46.9283 --lon -121.4886 --width 1600 --height 1000 --await 120000 --sky on --sky-mode day --constellations off --horizon-compass off --coordinates off --labels "peaks,mountain_ranges,islands,lakes,roads" --download 900000 --shot "248,-4,3200m,snapshots/images/mount-rainier.vista.crystal-mountain.toggles.sky-on.roads-on.peaks-on.areas-on.png"
mount-rainier.vista.crystal-mountain.toggles.sky-on.roads-on.peaks-on.areas-off.png	mount-rainier	toggles	46.9283	-121.4886	248	-4	3200m	on	peaks,roads	1600	1000	120000	java -jar headless/build/libs/peaknav-headless-1.1.0.jar --lat 46.9283 --lon -121.4886 --width 1600 --height 1000 --await 120000 --sky on --sky-mode day --constellations off --horizon-compass off --coordinates off --labels "peaks,roads" --download 900000 --shot "248,-4,3200m,snapshots/images/mount-rainier.vista.crystal-mountain.toggles.sky-on.roads-on.peaks-on.areas-off.png"
mount-rainier.vista.crystal-mountain.toggles.sky-on.roads-on.peaks-off.areas-on.png	mount-rainier	toggles	46.9283	-121.4886	248	-4	3200m	on	mountain_ranges,islands,lakes,roads	1600	1000	120000	java -jar headless/build/libs/peaknav-headless-1.1.0.jar --lat 46.9283 --lon -121.4886 --width 1600 --height 1000 --await 120000 --sky on --sky-mode day --constellations off --horizon-compass off --coordinates off --labels "mountain_ranges,islands,lakes,roads" --download 900000 --shot "248,-4,3200m,snapshots/images/mount-rainier.vista.crystal-mountain.toggles.sky-on.roads-on.peaks-off.areas-on.png"
mount-rainier.vista.crystal-mountain.toggles.sky-on.roads-on.peaks-off.areas-off.png	mount-rainier	toggles	46.9283	-121.4886	248	-4	3200m	on	roads	1600	1000	120000	java -jar headless/build/libs/peaknav-headless-1.1.0.jar --lat 46.9283 --lon -121.4886 --width 1600 --height 1000 --await 120000 --sky on --sky-mode day --constellations off --horizon-compass off --coordinates off --labels "roads" --download 900000 --shot "248,-4,3200m,snapshots/images/mount-rainier.vista.crystal-mountain.toggles.sky-on.roads-on.peaks-off.areas-off.png"
mount-rainier.vista.crystal-mountain.toggles.sky-on.roads-off.peaks-on.areas-on.png	mount-rainier	toggles	46.9283	-121.4886	248	-4	3200m	on	peaks,mountain_ranges,islands,lakes	1600	1000	120000	java -jar headless/build/libs/peaknav-headless-1.1.0.jar --lat 46.9283 --lon -121.4886 --width 1600 --height 1000 --await 120000 --sky on --sky-mode day --constellations off --horizon-compass off --coordinates off --labels "peaks,mountain_ranges,islands,lakes" --download 900000 --shot "248,-4,3200m,snapshots/images/mount-rainier.vista.crystal-mountain.toggles.sky-on.roads-off.peaks-on.areas-on.png"
mount-rainier.vista.crystal-mountain.toggles.sky-on.roads-off.peaks-on.areas-off.png	mount-rainier	toggles	46.9283	-121.4886	248	-4	3200m	on	peaks	1600	1000	120000	java -jar headless/build/libs/peaknav-headless-1.1.0.jar --lat 46.9283 --lon -121.4886 --width 1600 --height 1000 --await 120000 --sky on --sky-mode day --constellations off --horizon-compass off --coordinates off --labels "peaks" --download 900000 --shot "248,-4,3200m,snapshots/images/mount-rainier.vista.crystal-mountain.toggles.sky-on.roads-off.peaks-on.areas-off.png"
mount-rainier.vista.crystal-mountain.toggles.sky-on.roads-off.peaks-off.areas-on.png	mount-rainier	toggles	46.9283	-121.4886	248	-4	3200m	on	mountain_ranges,islands,lakes	1600	1000	120000	java -jar headless/build/libs/peaknav-headless-1.1.0.jar --lat 46.9283 --lon -121.4886 --width 1600 --height 1000 --await 120000 --sky on --sky-mode day --constellations off --horizon-compass off --coordinates off --labels "mountain_ranges,islands,lakes" --download 900000 --shot "248,-4,3200m,snapshots/images/mount-rainier.vista.crystal-mountain.toggles.sky-on.roads-off.peaks-off.areas-on.png"
mount-rainier.vista.crystal-mountain.toggles.sky-on.roads-off.peaks-off.areas-off.png	mount-rainier	toggles	46.9283	-121.4886	248	-4	3200m	on	(none)	1600	1000	120000	java -jar headless/build/libs/peaknav-headless-1.1.0.jar --lat 46.9283 --lon -121.4886 --width 1600 --height 1000 --await 120000 --sky on --sky-mode day --constellations off --horizon-compass off --coordinates off --labels "" --download 900000 --shot "248,-4,3200m,snapshots/images/mount-rainier.vista.crystal-mountain.toggles.sky-on.roads-off.peaks-off.areas-off.png"
mount-rainier.vista.crystal-mountain.toggles.sky-off.roads-on.peaks-on.areas-on.png	mount-rainier	toggles	46.9283	-121.4886	248	-4	3200m	off	peaks,mountain_ranges,islands,lakes,roads	1600	1000	120000	java -jar headless/build/libs/peaknav-headless-1.1.0.jar --lat 46.9283 --lon -121.4886 --width 1600 --height 1000 --await 120000 --sky off --sky-mode day --constellations off --horizon-compass off --coordinates off --labels "peaks,mountain_ranges,islands,lakes,roads" --download 900000 --shot "248,-4,3200m,snapshots/images/mount-rainier.vista.crystal-mountain.toggles.sky-off.roads-on.peaks-on.areas-on.png"
mount-rainier.vista.crystal-mountain.toggles.sky-off.roads-on.peaks-on.areas-off.png	mount-rainier	toggles	46.9283	-121.4886	248	-4	3200m	off	peaks,roads	1600	1000	120000	java -jar headless/build/libs/peaknav-headless-1.1.0.jar --lat 46.9283 --lon -121.4886 --width 1600 --height 1000 --await 120000 --sky off --sky-mode day --constellations off --horizon-compass off --coordinates off --labels "peaks,roads" --download 900000 --shot "248,-4,3200m,snapshots/images/mount-rainier.vista.crystal-mountain.toggles.sky-off.roads-on.peaks-on.areas-off.png"
mount-rainier.vista.crystal-mountain.toggles.sky-off.roads-on.peaks-off.areas-on.png	mount-rainier	toggles	46.9283	-121.4886	248	-4	3200m	off	mountain_ranges,islands,lakes,roads	1600	1000	120000	java -jar headless/build/libs/peaknav-headless-1.1.0.jar --lat 46.9283 --lon -121.4886 --width 1600 --height 1000 --await 120000 --sky off --sky-mode day --constellations off --horizon-compass off --coordinates off --labels "mountain_ranges,islands,lakes,roads" --download 900000 --shot "248,-4,3200m,snapshots/images/mount-rainier.vista.crystal-mountain.toggles.sky-off.roads-on.peaks-off.areas-on.png"
mount-rainier.vista.crystal-mountain.toggles.sky-off.roads-on.peaks-off.areas-off.png	mount-rainier	toggles	46.9283	-121.4886	248	-4	3200m	off	roads	1600	1000	120000	java -jar headless/build/libs/peaknav-headless-1.1.0.jar --lat 46.9283 --lon -121.4886 --width 1600 --height 1000 --await 120000 --sky off --sky-mode day --constellations off --horizon-compass off --coordinates off --labels "roads" --download 900000 --shot "248,-4,3200m,snapshots/images/mount-rainier.vista.crystal-mountain.toggles.sky-off.roads-on.peaks-off.areas-off.png"
mount-rainier.vista.crystal-mountain.toggles.sky-off.roads-off.peaks-on.areas-on.png	mount-rainier	toggles	46.9283	-121.4886	248	-4	3200m	off	peaks,mountain_ranges,islands,lakes	1600	1000	120000	java -jar headless/build/libs/peaknav-headless-1.1.0.jar --lat 46.9283 --lon -121.4886 --width 1600 --height 1000 --await 120000 --sky off --sky-mode day --constellations off --horizon-compass off --coordinates off --labels "peaks,mountain_ranges,islands,lakes" --download 900000 --shot "248,-4,3200m,snapshots/images/mount-rainier.vista.crystal-mountain.toggles.sky-off.roads-off.peaks-on.areas-on.png"
mount-rainier.vista.crystal-mountain.toggles.sky-off.roads-off.peaks-on.areas-off.png	mount-rainier	toggles	46.9283	-121.4886	248	-4	3200m	off	peaks	1600	1000	120000	java -jar headless/build/libs/peaknav-headless-1.1.0.jar --lat 46.9283 --lon -121.4886 --width 1600 --height 1000 --await 120000 --sky off --sky-mode day --constellations off --horizon-compass off --coordinates off --labels "peaks" --download 900000 --shot "248,-4,3200m,snapshots/images/mount-rainier.vista.crystal-mountain.toggles.sky-off.roads-off.peaks-on.areas-off.png"
mount-rainier.vista.crystal-mountain.toggles.sky-off.roads-off.peaks-off.areas-on.png	mount-rainier	toggles	46.9283	-121.4886	248	-4	3200m	off	mountain_ranges,islands,lakes	1600	1000	120000	java -jar headless/build/libs/peaknav-headless-1.1.0.jar --lat 46.9283 --lon -121.4886 --width 1600 --height 1000 --await 120000 --sky off --sky-mode day --constellations off --horizon-compass off --coordinates off --labels "mountain_ranges,islands,lakes" --download 900000 --shot "248,-4,3200m,snapshots/images/mount-rainier.vista.crystal-mountain.toggles.sky-off.roads-off.peaks-off.areas-on.png"
mount-rainier.vista.crystal-mountain.toggles.sky-off.roads-off.peaks-off.areas-off.png	mount-rainier	toggles	46.9283	-121.4886	248	-4	3200m	off	(none)	1600	1000	120000	java -jar headless/build/libs/peaknav-headless-1.1.0.jar --lat 46.9283 --lon -121.4886 --width 1600 --height 1000 --await 120000 --sky off --sky-mode day --constellations off --horizon-compass off --coordinates off --labels "" --download 900000 --shot "248,-4,3200m,snapshots/images/mount-rainier.vista.crystal-mountain.toggles.sky-off.roads-off.peaks-off.areas-off.png"
mount-rainier.backdrop.adams.d35km.toggles.sky-on.roads-on.peaks-on.areas-on.png	mount-rainier	toggles	47.16616	-121.79518	172	-2	3600m	on	peaks,mountain_ranges,islands,lakes,roads	1600	1000	120000	java -jar headless/build/libs/peaknav-headless-1.1.0.jar --lat 47.16616 --lon -121.79518 --width 1600 --height 1000 --await 120000 --sky on --sky-mode day --constellations off --horizon-compass off --coordinates off --labels "peaks,mountain_ranges,islands,lakes,roads" --download 900000 --shot "172,-2,3600m,snapshots/images/mount-rainier.backdrop.adams.d35km.toggles.sky-on.roads-on.peaks-on.areas-on.png"
mount-rainier.backdrop.adams.d35km.toggles.sky-on.roads-on.peaks-on.areas-off.png	mount-rainier	toggles	47.16616	-121.79518	172	-2	3600m	on	peaks,roads	1600	1000	120000	java -jar headless/build/libs/peaknav-headless-1.1.0.jar --lat 47.16616 --lon -121.79518 --width 1600 --height 1000 --await 120000 --sky on --sky-mode day --constellations off --horizon-compass off --coordinates off --labels "peaks,roads" --download 900000 --shot "172,-2,3600m,snapshots/images/mount-rainier.backdrop.adams.d35km.toggles.sky-on.roads-on.peaks-on.areas-off.png"
mount-rainier.backdrop.adams.d35km.toggles.sky-on.roads-on.peaks-off.areas-on.png	mount-rainier	toggles	47.16616	-121.79518	172	-2	3600m	on	mountain_ranges,islands,lakes,roads	1600	1000	120000	java -jar headless/build/libs/peaknav-headless-1.1.0.jar --lat 47.16616 --lon -121.79518 --width 1600 --height 1000 --await 120000 --sky on --sky-mode day --constellations off --horizon-compass off --coordinates off --labels "mountain_ranges,islands,lakes,roads" --download 900000 --shot "172,-2,3600m,snapshots/images/mount-rainier.backdrop.adams.d35km.toggles.sky-on.roads-on.peaks-off.areas-on.png"
mount-rainier.backdrop.adams.d35km.toggles.sky-on.roads-on.peaks-off.areas-off.png	mount-rainier	toggles	47.16616	-121.79518	172	-2	3600m	on	roads	1600	1000	120000	java -jar headless/build/libs/peaknav-headless-1.1.0.jar --lat 47.16616 --lon -121.79518 --width 1600 --height 1000 --await 120000 --sky on --sky-mode day --constellations off --horizon-compass off --coordinates off --labels "roads" --download 900000 --shot "172,-2,3600m,snapshots/images/mount-rainier.backdrop.adams.d35km.toggles.sky-on.roads-on.peaks-off.areas-off.png"
mount-rainier.backdrop.adams.d35km.toggles.sky-on.roads-off.peaks-on.areas-on.png	mount-rainier	toggles	47.16616	-121.79518	172	-2	3600m	on	peaks,mountain_ranges,islands,lakes	1600	1000	120000	java -jar headless/build/libs/peaknav-headless-1.1.0.jar --lat 47.16616 --lon -121.79518 --width 1600 --height 1000 --await 120000 --sky on --sky-mode day --constellations off --horizon-compass off --coordinates off --labels "peaks,mountain_ranges,islands,lakes" --download 900000 --shot "172,-2,3600m,snapshots/images/mount-rainier.backdrop.adams.d35km.toggles.sky-on.roads-off.peaks-on.areas-on.png"
mount-rainier.backdrop.adams.d35km.toggles.sky-on.roads-off.peaks-on.areas-off.png	mount-rainier	toggles	47.16616	-121.79518	172	-2	3600m	on	peaks	1600	1000	120000	java -jar headless/build/libs/peaknav-headless-1.1.0.jar --lat 47.16616 --lon -121.79518 --width 1600 --height 1000 --await 120000 --sky on --sky-mode day --constellations off --horizon-compass off --coordinates off --labels "peaks" --download 900000 --shot "172,-2,3600m,snapshots/images/mount-rainier.backdrop.adams.d35km.toggles.sky-on.roads-off.peaks-on.areas-off.png"
mount-rainier.backdrop.adams.d35km.toggles.sky-on.roads-off.peaks-off.areas-on.png	mount-rainier	toggles	47.16616	-121.79518	172	-2	3600m	on	mountain_ranges,islands,lakes	1600	1000	120000	java -jar headless/build/libs/peaknav-headless-1.1.0.jar --lat 47.16616 --lon -121.79518 --width 1600 --height 1000 --await 120000 --sky on --sky-mode day --constellations off --horizon-compass off --coordinates off --labels "mountain_ranges,islands,lakes" --download 900000 --shot "172,-2,3600m,snapshots/images/mount-rainier.backdrop.adams.d35km.toggles.sky-on.roads-off.peaks-off.areas-on.png"
mount-rainier.backdrop.adams.d35km.toggles.sky-on.roads-off.peaks-off.areas-off.png	mount-rainier	toggles	47.16616	-121.79518	172	-2	3600m	on	(none)	1600	1000	120000	java -jar headless/build/libs/peaknav-headless-1.1.0.jar --lat 47.16616 --lon -121.79518 --width 1600 --height 1000 --await 120000 --sky on --sky-mode day --constellations off --horizon-compass off --coordinates off --labels "" --download 900000 --shot "172,-2,3600m,snapshots/images/mount-rainier.backdrop.adams.d35km.toggles.sky-on.roads-off.peaks-off.areas-off.png"
mount-rainier.backdrop.adams.d35km.toggles.sky-off.roads-on.peaks-on.areas-on.png	mount-rainier	toggles	47.16616	-121.79518	172	-2	3600m	off	peaks,mountain_ranges,islands,lakes,roads	1600	1000	120000	java -jar headless/build/libs/peaknav-headless-1.1.0.jar --lat 47.16616 --lon -121.79518 --width 1600 --height 1000 --await 120000 --sky off --sky-mode day --constellations off --horizon-compass off --coordinates off --labels "peaks,mountain_ranges,islands,lakes,roads" --download 900000 --shot "172,-2,3600m,snapshots/images/mount-rainier.backdrop.adams.d35km.toggles.sky-off.roads-on.peaks-on.areas-on.png"
mount-rainier.backdrop.adams.d35km.toggles.sky-off.roads-on.peaks-on.areas-off.png	mount-rainier	toggles	47.16616	-121.79518	172	-2	3600m	off	peaks,roads	1600	1000	120000	java -jar headless/build/libs/peaknav-headless-1.1.0.jar --lat 47.16616 --lon -121.79518 --width 1600 --height 1000 --await 120000 --sky off --sky-mode day --constellations off --horizon-compass off --coordinates off --labels "peaks,roads" --download 900000 --shot "172,-2,3600m,snapshots/images/mount-rainier.backdrop.adams.d35km.toggles.sky-off.roads-on.peaks-on.areas-off.png"
mount-rainier.backdrop.adams.d35km.toggles.sky-off.roads-on.peaks-off.areas-on.png	mount-rainier	toggles	47.16616	-121.79518	172	-2	3600m	off	mountain_ranges,islands,lakes,roads	1600	1000	120000	java -jar headless/build/libs/peaknav-headless-1.1.0.jar --lat 47.16616 --lon -121.79518 --width 1600 --height 1000 --await 120000 --sky off --sky-mode day --constellations off --horizon-compass off --coordinates off --labels "mountain_ranges,islands,lakes,roads" --download 900000 --shot "172,-2,3600m,snapshots/images/mount-rainier.backdrop.adams.d35km.toggles.sky-off.roads-on.peaks-off.areas-on.png"
mount-rainier.backdrop.adams.d35km.toggles.sky-off.roads-on.peaks-off.areas-off.png	mount-rainier	toggles	47.16616	-121.79518	172	-2	3600m	off	roads	1600	1000	120000	java -jar headless/build/libs/peaknav-headless-1.1.0.jar --lat 47.16616 --lon -121.79518 --width 1600 --height 1000 --await 120000 --sky off --sky-mode day --constellations off --horizon-compass off --coordinates off --labels "roads" --download 900000 --shot "172,-2,3600m,snapshots/images/mount-rainier.backdrop.adams.d35km.toggles.sky-off.roads-on.peaks-off.areas-off.png"
mount-rainier.backdrop.adams.d35km.toggles.sky-off.roads-off.peaks-on.areas-on.png	mount-rainier	toggles	47.16616	-121.79518	172	-2	3600m	off	peaks,mountain_ranges,islands,lakes	1600	1000	120000	java -jar headless/build/libs/peaknav-headless-1.1.0.jar --lat 47.16616 --lon -121.79518 --width 1600 --height 1000 --await 120000 --sky off --sky-mode day --constellations off --horizon-compass off --coordinates off --labels "peaks,mountain_ranges,islands,lakes" --download 900000 --shot "172,-2,3600m,snapshots/images/mount-rainier.backdrop.adams.d35km.toggles.sky-off.roads-off.peaks-on.areas-on.png"
mount-rainier.backdrop.adams.d35km.toggles.sky-off.roads-off.peaks-on.areas-off.png	mount-rainier	toggles	47.16616	-121.79518	172	-2	3600m	off	peaks	1600	1000	120000	java -jar headless/build/libs/peaknav-headless-1.1.0.jar --lat 47.16616 --lon -121.79518 --width 1600 --height 1000 --await 120000 --sky off --sky-mode day --constellations off --horizon-compass off --coordinates off --labels "peaks" --download 900000 --shot "172,-2,3600m,snapshots/images/mount-rainier.backdrop.adams.d35km.toggles.sky-off.roads-off.peaks-on.areas-off.png"
mount-rainier.backdrop.adams.d35km.toggles.sky-off.roads-off.peaks-off.areas-on.png	mount-rainier	toggles	47.16616	-121.79518	172	-2	3600m	off	mountain_ranges,islands,lakes	1600	1000	120000	java -jar headless/build/libs/peaknav-headless-1.1.0.jar --lat 47.16616 --lon -121.79518 --width 1600 --height 1000 --await 120000 --sky off --sky-mode day --constellations off --horizon-compass off --coordinates off --labels "mountain_ranges,islands,lakes" --download 900000 --shot "172,-2,3600m,snapshots/images/mount-rainier.backdrop.adams.d35km.toggles.sky-off.roads-off.peaks-off.areas-on.png"
mount-rainier.backdrop.adams.d35km.toggles.sky-off.roads-off.peaks-off.areas-off.png	mount-rainier	toggles	47.16616	-121.79518	172	-2	3600m	off	(none)	1600	1000	120000	java -jar headless/build/libs/peaknav-headless-1.1.0.jar --lat 47.16616 --lon -121.79518 --width 1600 --height 1000 --await 120000 --sky off --sky-mode day --constellations off --horizon-compass off --coordinates off --labels "" --download 900000 --shot "172,-2,3600m,snapshots/images/mount-rainier.backdrop.adams.d35km.toggles.sky-off.roads-off.peaks-off.areas-off.png"
teide-tenerife.vista.mirador-chipeque.toggles.sky-on.roads-on.peaks-on.areas-on.png	teide-tenerife	toggles	28.3667	-16.45	241	-4	3200m	on	peaks,mountain_ranges,islands,lakes,roads	1600	1000	120000	java -jar headless/build/libs/peaknav-headless-1.1.0.jar --lat 28.3667 --lon -16.45 --width 1600 --height 1000 --await 120000 --sky on --sky-mode day --constellations off --horizon-compass off --coordinates off --labels "peaks,mountain_ranges,islands,lakes,roads" --download 900000 --shot "241,-4,3200m,snapshots/images/teide-tenerife.vista.mirador-chipeque.toggles.sky-on.roads-on.peaks-on.areas-on.png"
teide-tenerife.vista.mirador-chipeque.toggles.sky-on.roads-on.peaks-on.areas-off.png	teide-tenerife	toggles	28.3667	-16.45	241	-4	3200m	on	peaks,roads	1600	1000	120000	java -jar headless/build/libs/peaknav-headless-1.1.0.jar --lat 28.3667 --lon -16.45 --width 1600 --height 1000 --await 120000 --sky on --sky-mode day --constellations off --horizon-compass off --coordinates off --labels "peaks,roads" --download 900000 --shot "241,-4,3200m,snapshots/images/teide-tenerife.vista.mirador-chipeque.toggles.sky-on.roads-on.peaks-on.areas-off.png"
teide-tenerife.vista.mirador-chipeque.toggles.sky-on.roads-on.peaks-off.areas-on.png	teide-tenerife	toggles	28.3667	-16.45	241	-4	3200m	on	mountain_ranges,islands,lakes,roads	1600	1000	120000	java -jar headless/build/libs/peaknav-headless-1.1.0.jar --lat 28.3667 --lon -16.45 --width 1600 --height 1000 --await 120000 --sky on --sky-mode day --constellations off --horizon-compass off --coordinates off --labels "mountain_ranges,islands,lakes,roads" --download 900000 --shot "241,-4,3200m,snapshots/images/teide-tenerife.vista.mirador-chipeque.toggles.sky-on.roads-on.peaks-off.areas-on.png"
teide-tenerife.vista.mirador-chipeque.toggles.sky-on.roads-on.peaks-off.areas-off.png	teide-tenerife	toggles	28.3667	-16.45	241	-4	3200m	on	roads	1600	1000	120000	java -jar headless/build/libs/peaknav-headless-1.1.0.jar --lat 28.3667 --lon -16.45 --width 1600 --height 1000 --await 120000 --sky on --sky-mode day --constellations off --horizon-compass off --coordinates off --labels "roads" --download 900000 --shot "241,-4,3200m,snapshots/images/teide-tenerife.vista.mirador-chipeque.toggles.sky-on.roads-on.peaks-off.areas-off.png"
teide-tenerife.vista.mirador-chipeque.toggles.sky-on.roads-off.peaks-on.areas-on.png	teide-tenerife	toggles	28.3667	-16.45	241	-4	3200m	on	peaks,mountain_ranges,islands,lakes	1600	1000	120000	java -jar headless/build/libs/peaknav-headless-1.1.0.jar --lat 28.3667 --lon -16.45 --width 1600 --height 1000 --await 120000 --sky on --sky-mode day --constellations off --horizon-compass off --coordinates off --labels "peaks,mountain_ranges,islands,lakes" --download 900000 --shot "241,-4,3200m,snapshots/images/teide-tenerife.vista.mirador-chipeque.toggles.sky-on.roads-off.peaks-on.areas-on.png"
teide-tenerife.vista.mirador-chipeque.toggles.sky-on.roads-off.peaks-on.areas-off.png	teide-tenerife	toggles	28.3667	-16.45	241	-4	3200m	on	peaks	1600	1000	120000	java -jar headless/build/libs/peaknav-headless-1.1.0.jar --lat 28.3667 --lon -16.45 --width 1600 --height 1000 --await 120000 --sky on --sky-mode day --constellations off --horizon-compass off --coordinates off --labels "peaks" --download 900000 --shot "241,-4,3200m,snapshots/images/teide-tenerife.vista.mirador-chipeque.toggles.sky-on.roads-off.peaks-on.areas-off.png"
teide-tenerife.vista.mirador-chipeque.toggles.sky-on.roads-off.peaks-off.areas-on.png	teide-tenerife	toggles	28.3667	-16.45	241	-4	3200m	on	mountain_ranges,islands,lakes	1600	1000	120000	java -jar headless/build/libs/peaknav-headless-1.1.0.jar --lat 28.3667 --lon -16.45 --width 1600 --height 1000 --await 120000 --sky on --sky-mode day --constellations off --horizon-compass off --coordinates off --labels "mountain_ranges,islands,lakes" --download 900000 --shot "241,-4,3200m,snapshots/images/teide-tenerife.vista.mirador-chipeque.toggles.sky-on.roads-off.peaks-off.areas-on.png"
teide-tenerife.vista.mirador-chipeque.toggles.sky-on.roads-off.peaks-off.areas-off.png	teide-tenerife	toggles	28.3667	-16.45	241	-4	3200m	on	(none)	1600	1000	120000	java -jar headless/build/libs/peaknav-headless-1.1.0.jar --lat 28.3667 --lon -16.45 --width 1600 --height 1000 --await 120000 --sky on --sky-mode day --constellations off --horizon-compass off --coordinates off --labels "" --download 900000 --shot "241,-4,3200m,snapshots/images/teide-tenerife.vista.mirador-chipeque.toggles.sky-on.roads-off.peaks-off.areas-off.png"
teide-tenerife.vista.mirador-chipeque.toggles.sky-off.roads-on.peaks-on.areas-on.png	teide-tenerife	toggles	28.3667	-16.45	241	-4	3200m	off	peaks,mountain_ranges,islands,lakes,roads	1600	1000	120000	java -jar headless/build/libs/peaknav-headless-1.1.0.jar --lat 28.3667 --lon -16.45 --width 1600 --height 1000 --await 120000 --sky off --sky-mode day --constellations off --horizon-compass off --coordinates off --labels "peaks,mountain_ranges,islands,lakes,roads" --download 900000 --shot "241,-4,3200m,snapshots/images/teide-tenerife.vista.mirador-chipeque.toggles.sky-off.roads-on.peaks-on.areas-on.png"
teide-tenerife.vista.mirador-chipeque.toggles.sky-off.roads-on.peaks-on.areas-off.png	teide-tenerife	toggles	28.3667	-16.45	241	-4	3200m	off	peaks,roads	1600	1000	120000	java -jar headless/build/libs/peaknav-headless-1.1.0.jar --lat 28.3667 --lon -16.45 --width 1600 --height 1000 --await 120000 --sky off --sky-mode day --constellations off --horizon-compass off --coordinates off --labels "peaks,roads" --download 900000 --shot "241,-4,3200m,snapshots/images/teide-tenerife.vista.mirador-chipeque.toggles.sky-off.roads-on.peaks-on.areas-off.png"
teide-tenerife.vista.mirador-chipeque.toggles.sky-off.roads-on.peaks-off.areas-on.png	teide-tenerife	toggles	28.3667	-16.45	241	-4	3200m	off	mountain_ranges,islands,lakes,roads	1600	1000	120000	java -jar headless/build/libs/peaknav-headless-1.1.0.jar --lat 28.3667 --lon -16.45 --width 1600 --height 1000 --await 120000 --sky off --sky-mode day --constellations off --horizon-compass off --coordinates off --labels "mountain_ranges,islands,lakes,roads" --download 900000 --shot "241,-4,3200m,snapshots/images/teide-tenerife.vista.mirador-chipeque.toggles.sky-off.roads-on.peaks-off.areas-on.png"
teide-tenerife.vista.mirador-chipeque.toggles.sky-off.roads-on.peaks-off.areas-off.png	teide-tenerife	toggles	28.3667	-16.45	241	-4	3200m	off	roads	1600	1000	120000	java -jar headless/build/libs/peaknav-headless-1.1.0.jar --lat 28.3667 --lon -16.45 --width 1600 --height 1000 --await 120000 --sky off --sky-mode day --constellations off --horizon-compass off --coordinates off --labels "roads" --download 900000 --shot "241,-4,3200m,snapshots/images/teide-tenerife.vista.mirador-chipeque.toggles.sky-off.roads-on.peaks-off.areas-off.png"
teide-tenerife.vista.mirador-chipeque.toggles.sky-off.roads-off.peaks-on.areas-on.png	teide-tenerife	toggles	28.3667	-16.45	241	-4	3200m	off	peaks,mountain_ranges,islands,lakes	1600	1000	120000	java -jar headless/build/libs/peaknav-headless-1.1.0.jar --lat 28.3667 --lon -16.45 --width 1600 --height 1000 --await 120000 --sky off --sky-mode day --constellations off --horizon-compass off --coordinates off --labels "peaks,mountain_ranges,islands,lakes" --download 900000 --shot "241,-4,3200m,snapshots/images/teide-tenerife.vista.mirador-chipeque.toggles.sky-off.roads-off.peaks-on.areas-on.png"
teide-tenerife.vista.mirador-chipeque.toggles.sky-off.roads-off.peaks-on.areas-off.png	teide-tenerife	toggles	28.3667	-16.45	241	-4	3200m	off	peaks	1600	1000	120000	java -jar headless/build/libs/peaknav-headless-1.1.0.jar --lat 28.3667 --lon -16.45 --width 1600 --height 1000 --await 120000 --sky off --sky-mode day --constellations off --horizon-compass off --coordinates off --labels "peaks" --download 900000 --shot "241,-4,3200m,snapshots/images/teide-tenerife.vista.mirador-chipeque.toggles.sky-off.roads-off.peaks-on.areas-off.png"
teide-tenerife.vista.mirador-chipeque.toggles.sky-off.roads-off.peaks-off.areas-on.png	teide-tenerife	toggles	28.3667	-16.45	241	-4	3200m	off	mountain_ranges,islands,lakes	1600	1000	120000	java -jar headless/build/libs/peaknav-headless-1.1.0.jar --lat 28.3667 --lon -16.45 --width 1600 --height 1000 --await 120000 --sky off --sky-mode day --constellations off --horizon-compass off --coordinates off --labels "mountain_ranges,islands,lakes" --download 900000 --shot "241,-4,3200m,snapshots/images/teide-tenerife.vista.mirador-chipeque.toggles.sky-off.roads-off.peaks-off.areas-on.png"
teide-tenerife.vista.mirador-chipeque.toggles.sky-off.roads-off.peaks-off.areas-off.png	teide-tenerife	toggles	28.3667	-16.45	241	-4	3200m	off	(none)	1600	1000	120000	java -jar headless/build/libs/peaknav-headless-1.1.0.jar --lat 28.3667 --lon -16.45 --width 1600 --height 1000 --await 120000 --sky off --sky-mode day --constellations off --horizon-compass off --coordinates off --labels "" --download 900000 --shot "241,-4,3200m,snapshots/images/teide-tenerife.vista.mirador-chipeque.toggles.sky-off.roads-off.peaks-off.areas-off.png"
zermatt-matterhorn.vista.domhutte.toggles.sky-on.roads-on.peaks-on.areas-on.png	zermatt-matterhorn	toggles	46.0872	7.8161	225	-4	2650m	on	peaks,mountain_ranges,islands,lakes,roads	1600	1000	120000	java -jar headless/build/libs/peaknav-headless-1.1.0.jar --lat 46.0872 --lon 7.8161 --width 1600 --height 1000 --await 120000 --sky on --sky-mode day --constellations off --horizon-compass off --coordinates off --labels "peaks,mountain_ranges,islands,lakes,roads" --download 900000 --shot "225,-4,2650m,snapshots/images/zermatt-matterhorn.vista.domhutte.toggles.sky-on.roads-on.peaks-on.areas-on.png"
zermatt-matterhorn.vista.domhutte.toggles.sky-on.roads-on.peaks-on.areas-off.png	zermatt-matterhorn	toggles	46.0872	7.8161	225	-4	2650m	on	peaks,roads	1600	1000	120000	java -jar headless/build/libs/peaknav-headless-1.1.0.jar --lat 46.0872 --lon 7.8161 --width 1600 --height 1000 --await 120000 --sky on --sky-mode day --constellations off --horizon-compass off --coordinates off --labels "peaks,roads" --download 900000 --shot "225,-4,2650m,snapshots/images/zermatt-matterhorn.vista.domhutte.toggles.sky-on.roads-on.peaks-on.areas-off.png"
zermatt-matterhorn.vista.domhutte.toggles.sky-on.roads-on.peaks-off.areas-on.png	zermatt-matterhorn	toggles	46.0872	7.8161	225	-4	2650m	on	mountain_ranges,islands,lakes,roads	1600	1000	120000	java -jar headless/build/libs/peaknav-headless-1.1.0.jar --lat 46.0872 --lon 7.8161 --width 1600 --height 1000 --await 120000 --sky on --sky-mode day --constellations off --horizon-compass off --coordinates off --labels "mountain_ranges,islands,lakes,roads" --download 900000 --shot "225,-4,2650m,snapshots/images/zermatt-matterhorn.vista.domhutte.toggles.sky-on.roads-on.peaks-off.areas-on.png"
zermatt-matterhorn.vista.domhutte.toggles.sky-on.roads-on.peaks-off.areas-off.png	zermatt-matterhorn	toggles	46.0872	7.8161	225	-4	2650m	on	roads	1600	1000	120000	java -jar headless/build/libs/peaknav-headless-1.1.0.jar --lat 46.0872 --lon 7.8161 --width 1600 --height 1000 --await 120000 --sky on --sky-mode day --constellations off --horizon-compass off --coordinates off --labels "roads" --download 900000 --shot "225,-4,2650m,snapshots/images/zermatt-matterhorn.vista.domhutte.toggles.sky-on.roads-on.peaks-off.areas-off.png"
zermatt-matterhorn.vista.domhutte.toggles.sky-on.roads-off.peaks-on.areas-on.png	zermatt-matterhorn	toggles	46.0872	7.8161	225	-4	2650m	on	peaks,mountain_ranges,islands,lakes	1600	1000	120000	java -jar headless/build/libs/peaknav-headless-1.1.0.jar --lat 46.0872 --lon 7.8161 --width 1600 --height 1000 --await 120000 --sky on --sky-mode day --constellations off --horizon-compass off --coordinates off --labels "peaks,mountain_ranges,islands,lakes" --download 900000 --shot "225,-4,2650m,snapshots/images/zermatt-matterhorn.vista.domhutte.toggles.sky-on.roads-off.peaks-on.areas-on.png"
zermatt-matterhorn.vista.domhutte.toggles.sky-on.roads-off.peaks-on.areas-off.png	zermatt-matterhorn	toggles	46.0872	7.8161	225	-4	2650m	on	peaks	1600	1000	120000	java -jar headless/build/libs/peaknav-headless-1.1.0.jar --lat 46.0872 --lon 7.8161 --width 1600 --height 1000 --await 120000 --sky on --sky-mode day --constellations off --horizon-compass off --coordinates off --labels "peaks" --download 900000 --shot "225,-4,2650m,snapshots/images/zermatt-matterhorn.vista.domhutte.toggles.sky-on.roads-off.peaks-on.areas-off.png"
zermatt-matterhorn.vista.domhutte.toggles.sky-on.roads-off.peaks-off.areas-on.png	zermatt-matterhorn	toggles	46.0872	7.8161	225	-4	2650m	on	mountain_ranges,islands,lakes	1600	1000	120000	java -jar headless/build/libs/peaknav-headless-1.1.0.jar --lat 46.0872 --lon 7.8161 --width 1600 --height 1000 --await 120000 --sky on --sky-mode day --constellations off --horizon-compass off --coordinates off --labels "mountain_ranges,islands,lakes" --download 900000 --shot "225,-4,2650m,snapshots/images/zermatt-matterhorn.vista.domhutte.toggles.sky-on.roads-off.peaks-off.areas-on.png"
zermatt-matterhorn.vista.domhutte.toggles.sky-on.roads-off.peaks-off.areas-off.png	zermatt-matterhorn	toggles	46.0872	7.8161	225	-4	2650m	on	(none)	1600	1000	120000	java -jar headless/build/libs/peaknav-headless-1.1.0.jar --lat 46.0872 --lon 7.8161 --width 1600 --height 1000 --await 120000 --sky on --sky-mode day --constellations off --horizon-compass off --coordinates off --labels "" --download 900000 --shot "225,-4,2650m,snapshots/images/zermatt-matterhorn.vista.domhutte.toggles.sky-on.roads-off.peaks-off.areas-off.png"
zermatt-matterhorn.vista.domhutte.toggles.sky-off.roads-on.peaks-on.areas-on.png	zermatt-matterhorn	toggles	46.0872	7.8161	225	-4	2650m	off	peaks,mountain_ranges,islands,lakes,roads	1600	1000	120000	java -jar headless/build/libs/peaknav-headless-1.1.0.jar --lat 46.0872 --lon 7.8161 --width 1600 --height 1000 --await 120000 --sky off --sky-mode day --constellations off --horizon-compass off --coordinates off --labels "peaks,mountain_ranges,islands,lakes,roads" --download 900000 --shot "225,-4,2650m,snapshots/images/zermatt-matterhorn.vista.domhutte.toggles.sky-off.roads-on.peaks-on.areas-on.png"
zermatt-matterhorn.vista.domhutte.toggles.sky-off.roads-on.peaks-on.areas-off.png	zermatt-matterhorn	toggles	46.0872	7.8161	225	-4	2650m	off	peaks,roads	1600	1000	120000	java -jar headless/build/libs/peaknav-headless-1.1.0.jar --lat 46.0872 --lon 7.8161 --width 1600 --height 1000 --await 120000 --sky off --sky-mode day --constellations off --horizon-compass off --coordinates off --labels "peaks,roads" --download 900000 --shot "225,-4,2650m,snapshots/images/zermatt-matterhorn.vista.domhutte.toggles.sky-off.roads-on.peaks-on.areas-off.png"
zermatt-matterhorn.vista.domhutte.toggles.sky-off.roads-on.peaks-off.areas-on.png	zermatt-matterhorn	toggles	46.0872	7.8161	225	-4	2650m	off	mountain_ranges,islands,lakes,roads	1600	1000	120000	java -jar headless/build/libs/peaknav-headless-1.1.0.jar --lat 46.0872 --lon 7.8161 --width 1600 --height 1000 --await 120000 --sky off --sky-mode day --constellations off --horizon-compass off --coordinates off --labels "mountain_ranges,islands,lakes,roads" --download 900000 --shot "225,-4,2650m,snapshots/images/zermatt-matterhorn.vista.domhutte.toggles.sky-off.roads-on.peaks-off.areas-on.png"
zermatt-matterhorn.vista.domhutte.toggles.sky-off.roads-on.peaks-off.areas-off.png	zermatt-matterhorn	toggles	46.0872	7.8161	225	-4	2650m	off	roads	1600	1000	120000	java -jar headless/build/libs/peaknav-headless-1.1.0.jar --lat 46.0872 --lon 7.8161 --width 1600 --height 1000 --await 120000 --sky off --sky-mode day --constellations off --horizon-compass off --coordinates off --labels "roads" --download 900000 --shot "225,-4,2650m,snapshots/images/zermatt-matterhorn.vista.domhutte.toggles.sky-off.roads-on.peaks-off.areas-off.png"
zermatt-matterhorn.vista.domhutte.toggles.sky-off.roads-off.peaks-on.areas-on.png	zermatt-matterhorn	toggles	46.0872	7.8161	225	-4	2650m	off	peaks,mountain_ranges,islands,lakes	1600	1000	120000	java -jar headless/build/libs/peaknav-headless-1.1.0.jar --lat 46.0872 --lon 7.8161 --width 1600 --height 1000 --await 120000 --sky off --sky-mode day --constellations off --horizon-compass off --coordinates off --labels "peaks,mountain_ranges,islands,lakes" --download 900000 --shot "225,-4,2650m,snapshots/images/zermatt-matterhorn.vista.domhutte.toggles.sky-off.roads-off.peaks-on.areas-on.png"
zermatt-matterhorn.vista.domhutte.toggles.sky-off.roads-off.peaks-on.areas-off.png	zermatt-matterhorn	toggles	46.0872	7.8161	225	-4	2650m	off	peaks	1600	1000	120000	java -jar headless/build/libs/peaknav-headless-1.1.0.jar --lat 46.0872 --lon 7.8161 --width 1600 --height 1000 --await 120000 --sky off --sky-mode day --constellations off --horizon-compass off --coordinates off --labels "peaks" --download 900000 --shot "225,-4,2650m,snapshots/images/zermatt-matterhorn.vista.domhutte.toggles.sky-off.roads-off.peaks-on.areas-off.png"
zermatt-matterhorn.vista.domhutte.toggles.sky-off.roads-off.peaks-off.areas-on.png	zermatt-matterhorn	toggles	46.0872	7.8161	225	-4	2650m	off	mountain_ranges,islands,lakes	1600	1000	120000	java -jar headless/build/libs/peaknav-headless-1.1.0.jar --lat 46.0872 --lon 7.8161 --width 1600 --height 1000 --await 120000 --sky off --sky-mode day --constellations off --horizon-compass off --coordinates off --labels "mountain_ranges,islands,lakes" --download 900000 --shot "225,-4,2650m,snapshots/images/zermatt-matterhorn.vista.domhutte.toggles.sky-off.roads-off.peaks-off.areas-on.png"
zermatt-matterhorn.vista.domhutte.toggles.sky-off.roads-off.peaks-off.areas-off.png	zermatt-matterhorn	toggles	46.0872	7.8161	225	-4	2650m	off	(none)	1600	1000	120000	java -jar headless/build/libs/peaknav-headless-1.1.0.jar --lat 46.0872 --lon 7.8161 --width 1600 --height 1000 --await 120000 --sky off --sky-mode day --constellations off --horizon-compass off --coordinates off --labels "" --download 900000 --shot "225,-4,2650m,snapshots/images/zermatt-matterhorn.vista.domhutte.toggles.sky-off.roads-off.peaks-off.areas-off.png"
everest.vista.gokyo-ri.toggles.sky-on.roads-on.peaks-on.areas-on.png	everest	toggles	27.955	86.69	81	-2	3000m	on	peaks,mountain_ranges,islands,lakes,roads	1600	1000	120000	java -jar headless/build/libs/peaknav-headless-1.1.0.jar --lat 27.955 --lon 86.69 --width 1600 --height 1000 --await 120000 --sky on --sky-mode day --constellations off --horizon-compass off --coordinates off --labels "peaks,mountain_ranges,islands,lakes,roads" --download 900000 --shot "81,-2,3000m,snapshots/images/everest.vista.gokyo-ri.toggles.sky-on.roads-on.peaks-on.areas-on.png"
everest.vista.gokyo-ri.toggles.sky-on.roads-on.peaks-on.areas-off.png	everest	toggles	27.955	86.69	81	-2	3000m	on	peaks,roads	1600	1000	120000	java -jar headless/build/libs/peaknav-headless-1.1.0.jar --lat 27.955 --lon 86.69 --width 1600 --height 1000 --await 120000 --sky on --sky-mode day --constellations off --horizon-compass off --coordinates off --labels "peaks,roads" --download 900000 --shot "81,-2,3000m,snapshots/images/everest.vista.gokyo-ri.toggles.sky-on.roads-on.peaks-on.areas-off.png"
everest.vista.gokyo-ri.toggles.sky-on.roads-on.peaks-off.areas-on.png	everest	toggles	27.955	86.69	81	-2	3000m	on	mountain_ranges,islands,lakes,roads	1600	1000	120000	java -jar headless/build/libs/peaknav-headless-1.1.0.jar --lat 27.955 --lon 86.69 --width 1600 --height 1000 --await 120000 --sky on --sky-mode day --constellations off --horizon-compass off --coordinates off --labels "mountain_ranges,islands,lakes,roads" --download 900000 --shot "81,-2,3000m,snapshots/images/everest.vista.gokyo-ri.toggles.sky-on.roads-on.peaks-off.areas-on.png"
everest.vista.gokyo-ri.toggles.sky-on.roads-on.peaks-off.areas-off.png	everest	toggles	27.955	86.69	81	-2	3000m	on	roads	1600	1000	120000	java -jar headless/build/libs/peaknav-headless-1.1.0.jar --lat 27.955 --lon 86.69 --width 1600 --height 1000 --await 120000 --sky on --sky-mode day --constellations off --horizon-compass off --coordinates off --labels "roads" --download 900000 --shot "81,-2,3000m,snapshots/images/everest.vista.gokyo-ri.toggles.sky-on.roads-on.peaks-off.areas-off.png"
everest.vista.gokyo-ri.toggles.sky-on.roads-off.peaks-on.areas-on.png	everest	toggles	27.955	86.69	81	-2	3000m	on	peaks,mountain_ranges,islands,lakes	1600	1000	120000	java -jar headless/build/libs/peaknav-headless-1.1.0.jar --lat 27.955 --lon 86.69 --width 1600 --height 1000 --await 120000 --sky on --sky-mode day --constellations off --horizon-compass off --coordinates off --labels "peaks,mountain_ranges,islands,lakes" --download 900000 --shot "81,-2,3000m,snapshots/images/everest.vista.gokyo-ri.toggles.sky-on.roads-off.peaks-on.areas-on.png"
everest.vista.gokyo-ri.toggles.sky-on.roads-off.peaks-on.areas-off.png	everest	toggles	27.955	86.69	81	-2	3000m	on	peaks	1600	1000	120000	java -jar headless/build/libs/peaknav-headless-1.1.0.jar --lat 27.955 --lon 86.69 --width 1600 --height 1000 --await 120000 --sky on --sky-mode day --constellations off --horizon-compass off --coordinates off --labels "peaks" --download 900000 --shot "81,-2,3000m,snapshots/images/everest.vista.gokyo-ri.toggles.sky-on.roads-off.peaks-on.areas-off.png"
everest.vista.gokyo-ri.toggles.sky-on.roads-off.peaks-off.areas-on.png	everest	toggles	27.955	86.69	81	-2	3000m	on	mountain_ranges,islands,lakes	1600	1000	120000	java -jar headless/build/libs/peaknav-headless-1.1.0.jar --lat 27.955 --lon 86.69 --width 1600 --height 1000 --await 120000 --sky on --sky-mode day --constellations off --horizon-compass off --coordinates off --labels "mountain_ranges,islands,lakes" --download 900000 --shot "81,-2,3000m,snapshots/images/everest.vista.gokyo-ri.toggles.sky-on.roads-off.peaks-off.areas-on.png"
everest.vista.gokyo-ri.toggles.sky-on.roads-off.peaks-off.areas-off.png	everest	toggles	27.955	86.69	81	-2	3000m	on	(none)	1600	1000	120000	java -jar headless/build/libs/peaknav-headless-1.1.0.jar --lat 27.955 --lon 86.69 --width 1600 --height 1000 --await 120000 --sky on --sky-mode day --constellations off --horizon-compass off --coordinates off --labels "" --download 900000 --shot "81,-2,3000m,snapshots/images/everest.vista.gokyo-ri.toggles.sky-on.roads-off.peaks-off.areas-off.png"
everest.vista.gokyo-ri.toggles.sky-off.roads-on.peaks-on.areas-on.png	everest	toggles	27.955	86.69	81	-2	3000m	off	peaks,mountain_ranges,islands,lakes,roads	1600	1000	120000	java -jar headless/build/libs/peaknav-headless-1.1.0.jar --lat 27.955 --lon 86.69 --width 1600 --height 1000 --await 120000 --sky off --sky-mode day --constellations off --horizon-compass off --coordinates off --labels "peaks,mountain_ranges,islands,lakes,roads" --download 900000 --shot "81,-2,3000m,snapshots/images/everest.vista.gokyo-ri.toggles.sky-off.roads-on.peaks-on.areas-on.png"
everest.vista.gokyo-ri.toggles.sky-off.roads-on.peaks-on.areas-off.png	everest	toggles	27.955	86.69	81	-2	3000m	off	peaks,roads	1600	1000	120000	java -jar headless/build/libs/peaknav-headless-1.1.0.jar --lat 27.955 --lon 86.69 --width 1600 --height 1000 --await 120000 --sky off --sky-mode day --constellations off --horizon-compass off --coordinates off --labels "peaks,roads" --download 900000 --shot "81,-2,3000m,snapshots/images/everest.vista.gokyo-ri.toggles.sky-off.roads-on.peaks-on.areas-off.png"
everest.vista.gokyo-ri.toggles.sky-off.roads-on.peaks-off.areas-on.png	everest	toggles	27.955	86.69	81	-2	3000m	off	mountain_ranges,islands,lakes,roads	1600	1000	120000	java -jar headless/build/libs/peaknav-headless-1.1.0.jar --lat 27.955 --lon 86.69 --width 1600 --height 1000 --await 120000 --sky off --sky-mode day --constellations off --horizon-compass off --coordinates off --labels "mountain_ranges,islands,lakes,roads" --download 900000 --shot "81,-2,3000m,snapshots/images/everest.vista.gokyo-ri.toggles.sky-off.roads-on.peaks-off.areas-on.png"
everest.vista.gokyo-ri.toggles.sky-off.roads-on.peaks-off.areas-off.png	everest	toggles	27.955	86.69	81	-2	3000m	off	roads	1600	1000	120000	java -jar headless/build/libs/peaknav-headless-1.1.0.jar --lat 27.955 --lon 86.69 --width 1600 --height 1000 --await 120000 --sky off --sky-mode day --constellations off --horizon-compass off --coordinates off --labels "roads" --download 900000 --shot "81,-2,3000m,snapshots/images/everest.vista.gokyo-ri.toggles.sky-off.roads-on.peaks-off.areas-off.png"
everest.vista.gokyo-ri.toggles.sky-off.roads-off.peaks-on.areas-on.png	everest	toggles	27.955	86.69	81	-2	3000m	off	peaks,mountain_ranges,islands,lakes	1600	1000	120000	java -jar headless/build/libs/peaknav-headless-1.1.0.jar --lat 27.955 --lon 86.69 --width 1600 --height 1000 --await 120000 --sky off --sky-mode day --constellations off --horizon-compass off --coordinates off --labels "peaks,mountain_ranges,islands,lakes" --download 900000 --shot "81,-2,3000m,snapshots/images/everest.vista.gokyo-ri.toggles.sky-off.roads-off.peaks-on.areas-on.png"
everest.vista.gokyo-ri.toggles.sky-off.roads-off.peaks-on.areas-off.png	everest	toggles	27.955	86.69	81	-2	3000m	off	peaks	1600	1000	120000	java -jar headless/build/libs/peaknav-headless-1.1.0.jar --lat 27.955 --lon 86.69 --width 1600 --height 1000 --await 120000 --sky off --sky-mode day --constellations off --horizon-compass off --coordinates off --labels "peaks" --download 900000 --shot "81,-2,3000m,snapshots/images/everest.vista.gokyo-ri.toggles.sky-off.roads-off.peaks-on.areas-off.png"
everest.vista.gokyo-ri.toggles.sky-off.roads-off.peaks-off.areas-on.png	everest	toggles	27.955	86.69	81	-2	3000m	off	mountain_ranges,islands,lakes	1600	1000	120000	java -jar headless/build/libs/peaknav-headless-1.1.0.jar --lat 27.955 --lon 86.69 --width 1600 --height 1000 --await 120000 --sky off --sky-mode day --constellations off --horizon-compass off --coordinates off --labels "mountain_ranges,islands,lakes" --download 900000 --shot "81,-2,3000m,snapshots/images/everest.vista.gokyo-ri.toggles.sky-off.roads-off.peaks-off.areas-on.png"
everest.vista.gokyo-ri.toggles.sky-off.roads-off.peaks-off.areas-off.png	everest	toggles	27.955	86.69	81	-2	3000m	off	(none)	1600	1000	120000	java -jar headless/build/libs/peaknav-headless-1.1.0.jar --lat 27.955 --lon 86.69 --width 1600 --height 1000 --await 120000 --sky off --sky-mode day --constellations off --horizon-compass off --coordinates off --labels "" --download 900000 --shot "81,-2,3000m,snapshots/images/everest.vista.gokyo-ri.toggles.sky-off.roads-off.peaks-off.areas-off.png"
k2-karakoram.vista.concordia.toggles.sky-on.roads-on.peaks-on.areas-on.png	k2-karakoram	toggles	35.74	76.5	4	-1	3000m	on	peaks,mountain_ranges,islands,lakes,roads	1600	1000	120000	java -jar headless/build/libs/peaknav-headless-1.1.0.jar --lat 35.74 --lon 76.5 --width 1600 --height 1000 --await 120000 --sky on --sky-mode day --constellations off --horizon-compass off --coordinates off --labels "peaks,mountain_ranges,islands,lakes,roads" --download 900000 --shot "4,-1,3000m,snapshots/images/k2-karakoram.vista.concordia.toggles.sky-on.roads-on.peaks-on.areas-on.png"
k2-karakoram.vista.concordia.toggles.sky-on.roads-on.peaks-on.areas-off.png	k2-karakoram	toggles	35.74	76.5	4	-1	3000m	on	peaks,roads	1600	1000	120000	java -jar headless/build/libs/peaknav-headless-1.1.0.jar --lat 35.74 --lon 76.5 --width 1600 --height 1000 --await 120000 --sky on --sky-mode day --constellations off --horizon-compass off --coordinates off --labels "peaks,roads" --download 900000 --shot "4,-1,3000m,snapshots/images/k2-karakoram.vista.concordia.toggles.sky-on.roads-on.peaks-on.areas-off.png"
k2-karakoram.vista.concordia.toggles.sky-on.roads-on.peaks-off.areas-on.png	k2-karakoram	toggles	35.74	76.5	4	-1	3000m	on	mountain_ranges,islands,lakes,roads	1600	1000	120000	java -jar headless/build/libs/peaknav-headless-1.1.0.jar --lat 35.74 --lon 76.5 --width 1600 --height 1000 --await 120000 --sky on --sky-mode day --constellations off --horizon-compass off --coordinates off --labels "mountain_ranges,islands,lakes,roads" --download 900000 --shot "4,-1,3000m,snapshots/images/k2-karakoram.vista.concordia.toggles.sky-on.roads-on.peaks-off.areas-on.png"
k2-karakoram.vista.concordia.toggles.sky-on.roads-on.peaks-off.areas-off.png	k2-karakoram	toggles	35.74	76.5	4	-1	3000m	on	roads	1600	1000	120000	java -jar headless/build/libs/peaknav-headless-1.1.0.jar --lat 35.74 --lon 76.5 --width 1600 --height 1000 --await 120000 --sky on --sky-mode day --constellations off --horizon-compass off --coordinates off --labels "roads" --download 900000 --shot "4,-1,3000m,snapshots/images/k2-karakoram.vista.concordia.toggles.sky-on.roads-on.peaks-off.areas-off.png"
k2-karakoram.vista.concordia.toggles.sky-on.roads-off.peaks-on.areas-on.png	k2-karakoram	toggles	35.74	76.5	4	-1	3000m	on	peaks,mountain_ranges,islands,lakes	1600	1000	120000	java -jar headless/build/libs/peaknav-headless-1.1.0.jar --lat 35.74 --lon 76.5 --width 1600 --height 1000 --await 120000 --sky on --sky-mode day --constellations off --horizon-compass off --coordinates off --labels "peaks,mountain_ranges,islands,lakes" --download 900000 --shot "4,-1,3000m,snapshots/images/k2-karakoram.vista.concordia.toggles.sky-on.roads-off.peaks-on.areas-on.png"
k2-karakoram.vista.concordia.toggles.sky-on.roads-off.peaks-on.areas-off.png	k2-karakoram	toggles	35.74	76.5	4	-1	3000m	on	peaks	1600	1000	120000	java -jar headless/build/libs/peaknav-headless-1.1.0.jar --lat 35.74 --lon 76.5 --width 1600 --height 1000 --await 120000 --sky on --sky-mode day --constellations off --horizon-compass off --coordinates off --labels "peaks" --download 900000 --shot "4,-1,3000m,snapshots/images/k2-karakoram.vista.concordia.toggles.sky-on.roads-off.peaks-on.areas-off.png"
k2-karakoram.vista.concordia.toggles.sky-on.roads-off.peaks-off.areas-on.png	k2-karakoram	toggles	35.74	76.5	4	-1	3000m	on	mountain_ranges,islands,lakes	1600	1000	120000	java -jar headless/build/libs/peaknav-headless-1.1.0.jar --lat 35.74 --lon 76.5 --width 1600 --height 1000 --await 120000 --sky on --sky-mode day --constellations off --horizon-compass off --coordinates off --labels "mountain_ranges,islands,lakes" --download 900000 --shot "4,-1,3000m,snapshots/images/k2-karakoram.vista.concordia.toggles.sky-on.roads-off.peaks-off.areas-on.png"
k2-karakoram.vista.concordia.toggles.sky-on.roads-off.peaks-off.areas-off.png	k2-karakoram	toggles	35.74	76.5	4	-1	3000m	on	(none)	1600	1000	120000	java -jar headless/build/libs/peaknav-headless-1.1.0.jar --lat 35.74 --lon 76.5 --width 1600 --height 1000 --await 120000 --sky on --sky-mode day --constellations off --horizon-compass off --coordinates off --labels "" --download 900000 --shot "4,-1,3000m,snapshots/images/k2-karakoram.vista.concordia.toggles.sky-on.roads-off.peaks-off.areas-off.png"
k2-karakoram.vista.concordia.toggles.sky-off.roads-on.peaks-on.areas-on.png	k2-karakoram	toggles	35.74	76.5	4	-1	3000m	off	peaks,mountain_ranges,islands,lakes,roads	1600	1000	120000	java -jar headless/build/libs/peaknav-headless-1.1.0.jar --lat 35.74 --lon 76.5 --width 1600 --height 1000 --await 120000 --sky off --sky-mode day --constellations off --horizon-compass off --coordinates off --labels "peaks,mountain_ranges,islands,lakes,roads" --download 900000 --shot "4,-1,3000m,snapshots/images/k2-karakoram.vista.concordia.toggles.sky-off.roads-on.peaks-on.areas-on.png"
k2-karakoram.vista.concordia.toggles.sky-off.roads-on.peaks-on.areas-off.png	k2-karakoram	toggles	35.74	76.5	4	-1	3000m	off	peaks,roads	1600	1000	120000	java -jar headless/build/libs/peaknav-headless-1.1.0.jar --lat 35.74 --lon 76.5 --width 1600 --height 1000 --await 120000 --sky off --sky-mode day --constellations off --horizon-compass off --coordinates off --labels "peaks,roads" --download 900000 --shot "4,-1,3000m,snapshots/images/k2-karakoram.vista.concordia.toggles.sky-off.roads-on.peaks-on.areas-off.png"
k2-karakoram.vista.concordia.toggles.sky-off.roads-on.peaks-off.areas-on.png	k2-karakoram	toggles	35.74	76.5	4	-1	3000m	off	mountain_ranges,islands,lakes,roads	1600	1000	120000	java -jar headless/build/libs/peaknav-headless-1.1.0.jar --lat 35.74 --lon 76.5 --width 1600 --height 1000 --await 120000 --sky off --sky-mode day --constellations off --horizon-compass off --coordinates off --labels "mountain_ranges,islands,lakes,roads" --download 900000 --shot "4,-1,3000m,snapshots/images/k2-karakoram.vista.concordia.toggles.sky-off.roads-on.peaks-off.areas-on.png"
k2-karakoram.vista.concordia.toggles.sky-off.roads-on.peaks-off.areas-off.png	k2-karakoram	toggles	35.74	76.5	4	-1	3000m	off	roads	1600	1000	120000	java -jar headless/build/libs/peaknav-headless-1.1.0.jar --lat 35.74 --lon 76.5 --width 1600 --height 1000 --await 120000 --sky off --sky-mode day --constellations off --horizon-compass off --coordinates off --labels "roads" --download 900000 --shot "4,-1,3000m,snapshots/images/k2-karakoram.vista.concordia.toggles.sky-off.roads-on.peaks-off.areas-off.png"
k2-karakoram.vista.concordia.toggles.sky-off.roads-off.peaks-on.areas-on.png	k2-karakoram	toggles	35.74	76.5	4	-1	3000m	off	peaks,mountain_ranges,islands,lakes	1600	1000	120000	java -jar headless/build/libs/peaknav-headless-1.1.0.jar --lat 35.74 --lon 76.5 --width 1600 --height 1000 --await 120000 --sky off --sky-mode day --constellations off --horizon-compass off --coordinates off --labels "peaks,mountain_ranges,islands,lakes" --download 900000 --shot "4,-1,3000m,snapshots/images/k2-karakoram.vista.concordia.toggles.sky-off.roads-off.peaks-on.areas-on.png"
k2-karakoram.vista.concordia.toggles.sky-off.roads-off.peaks-on.areas-off.png	k2-karakoram	toggles	35.74	76.5	4	-1	3000m	off	peaks	1600	1000	120000	java -jar headless/build/libs/peaknav-headless-1.1.0.jar --lat 35.74 --lon 76.5 --width 1600 --height 1000 --await 120000 --sky off --sky-mode day --constellations off --horizon-compass off --coordinates off --labels "peaks" --download 900000 --shot "4,-1,3000m,snapshots/images/k2-karakoram.vista.concordia.toggles.sky-off.roads-off.peaks-on.areas-off.png"
k2-karakoram.vista.concordia.toggles.sky-off.roads-off.peaks-off.areas-on.png	k2-karakoram	toggles	35.74	76.5	4	-1	3000m	off	mountain_ranges,islands,lakes	1600	1000	120000	java -jar headless/build/libs/peaknav-headless-1.1.0.jar --lat 35.74 --lon 76.5 --width 1600 --height 1000 --await 120000 --sky off --sky-mode day --constellations off --horizon-compass off --coordinates off --labels "mountain_ranges,islands,lakes" --download 900000 --shot "4,-1,3000m,snapshots/images/k2-karakoram.vista.concordia.toggles.sky-off.roads-off.peaks-off.areas-on.png"
k2-karakoram.vista.concordia.toggles.sky-off.roads-off.peaks-off.areas-off.png	k2-karakoram	toggles	35.74	76.5	4	-1	3000m	off	(none)	1600	1000	120000	java -jar headless/build/libs/peaknav-headless-1.1.0.jar --lat 35.74 --lon 76.5 --width 1600 --height 1000 --await 120000 --sky off --sky-mode day --constellations off --horizon-compass off --coordinates off --labels "" --download 900000 --shot "4,-1,3000m,snapshots/images/k2-karakoram.vista.concordia.toggles.sky-off.roads-off.peaks-off.areas-off.png"
lago-braies.backdrop.seekofel.d3km.toggles.sky-on.roads-on.peaks-on.areas-on.png	lago-braies	toggles	46.72138	12.08547	179	-8	2000m	on	peaks,mountain_ranges,islands,lakes,roads	1600	1000	120000	java -jar headless/build/libs/peaknav-headless-1.1.0.jar --lat 46.72138 --lon 12.08547 --width 1600 --height 1000 --await 120000 --sky on --sky-mode day --constellations off --horizon-compass off --coordinates off --labels "peaks,mountain_ranges,islands,lakes,roads" --download 900000 --shot "179,-8,2000m,snapshots/images/lago-braies.backdrop.seekofel.d3km.toggles.sky-on.roads-on.peaks-on.areas-on.png"
lago-braies.backdrop.seekofel.d3km.toggles.sky-on.roads-on.peaks-on.areas-off.png	lago-braies	toggles	46.72138	12.08547	179	-8	2000m	on	peaks,roads	1600	1000	120000	java -jar headless/build/libs/peaknav-headless-1.1.0.jar --lat 46.72138 --lon 12.08547 --width 1600 --height 1000 --await 120000 --sky on --sky-mode day --constellations off --horizon-compass off --coordinates off --labels "peaks,roads" --download 900000 --shot "179,-8,2000m,snapshots/images/lago-braies.backdrop.seekofel.d3km.toggles.sky-on.roads-on.peaks-on.areas-off.png"
lago-braies.backdrop.seekofel.d3km.toggles.sky-on.roads-on.peaks-off.areas-on.png	lago-braies	toggles	46.72138	12.08547	179	-8	2000m	on	mountain_ranges,islands,lakes,roads	1600	1000	120000	java -jar headless/build/libs/peaknav-headless-1.1.0.jar --lat 46.72138 --lon 12.08547 --width 1600 --height 1000 --await 120000 --sky on --sky-mode day --constellations off --horizon-compass off --coordinates off --labels "mountain_ranges,islands,lakes,roads" --download 900000 --shot "179,-8,2000m,snapshots/images/lago-braies.backdrop.seekofel.d3km.toggles.sky-on.roads-on.peaks-off.areas-on.png"
lago-braies.backdrop.seekofel.d3km.toggles.sky-on.roads-on.peaks-off.areas-off.png	lago-braies	toggles	46.72138	12.08547	179	-8	2000m	on	roads	1600	1000	120000	java -jar headless/build/libs/peaknav-headless-1.1.0.jar --lat 46.72138 --lon 12.08547 --width 1600 --height 1000 --await 120000 --sky on --sky-mode day --constellations off --horizon-compass off --coordinates off --labels "roads" --download 900000 --shot "179,-8,2000m,snapshots/images/lago-braies.backdrop.seekofel.d3km.toggles.sky-on.roads-on.peaks-off.areas-off.png"
lago-braies.backdrop.seekofel.d3km.toggles.sky-on.roads-off.peaks-on.areas-on.png	lago-braies	toggles	46.72138	12.08547	179	-8	2000m	on	peaks,mountain_ranges,islands,lakes	1600	1000	120000	java -jar headless/build/libs/peaknav-headless-1.1.0.jar --lat 46.72138 --lon 12.08547 --width 1600 --height 1000 --await 120000 --sky on --sky-mode day --constellations off --horizon-compass off --coordinates off --labels "peaks,mountain_ranges,islands,lakes" --download 900000 --shot "179,-8,2000m,snapshots/images/lago-braies.backdrop.seekofel.d3km.toggles.sky-on.roads-off.peaks-on.areas-on.png"
lago-braies.backdrop.seekofel.d3km.toggles.sky-on.roads-off.peaks-on.areas-off.png	lago-braies	toggles	46.72138	12.08547	179	-8	2000m	on	peaks	1600	1000	120000	java -jar headless/build/libs/peaknav-headless-1.1.0.jar --lat 46.72138 --lon 12.08547 --width 1600 --height 1000 --await 120000 --sky on --sky-mode day --constellations off --horizon-compass off --coordinates off --labels "peaks" --download 900000 --shot "179,-8,2000m,snapshots/images/lago-braies.backdrop.seekofel.d3km.toggles.sky-on.roads-off.peaks-on.areas-off.png"
lago-braies.backdrop.seekofel.d3km.toggles.sky-on.roads-off.peaks-off.areas-on.png	lago-braies	toggles	46.72138	12.08547	179	-8	2000m	on	mountain_ranges,islands,lakes	1600	1000	120000	java -jar headless/build/libs/peaknav-headless-1.1.0.jar --lat 46.72138 --lon 12.08547 --width 1600 --height 1000 --await 120000 --sky on --sky-mode day --constellations off --horizon-compass off --coordinates off --labels "mountain_ranges,islands,lakes" --download 900000 --shot "179,-8,2000m,snapshots/images/lago-braies.backdrop.seekofel.d3km.toggles.sky-on.roads-off.peaks-off.areas-on.png"
lago-braies.backdrop.seekofel.d3km.toggles.sky-on.roads-off.peaks-off.areas-off.png	lago-braies	toggles	46.72138	12.08547	179	-8	2000m	on	(none)	1600	1000	120000	java -jar headless/build/libs/peaknav-headless-1.1.0.jar --lat 46.72138 --lon 12.08547 --width 1600 --height 1000 --await 120000 --sky on --sky-mode day --constellations off --horizon-compass off --coordinates off --labels "" --download 900000 --shot "179,-8,2000m,snapshots/images/lago-braies.backdrop.seekofel.d3km.toggles.sky-on.roads-off.peaks-off.areas-off.png"
lago-braies.backdrop.seekofel.d3km.toggles.sky-off.roads-on.peaks-on.areas-on.png	lago-braies	toggles	46.72138	12.08547	179	-8	2000m	off	peaks,mountain_ranges,islands,lakes,roads	1600	1000	120000	java -jar headless/build/libs/peaknav-headless-1.1.0.jar --lat 46.72138 --lon 12.08547 --width 1600 --height 1000 --await 120000 --sky off --sky-mode day --constellations off --horizon-compass off --coordinates off --labels "peaks,mountain_ranges,islands,lakes,roads" --download 900000 --shot "179,-8,2000m,snapshots/images/lago-braies.backdrop.seekofel.d3km.toggles.sky-off.roads-on.peaks-on.areas-on.png"
lago-braies.backdrop.seekofel.d3km.toggles.sky-off.roads-on.peaks-on.areas-off.png	lago-braies	toggles	46.72138	12.08547	179	-8	2000m	off	peaks,roads	1600	1000	120000	java -jar headless/build/libs/peaknav-headless-1.1.0.jar --lat 46.72138 --lon 12.08547 --width 1600 --height 1000 --await 120000 --sky off --sky-mode day --constellations off --horizon-compass off --coordinates off --labels "peaks,roads" --download 900000 --shot "179,-8,2000m,snapshots/images/lago-braies.backdrop.seekofel.d3km.toggles.sky-off.roads-on.peaks-on.areas-off.png"
lago-braies.backdrop.seekofel.d3km.toggles.sky-off.roads-on.peaks-off.areas-on.png	lago-braies	toggles	46.72138	12.08547	179	-8	2000m	off	mountain_ranges,islands,lakes,roads	1600	1000	120000	java -jar headless/build/libs/peaknav-headless-1.1.0.jar --lat 46.72138 --lon 12.08547 --width 1600 --height 1000 --await 120000 --sky off --sky-mode day --constellations off --horizon-compass off --coordinates off --labels "mountain_ranges,islands,lakes,roads" --download 900000 --shot "179,-8,2000m,snapshots/images/lago-braies.backdrop.seekofel.d3km.toggles.sky-off.roads-on.peaks-off.areas-on.png"
lago-braies.backdrop.seekofel.d3km.toggles.sky-off.roads-on.peaks-off.areas-off.png	lago-braies	toggles	46.72138	12.08547	179	-8	2000m	off	roads	1600	1000	120000	java -jar headless/build/libs/peaknav-headless-1.1.0.jar --lat 46.72138 --lon 12.08547 --width 1600 --height 1000 --await 120000 --sky off --sky-mode day --constellations off --horizon-compass off --coordinates off --labels "roads" --download 900000 --shot "179,-8,2000m,snapshots/images/lago-braies.backdrop.seekofel.d3km.toggles.sky-off.roads-on.peaks-off.areas-off.png"
lago-braies.backdrop.seekofel.d3km.toggles.sky-off.roads-off.peaks-on.areas-on.png	lago-braies	toggles	46.72138	12.08547	179	-8	2000m	off	peaks,mountain_ranges,islands,lakes	1600	1000	120000	java -jar headless/build/libs/peaknav-headless-1.1.0.jar --lat 46.72138 --lon 12.08547 --width 1600 --height 1000 --await 120000 --sky off --sky-mode day --constellations off --horizon-compass off --coordinates off --labels "peaks,mountain_ranges,islands,lakes" --download 900000 --shot "179,-8,2000m,snapshots/images/lago-braies.backdrop.seekofel.d3km.toggles.sky-off.roads-off.peaks-on.areas-on.png"
lago-braies.backdrop.seekofel.d3km.toggles.sky-off.roads-off.peaks-on.areas-off.png	lago-braies	toggles	46.72138	12.08547	179	-8	2000m	off	peaks	1600	1000	120000	java -jar headless/build/libs/peaknav-headless-1.1.0.jar --lat 46.72138 --lon 12.08547 --width 1600 --height 1000 --await 120000 --sky off --sky-mode day --constellations off --horizon-compass off --coordinates off --labels "peaks" --download 900000 --shot "179,-8,2000m,snapshots/images/lago-braies.backdrop.seekofel.d3km.toggles.sky-off.roads-off.peaks-on.areas-off.png"
lago-braies.backdrop.seekofel.d3km.toggles.sky-off.roads-off.peaks-off.areas-on.png	lago-braies	toggles	46.72138	12.08547	179	-8	2000m	off	mountain_ranges,islands,lakes	1600	1000	120000	java -jar headless/build/libs/peaknav-headless-1.1.0.jar --lat 46.72138 --lon 12.08547 --width 1600 --height 1000 --await 120000 --sky off --sky-mode day --constellations off --horizon-compass off --coordinates off --labels "mountain_ranges,islands,lakes" --download 900000 --shot "179,-8,2000m,snapshots/images/lago-braies.backdrop.seekofel.d3km.toggles.sky-off.roads-off.peaks-off.areas-on.png"
lago-braies.backdrop.seekofel.d3km.toggles.sky-off.roads-off.peaks-off.areas-off.png	lago-braies	toggles	46.72138	12.08547	179	-8	2000m	off	(none)	1600	1000	120000	java -jar headless/build/libs/peaknav-headless-1.1.0.jar --lat 46.72138 --lon 12.08547 --width 1600 --height 1000 --await 120000 --sky off --sky-mode day --constellations off --horizon-compass off --coordinates off --labels "" --download 900000 --shot "179,-8,2000m,snapshots/images/lago-braies.backdrop.seekofel.d3km.toggles.sky-off.roads-off.peaks-off.areas-off.png"
oeschinensee.backdrop.doldenhorn.d3km.toggles.sky-on.roads-on.peaks-on.areas-on.png	oeschinensee	toggles	46.52217	7.71186	156	-8	2000m	on	peaks,mountain_ranges,islands,lakes,roads	1600	1000	120000	java -jar headless/build/libs/peaknav-headless-1.1.0.jar --lat 46.52217 --lon 7.71186 --width 1600 --height 1000 --await 120000 --sky on --sky-mode day --constellations off --horizon-compass off --coordinates off --labels "peaks,mountain_ranges,islands,lakes,roads" --download 900000 --shot "156,-8,2000m,snapshots/images/oeschinensee.backdrop.doldenhorn.d3km.toggles.sky-on.roads-on.peaks-on.areas-on.png"
oeschinensee.backdrop.doldenhorn.d3km.toggles.sky-on.roads-on.peaks-on.areas-off.png	oeschinensee	toggles	46.52217	7.71186	156	-8	2000m	on	peaks,roads	1600	1000	120000	java -jar headless/build/libs/peaknav-headless-1.1.0.jar --lat 46.52217 --lon 7.71186 --width 1600 --height 1000 --await 120000 --sky on --sky-mode day --constellations off --horizon-compass off --coordinates off --labels "peaks,roads" --download 900000 --shot "156,-8,2000m,snapshots/images/oeschinensee.backdrop.doldenhorn.d3km.toggles.sky-on.roads-on.peaks-on.areas-off.png"
oeschinensee.backdrop.doldenhorn.d3km.toggles.sky-on.roads-on.peaks-off.areas-on.png	oeschinensee	toggles	46.52217	7.71186	156	-8	2000m	on	mountain_ranges,islands,lakes,roads	1600	1000	120000	java -jar headless/build/libs/peaknav-headless-1.1.0.jar --lat 46.52217 --lon 7.71186 --width 1600 --height 1000 --await 120000 --sky on --sky-mode day --constellations off --horizon-compass off --coordinates off --labels "mountain_ranges,islands,lakes,roads" --download 900000 --shot "156,-8,2000m,snapshots/images/oeschinensee.backdrop.doldenhorn.d3km.toggles.sky-on.roads-on.peaks-off.areas-on.png"
oeschinensee.backdrop.doldenhorn.d3km.toggles.sky-on.roads-on.peaks-off.areas-off.png	oeschinensee	toggles	46.52217	7.71186	156	-8	2000m	on	roads	1600	1000	120000	java -jar headless/build/libs/peaknav-headless-1.1.0.jar --lat 46.52217 --lon 7.71186 --width 1600 --height 1000 --await 120000 --sky on --sky-mode day --constellations off --horizon-compass off --coordinates off --labels "roads" --download 900000 --shot "156,-8,2000m,snapshots/images/oeschinensee.backdrop.doldenhorn.d3km.toggles.sky-on.roads-on.peaks-off.areas-off.png"
oeschinensee.backdrop.doldenhorn.d3km.toggles.sky-on.roads-off.peaks-on.areas-on.png	oeschinensee	toggles	46.52217	7.71186	156	-8	2000m	on	peaks,mountain_ranges,islands,lakes	1600	1000	120000	java -jar headless/build/libs/peaknav-headless-1.1.0.jar --lat 46.52217 --lon 7.71186 --width 1600 --height 1000 --await 120000 --sky on --sky-mode day --constellations off --horizon-compass off --coordinates off --labels "peaks,mountain_ranges,islands,lakes" --download 900000 --shot "156,-8,2000m,snapshots/images/oeschinensee.backdrop.doldenhorn.d3km.toggles.sky-on.roads-off.peaks-on.areas-on.png"
oeschinensee.backdrop.doldenhorn.d3km.toggles.sky-on.roads-off.peaks-on.areas-off.png	oeschinensee	toggles	46.52217	7.71186	156	-8	2000m	on	peaks	1600	1000	120000	java -jar headless/build/libs/peaknav-headless-1.1.0.jar --lat 46.52217 --lon 7.71186 --width 1600 --height 1000 --await 120000 --sky on --sky-mode day --constellations off --horizon-compass off --coordinates off --labels "peaks" --download 900000 --shot "156,-8,2000m,snapshots/images/oeschinensee.backdrop.doldenhorn.d3km.toggles.sky-on.roads-off.peaks-on.areas-off.png"
oeschinensee.backdrop.doldenhorn.d3km.toggles.sky-on.roads-off.peaks-off.areas-on.png	oeschinensee	toggles	46.52217	7.71186	156	-8	2000m	on	mountain_ranges,islands,lakes	1600	1000	120000	java -jar headless/build/libs/peaknav-headless-1.1.0.jar --lat 46.52217 --lon 7.71186 --width 1600 --height 1000 --await 120000 --sky on --sky-mode day --constellations off --horizon-compass off --coordinates off --labels "mountain_ranges,islands,lakes" --download 900000 --shot "156,-8,2000m,snapshots/images/oeschinensee.backdrop.doldenhorn.d3km.toggles.sky-on.roads-off.peaks-off.areas-on.png"
oeschinensee.backdrop.doldenhorn.d3km.toggles.sky-on.roads-off.peaks-off.areas-off.png	oeschinensee	toggles	46.52217	7.71186	156	-8	2000m	on	(none)	1600	1000	120000	java -jar headless/build/libs/peaknav-headless-1.1.0.jar --lat 46.52217 --lon 7.71186 --width 1600 --height 1000 --await 120000 --sky on --sky-mode day --constellations off --horizon-compass off --coordinates off --labels "" --download 900000 --shot "156,-8,2000m,snapshots/images/oeschinensee.backdrop.doldenhorn.d3km.toggles.sky-on.roads-off.peaks-off.areas-off.png"
oeschinensee.backdrop.doldenhorn.d3km.toggles.sky-off.roads-on.peaks-on.areas-on.png	oeschinensee	toggles	46.52217	7.71186	156	-8	2000m	off	peaks,mountain_ranges,islands,lakes,roads	1600	1000	120000	java -jar headless/build/libs/peaknav-headless-1.1.0.jar --lat 46.52217 --lon 7.71186 --width 1600 --height 1000 --await 120000 --sky off --sky-mode day --constellations off --horizon-compass off --coordinates off --labels "peaks,mountain_ranges,islands,lakes,roads" --download 900000 --shot "156,-8,2000m,snapshots/images/oeschinensee.backdrop.doldenhorn.d3km.toggles.sky-off.roads-on.peaks-on.areas-on.png"
oeschinensee.backdrop.doldenhorn.d3km.toggles.sky-off.roads-on.peaks-on.areas-off.png	oeschinensee	toggles	46.52217	7.71186	156	-8	2000m	off	peaks,roads	1600	1000	120000	java -jar headless/build/libs/peaknav-headless-1.1.0.jar --lat 46.52217 --lon 7.71186 --width 1600 --height 1000 --await 120000 --sky off --sky-mode day --constellations off --horizon-compass off --coordinates off --labels "peaks,roads" --download 900000 --shot "156,-8,2000m,snapshots/images/oeschinensee.backdrop.doldenhorn.d3km.toggles.sky-off.roads-on.peaks-on.areas-off.png"
oeschinensee.backdrop.doldenhorn.d3km.toggles.sky-off.roads-on.peaks-off.areas-on.png	oeschinensee	toggles	46.52217	7.71186	156	-8	2000m	off	mountain_ranges,islands,lakes,roads	1600	1000	120000	java -jar headless/build/libs/peaknav-headless-1.1.0.jar --lat 46.52217 --lon 7.71186 --width 1600 --height 1000 --await 120000 --sky off --sky-mode day --constellations off --horizon-compass off --coordinates off --labels "mountain_ranges,islands,lakes,roads" --download 900000 --shot "156,-8,2000m,snapshots/images/oeschinensee.backdrop.doldenhorn.d3km.toggles.sky-off.roads-on.peaks-off.areas-on.png"
oeschinensee.backdrop.doldenhorn.d3km.toggles.sky-off.roads-on.peaks-off.areas-off.png	oeschinensee	toggles	46.52217	7.71186	156	-8	2000m	off	roads	1600	1000	120000	java -jar headless/build/libs/peaknav-headless-1.1.0.jar --lat 46.52217 --lon 7.71186 --width 1600 --height 1000 --await 120000 --sky off --sky-mode day --constellations off --horizon-compass off --coordinates off --labels "roads" --download 900000 --shot "156,-8,2000m,snapshots/images/oeschinensee.backdrop.doldenhorn.d3km.toggles.sky-off.roads-on.peaks-off.areas-off.png"
oeschinensee.backdrop.doldenhorn.d3km.toggles.sky-off.roads-off.peaks-on.areas-on.png	oeschinensee	toggles	46.52217	7.71186	156	-8	2000m	off	peaks,mountain_ranges,islands,lakes	1600	1000	120000	java -jar headless/build/libs/peaknav-headless-1.1.0.jar --lat 46.52217 --lon 7.71186 --width 1600 --height 1000 --await 120000 --sky off --sky-mode day --constellations off --horizon-compass off --coordinates off --labels "peaks,mountain_ranges,islands,lakes" --download 900000 --shot "156,-8,2000m,snapshots/images/oeschinensee.backdrop.doldenhorn.d3km.toggles.sky-off.roads-off.peaks-on.areas-on.png"
oeschinensee.backdrop.doldenhorn.d3km.toggles.sky-off.roads-off.peaks-on.areas-off.png	oeschinensee	toggles	46.52217	7.71186	156	-8	2000m	off	peaks	1600	1000	120000	java -jar headless/build/libs/peaknav-headless-1.1.0.jar --lat 46.52217 --lon 7.71186 --width 1600 --height 1000 --await 120000 --sky off --sky-mode day --constellations off --horizon-compass off --coordinates off --labels "peaks" --download 900000 --shot "156,-8,2000m,snapshots/images/oeschinensee.backdrop.doldenhorn.d3km.toggles.sky-off.roads-off.peaks-on.areas-off.png"
oeschinensee.backdrop.doldenhorn.d3km.toggles.sky-off.roads-off.peaks-off.areas-on.png	oeschinensee	toggles	46.52217	7.71186	156	-8	2000m	off	mountain_ranges,islands,lakes	1600	1000	120000	java -jar headless/build/libs/peaknav-headless-1.1.0.jar --lat 46.52217 --lon 7.71186 --width 1600 --height 1000 --await 120000 --sky off --sky-mode day --constellations off --horizon-compass off --coordinates off --labels "mountain_ranges,islands,lakes" --download 900000 --shot "156,-8,2000m,snapshots/images/oeschinensee.backdrop.doldenhorn.d3km.toggles.sky-off.roads-off.peaks-off.areas-on.png"
oeschinensee.backdrop.doldenhorn.d3km.toggles.sky-off.roads-off.peaks-off.areas-off.png	oeschinensee	toggles	46.52217	7.71186	156	-8	2000m	off	(none)	1600	1000	120000	java -jar headless/build/libs/peaknav-headless-1.1.0.jar --lat 46.52217 --lon 7.71186 --width 1600 --height 1000 --await 120000 --sky off --sky-mode day --constellations off --horizon-compass off --coordinates off --labels "" --download 900000 --shot "156,-8,2000m,snapshots/images/oeschinensee.backdrop.doldenhorn.d3km.toggles.sky-off.roads-off.peaks-off.areas-off.png"
geirangerfjord.vista.dalsnibba.toggles.sky-on.roads-on.peaks-on.areas-on.png	geirangerfjord	toggles	62.045	7.27	332	-6	800m	on	peaks,mountain_ranges,islands,lakes,roads	1600	1000	120000	java -jar headless/build/libs/peaknav-headless-1.1.0.jar --lat 62.045 --lon 7.27 --width 1600 --height 1000 --await 120000 --sky on --sky-mode day --constellations off --horizon-compass off --coordinates off --labels "peaks,mountain_ranges,islands,lakes,roads" --download 900000 --shot "332,-6,800m,snapshots/images/geirangerfjord.vista.dalsnibba.toggles.sky-on.roads-on.peaks-on.areas-on.png"
geirangerfjord.vista.dalsnibba.toggles.sky-on.roads-on.peaks-on.areas-off.png	geirangerfjord	toggles	62.045	7.27	332	-6	800m	on	peaks,roads	1600	1000	120000	java -jar headless/build/libs/peaknav-headless-1.1.0.jar --lat 62.045 --lon 7.27 --width 1600 --height 1000 --await 120000 --sky on --sky-mode day --constellations off --horizon-compass off --coordinates off --labels "peaks,roads" --download 900000 --shot "332,-6,800m,snapshots/images/geirangerfjord.vista.dalsnibba.toggles.sky-on.roads-on.peaks-on.areas-off.png"
geirangerfjord.vista.dalsnibba.toggles.sky-on.roads-on.peaks-off.areas-on.png	geirangerfjord	toggles	62.045	7.27	332	-6	800m	on	mountain_ranges,islands,lakes,roads	1600	1000	120000	java -jar headless/build/libs/peaknav-headless-1.1.0.jar --lat 62.045 --lon 7.27 --width 1600 --height 1000 --await 120000 --sky on --sky-mode day --constellations off --horizon-compass off --coordinates off --labels "mountain_ranges,islands,lakes,roads" --download 900000 --shot "332,-6,800m,snapshots/images/geirangerfjord.vista.dalsnibba.toggles.sky-on.roads-on.peaks-off.areas-on.png"
geirangerfjord.vista.dalsnibba.toggles.sky-on.roads-on.peaks-off.areas-off.png	geirangerfjord	toggles	62.045	7.27	332	-6	800m	on	roads	1600	1000	120000	java -jar headless/build/libs/peaknav-headless-1.1.0.jar --lat 62.045 --lon 7.27 --width 1600 --height 1000 --await 120000 --sky on --sky-mode day --constellations off --horizon-compass off --coordinates off --labels "roads" --download 900000 --shot "332,-6,800m,snapshots/images/geirangerfjord.vista.dalsnibba.toggles.sky-on.roads-on.peaks-off.areas-off.png"
geirangerfjord.vista.dalsnibba.toggles.sky-on.roads-off.peaks-on.areas-on.png	geirangerfjord	toggles	62.045	7.27	332	-6	800m	on	peaks,mountain_ranges,islands,lakes	1600	1000	120000	java -jar headless/build/libs/peaknav-headless-1.1.0.jar --lat 62.045 --lon 7.27 --width 1600 --height 1000 --await 120000 --sky on --sky-mode day --constellations off --horizon-compass off --coordinates off --labels "peaks,mountain_ranges,islands,lakes" --download 900000 --shot "332,-6,800m,snapshots/images/geirangerfjord.vista.dalsnibba.toggles.sky-on.roads-off.peaks-on.areas-on.png"
geirangerfjord.vista.dalsnibba.toggles.sky-on.roads-off.peaks-on.areas-off.png	geirangerfjord	toggles	62.045	7.27	332	-6	800m	on	peaks	1600	1000	120000	java -jar headless/build/libs/peaknav-headless-1.1.0.jar --lat 62.045 --lon 7.27 --width 1600 --height 1000 --await 120000 --sky on --sky-mode day --constellations off --horizon-compass off --coordinates off --labels "peaks" --download 900000 --shot "332,-6,800m,snapshots/images/geirangerfjord.vista.dalsnibba.toggles.sky-on.roads-off.peaks-on.areas-off.png"
geirangerfjord.vista.dalsnibba.toggles.sky-on.roads-off.peaks-off.areas-on.png	geirangerfjord	toggles	62.045	7.27	332	-6	800m	on	mountain_ranges,islands,lakes	1600	1000	120000	java -jar headless/build/libs/peaknav-headless-1.1.0.jar --lat 62.045 --lon 7.27 --width 1600 --height 1000 --await 120000 --sky on --sky-mode day --constellations off --horizon-compass off --coordinates off --labels "mountain_ranges,islands,lakes" --download 900000 --shot "332,-6,800m,snapshots/images/geirangerfjord.vista.dalsnibba.toggles.sky-on.roads-off.peaks-off.areas-on.png"
geirangerfjord.vista.dalsnibba.toggles.sky-on.roads-off.peaks-off.areas-off.png	geirangerfjord	toggles	62.045	7.27	332	-6	800m	on	(none)	1600	1000	120000	java -jar headless/build/libs/peaknav-headless-1.1.0.jar --lat 62.045 --lon 7.27 --width 1600 --height 1000 --await 120000 --sky on --sky-mode day --constellations off --horizon-compass off --coordinates off --labels "" --download 900000 --shot "332,-6,800m,snapshots/images/geirangerfjord.vista.dalsnibba.toggles.sky-on.roads-off.peaks-off.areas-off.png"
geirangerfjord.vista.dalsnibba.toggles.sky-off.roads-on.peaks-on.areas-on.png	geirangerfjord	toggles	62.045	7.27	332	-6	800m	off	peaks,mountain_ranges,islands,lakes,roads	1600	1000	120000	java -jar headless/build/libs/peaknav-headless-1.1.0.jar --lat 62.045 --lon 7.27 --width 1600 --height 1000 --await 120000 --sky off --sky-mode day --constellations off --horizon-compass off --coordinates off --labels "peaks,mountain_ranges,islands,lakes,roads" --download 900000 --shot "332,-6,800m,snapshots/images/geirangerfjord.vista.dalsnibba.toggles.sky-off.roads-on.peaks-on.areas-on.png"
geirangerfjord.vista.dalsnibba.toggles.sky-off.roads-on.peaks-on.areas-off.png	geirangerfjord	toggles	62.045	7.27	332	-6	800m	off	peaks,roads	1600	1000	120000	java -jar headless/build/libs/peaknav-headless-1.1.0.jar --lat 62.045 --lon 7.27 --width 1600 --height 1000 --await 120000 --sky off --sky-mode day --constellations off --horizon-compass off --coordinates off --labels "peaks,roads" --download 900000 --shot "332,-6,800m,snapshots/images/geirangerfjord.vista.dalsnibba.toggles.sky-off.roads-on.peaks-on.areas-off.png"
geirangerfjord.vista.dalsnibba.toggles.sky-off.roads-on.peaks-off.areas-on.png	geirangerfjord	toggles	62.045	7.27	332	-6	800m	off	mountain_ranges,islands,lakes,roads	1600	1000	120000	java -jar headless/build/libs/peaknav-headless-1.1.0.jar --lat 62.045 --lon 7.27 --width 1600 --height 1000 --await 120000 --sky off --sky-mode day --constellations off --horizon-compass off --coordinates off --labels "mountain_ranges,islands,lakes,roads" --download 900000 --shot "332,-6,800m,snapshots/images/geirangerfjord.vista.dalsnibba.toggles.sky-off.roads-on.peaks-off.areas-on.png"
geirangerfjord.vista.dalsnibba.toggles.sky-off.roads-on.peaks-off.areas-off.png	geirangerfjord	toggles	62.045	7.27	332	-6	800m	off	roads	1600	1000	120000	java -jar headless/build/libs/peaknav-headless-1.1.0.jar --lat 62.045 --lon 7.27 --width 1600 --height 1000 --await 120000 --sky off --sky-mode day --constellations off --horizon-compass off --coordinates off --labels "roads" --download 900000 --shot "332,-6,800m,snapshots/images/geirangerfjord.vista.dalsnibba.toggles.sky-off.roads-on.peaks-off.areas-off.png"
geirangerfjord.vista.dalsnibba.toggles.sky-off.roads-off.peaks-on.areas-on.png	geirangerfjord	toggles	62.045	7.27	332	-6	800m	off	peaks,mountain_ranges,islands,lakes	1600	1000	120000	java -jar headless/build/libs/peaknav-headless-1.1.0.jar --lat 62.045 --lon 7.27 --width 1600 --height 1000 --await 120000 --sky off --sky-mode day --constellations off --horizon-compass off --coordinates off --labels "peaks,mountain_ranges,islands,lakes" --download 900000 --shot "332,-6,800m,snapshots/images/geirangerfjord.vista.dalsnibba.toggles.sky-off.roads-off.peaks-on.areas-on.png"
geirangerfjord.vista.dalsnibba.toggles.sky-off.roads-off.peaks-on.areas-off.png	geirangerfjord	toggles	62.045	7.27	332	-6	800m	off	peaks	1600	1000	120000	java -jar headless/build/libs/peaknav-headless-1.1.0.jar --lat 62.045 --lon 7.27 --width 1600 --height 1000 --await 120000 --sky off --sky-mode day --constellations off --horizon-compass off --coordinates off --labels "peaks" --download 900000 --shot "332,-6,800m,snapshots/images/geirangerfjord.vista.dalsnibba.toggles.sky-off.roads-off.peaks-on.areas-off.png"
geirangerfjord.vista.dalsnibba.toggles.sky-off.roads-off.peaks-off.areas-on.png	geirangerfjord	toggles	62.045	7.27	332	-6	800m	off	mountain_ranges,islands,lakes	1600	1000	120000	java -jar headless/build/libs/peaknav-headless-1.1.0.jar --lat 62.045 --lon 7.27 --width 1600 --height 1000 --await 120000 --sky off --sky-mode day --constellations off --horizon-compass off --coordinates off --labels "mountain_ranges,islands,lakes" --download 900000 --shot "332,-6,800m,snapshots/images/geirangerfjord.vista.dalsnibba.toggles.sky-off.roads-off.peaks-off.areas-on.png"
geirangerfjord.vista.dalsnibba.toggles.sky-off.roads-off.peaks-off.areas-off.png	geirangerfjord	toggles	62.045	7.27	332	-6	800m	off	(none)	1600	1000	120000	java -jar headless/build/libs/peaknav-headless-1.1.0.jar --lat 62.045 --lon 7.27 --width 1600 --height 1000 --await 120000 --sky off --sky-mode day --constellations off --horizon-compass off --coordinates off --labels "" --download 900000 --shot "332,-6,800m,snapshots/images/geirangerfjord.vista.dalsnibba.toggles.sky-off.roads-off.peaks-off.areas-off.png"
lofoten.vista.reinebringen.toggles.sky-on.roads-on.peaks-on.areas-on.png	lofoten	toggles	67.9308	13.0894	285	-7	900m	on	peaks,mountain_ranges,islands,lakes,roads	1600	1000	120000	java -jar headless/build/libs/peaknav-headless-1.1.0.jar --lat 67.9308 --lon 13.0894 --width 1600 --height 1000 --await 120000 --sky on --sky-mode day --constellations off --horizon-compass off --coordinates off --labels "peaks,mountain_ranges,islands,lakes,roads" --download 900000 --shot "285,-7,900m,snapshots/images/lofoten.vista.reinebringen.toggles.sky-on.roads-on.peaks-on.areas-on.png"
lofoten.vista.reinebringen.toggles.sky-on.roads-on.peaks-on.areas-off.png	lofoten	toggles	67.9308	13.0894	285	-7	900m	on	peaks,roads	1600	1000	120000	java -jar headless/build/libs/peaknav-headless-1.1.0.jar --lat 67.9308 --lon 13.0894 --width 1600 --height 1000 --await 120000 --sky on --sky-mode day --constellations off --horizon-compass off --coordinates off --labels "peaks,roads" --download 900000 --shot "285,-7,900m,snapshots/images/lofoten.vista.reinebringen.toggles.sky-on.roads-on.peaks-on.areas-off.png"
lofoten.vista.reinebringen.toggles.sky-on.roads-on.peaks-off.areas-on.png	lofoten	toggles	67.9308	13.0894	285	-7	900m	on	mountain_ranges,islands,lakes,roads	1600	1000	120000	java -jar headless/build/libs/peaknav-headless-1.1.0.jar --lat 67.9308 --lon 13.0894 --width 1600 --height 1000 --await 120000 --sky on --sky-mode day --constellations off --horizon-compass off --coordinates off --labels "mountain_ranges,islands,lakes,roads" --download 900000 --shot "285,-7,900m,snapshots/images/lofoten.vista.reinebringen.toggles.sky-on.roads-on.peaks-off.areas-on.png"
lofoten.vista.reinebringen.toggles.sky-on.roads-on.peaks-off.areas-off.png	lofoten	toggles	67.9308	13.0894	285	-7	900m	on	roads	1600	1000	120000	java -jar headless/build/libs/peaknav-headless-1.1.0.jar --lat 67.9308 --lon 13.0894 --width 1600 --height 1000 --await 120000 --sky on --sky-mode day --constellations off --horizon-compass off --coordinates off --labels "roads" --download 900000 --shot "285,-7,900m,snapshots/images/lofoten.vista.reinebringen.toggles.sky-on.roads-on.peaks-off.areas-off.png"
lofoten.vista.reinebringen.toggles.sky-on.roads-off.peaks-on.areas-on.png	lofoten	toggles	67.9308	13.0894	285	-7	900m	on	peaks,mountain_ranges,islands,lakes	1600	1000	120000	java -jar headless/build/libs/peaknav-headless-1.1.0.jar --lat 67.9308 --lon 13.0894 --width 1600 --height 1000 --await 120000 --sky on --sky-mode day --constellations off --horizon-compass off --coordinates off --labels "peaks,mountain_ranges,islands,lakes" --download 900000 --shot "285,-7,900m,snapshots/images/lofoten.vista.reinebringen.toggles.sky-on.roads-off.peaks-on.areas-on.png"
lofoten.vista.reinebringen.toggles.sky-on.roads-off.peaks-on.areas-off.png	lofoten	toggles	67.9308	13.0894	285	-7	900m	on	peaks	1600	1000	120000	java -jar headless/build/libs/peaknav-headless-1.1.0.jar --lat 67.9308 --lon 13.0894 --width 1600 --height 1000 --await 120000 --sky on --sky-mode day --constellations off --horizon-compass off --coordinates off --labels "peaks" --download 900000 --shot "285,-7,900m,snapshots/images/lofoten.vista.reinebringen.toggles.sky-on.roads-off.peaks-on.areas-off.png"
lofoten.vista.reinebringen.toggles.sky-on.roads-off.peaks-off.areas-on.png	lofoten	toggles	67.9308	13.0894	285	-7	900m	on	mountain_ranges,islands,lakes	1600	1000	120000	java -jar headless/build/libs/peaknav-headless-1.1.0.jar --lat 67.9308 --lon 13.0894 --width 1600 --height 1000 --await 120000 --sky on --sky-mode day --constellations off --horizon-compass off --coordinates off --labels "mountain_ranges,islands,lakes" --download 900000 --shot "285,-7,900m,snapshots/images/lofoten.vista.reinebringen.toggles.sky-on.roads-off.peaks-off.areas-on.png"
lofoten.vista.reinebringen.toggles.sky-on.roads-off.peaks-off.areas-off.png	lofoten	toggles	67.9308	13.0894	285	-7	900m	on	(none)	1600	1000	120000	java -jar headless/build/libs/peaknav-headless-1.1.0.jar --lat 67.9308 --lon 13.0894 --width 1600 --height 1000 --await 120000 --sky on --sky-mode day --constellations off --horizon-compass off --coordinates off --labels "" --download 900000 --shot "285,-7,900m,snapshots/images/lofoten.vista.reinebringen.toggles.sky-on.roads-off.peaks-off.areas-off.png"
lofoten.vista.reinebringen.toggles.sky-off.roads-on.peaks-on.areas-on.png	lofoten	toggles	67.9308	13.0894	285	-7	900m	off	peaks,mountain_ranges,islands,lakes,roads	1600	1000	120000	java -jar headless/build/libs/peaknav-headless-1.1.0.jar --lat 67.9308 --lon 13.0894 --width 1600 --height 1000 --await 120000 --sky off --sky-mode day --constellations off --horizon-compass off --coordinates off --labels "peaks,mountain_ranges,islands,lakes,roads" --download 900000 --shot "285,-7,900m,snapshots/images/lofoten.vista.reinebringen.toggles.sky-off.roads-on.peaks-on.areas-on.png"
lofoten.vista.reinebringen.toggles.sky-off.roads-on.peaks-on.areas-off.png	lofoten	toggles	67.9308	13.0894	285	-7	900m	off	peaks,roads	1600	1000	120000	java -jar headless/build/libs/peaknav-headless-1.1.0.jar --lat 67.9308 --lon 13.0894 --width 1600 --height 1000 --await 120000 --sky off --sky-mode day --constellations off --horizon-compass off --coordinates off --labels "peaks,roads" --download 900000 --shot "285,-7,900m,snapshots/images/lofoten.vista.reinebringen.toggles.sky-off.roads-on.peaks-on.areas-off.png"
lofoten.vista.reinebringen.toggles.sky-off.roads-on.peaks-off.areas-on.png	lofoten	toggles	67.9308	13.0894	285	-7	900m	off	mountain_ranges,islands,lakes,roads	1600	1000	120000	java -jar headless/build/libs/peaknav-headless-1.1.0.jar --lat 67.9308 --lon 13.0894 --width 1600 --height 1000 --await 120000 --sky off --sky-mode day --constellations off --horizon-compass off --coordinates off --labels "mountain_ranges,islands,lakes,roads" --download 900000 --shot "285,-7,900m,snapshots/images/lofoten.vista.reinebringen.toggles.sky-off.roads-on.peaks-off.areas-on.png"
lofoten.vista.reinebringen.toggles.sky-off.roads-on.peaks-off.areas-off.png	lofoten	toggles	67.9308	13.0894	285	-7	900m	off	roads	1600	1000	120000	java -jar headless/build/libs/peaknav-headless-1.1.0.jar --lat 67.9308 --lon 13.0894 --width 1600 --height 1000 --await 120000 --sky off --sky-mode day --constellations off --horizon-compass off --coordinates off --labels "roads" --download 900000 --shot "285,-7,900m,snapshots/images/lofoten.vista.reinebringen.toggles.sky-off.roads-on.peaks-off.areas-off.png"
lofoten.vista.reinebringen.toggles.sky-off.roads-off.peaks-on.areas-on.png	lofoten	toggles	67.9308	13.0894	285	-7	900m	off	peaks,mountain_ranges,islands,lakes	1600	1000	120000	java -jar headless/build/libs/peaknav-headless-1.1.0.jar --lat 67.9308 --lon 13.0894 --width 1600 --height 1000 --await 120000 --sky off --sky-mode day --constellations off --horizon-compass off --coordinates off --labels "peaks,mountain_ranges,islands,lakes" --download 900000 --shot "285,-7,900m,snapshots/images/lofoten.vista.reinebringen.toggles.sky-off.roads-off.peaks-on.areas-on.png"
lofoten.vista.reinebringen.toggles.sky-off.roads-off.peaks-on.areas-off.png	lofoten	toggles	67.9308	13.0894	285	-7	900m	off	peaks	1600	1000	120000	java -jar headless/build/libs/peaknav-headless-1.1.0.jar --lat 67.9308 --lon 13.0894 --width 1600 --height 1000 --await 120000 --sky off --sky-mode day --constellations off --horizon-compass off --coordinates off --labels "peaks" --download 900000 --shot "285,-7,900m,snapshots/images/lofoten.vista.reinebringen.toggles.sky-off.roads-off.peaks-on.areas-off.png"
lofoten.vista.reinebringen.toggles.sky-off.roads-off.peaks-off.areas-on.png	lofoten	toggles	67.9308	13.0894	285	-7	900m	off	mountain_ranges,islands,lakes	1600	1000	120000	java -jar headless/build/libs/peaknav-headless-1.1.0.jar --lat 67.9308 --lon 13.0894 --width 1600 --height 1000 --await 120000 --sky off --sky-mode day --constellations off --horizon-compass off --coordinates off --labels "mountain_ranges,islands,lakes" --download 900000 --shot "285,-7,900m,snapshots/images/lofoten.vista.reinebringen.toggles.sky-off.roads-off.peaks-off.areas-on.png"
lofoten.vista.reinebringen.toggles.sky-off.roads-off.peaks-off.areas-off.png	lofoten	toggles	67.9308	13.0894	285	-7	900m	off	(none)	1600	1000	120000	java -jar headless/build/libs/peaknav-headless-1.1.0.jar --lat 67.9308 --lon 13.0894 --width 1600 --height 1000 --await 120000 --sky off --sky-mode day --constellations off --horizon-compass off --coordinates off --labels "" --download 900000 --shot "285,-7,900m,snapshots/images/lofoten.vista.reinebringen.toggles.sky-off.roads-off.peaks-off.areas-off.png"
naxos-cyclades.vista.zas-to-amorgos.toggles.sky-on.roads-on.peaks-on.areas-on.png	naxos-cyclades	toggles	37.0197	25.4783	115	-7	3500m	on	peaks,mountain_ranges,islands,lakes,roads	1600	1000	120000	java -jar headless/build/libs/peaknav-headless-1.1.0.jar --lat 37.0197 --lon 25.4783 --width 1600 --height 1000 --await 120000 --sky on --sky-mode day --constellations off --horizon-compass off --coordinates off --labels "peaks,mountain_ranges,islands,lakes,roads" --download 900000 --shot "115,-7,3500m,snapshots/images/naxos-cyclades.vista.zas-to-amorgos.toggles.sky-on.roads-on.peaks-on.areas-on.png"
naxos-cyclades.vista.zas-to-amorgos.toggles.sky-on.roads-on.peaks-on.areas-off.png	naxos-cyclades	toggles	37.0197	25.4783	115	-7	3500m	on	peaks,roads	1600	1000	120000	java -jar headless/build/libs/peaknav-headless-1.1.0.jar --lat 37.0197 --lon 25.4783 --width 1600 --height 1000 --await 120000 --sky on --sky-mode day --constellations off --horizon-compass off --coordinates off --labels "peaks,roads" --download 900000 --shot "115,-7,3500m,snapshots/images/naxos-cyclades.vista.zas-to-amorgos.toggles.sky-on.roads-on.peaks-on.areas-off.png"
naxos-cyclades.vista.zas-to-amorgos.toggles.sky-on.roads-on.peaks-off.areas-on.png	naxos-cyclades	toggles	37.0197	25.4783	115	-7	3500m	on	mountain_ranges,islands,lakes,roads	1600	1000	120000	java -jar headless/build/libs/peaknav-headless-1.1.0.jar --lat 37.0197 --lon 25.4783 --width 1600 --height 1000 --await 120000 --sky on --sky-mode day --constellations off --horizon-compass off --coordinates off --labels "mountain_ranges,islands,lakes,roads" --download 900000 --shot "115,-7,3500m,snapshots/images/naxos-cyclades.vista.zas-to-amorgos.toggles.sky-on.roads-on.peaks-off.areas-on.png"
naxos-cyclades.vista.zas-to-amorgos.toggles.sky-on.roads-on.peaks-off.areas-off.png	naxos-cyclades	toggles	37.0197	25.4783	115	-7	3500m	on	roads	1600	1000	120000	java -jar headless/build/libs/peaknav-headless-1.1.0.jar --lat 37.0197 --lon 25.4783 --width 1600 --height 1000 --await 120000 --sky on --sky-mode day --constellations off --horizon-compass off --coordinates off --labels "roads" --download 900000 --shot "115,-7,3500m,snapshots/images/naxos-cyclades.vista.zas-to-amorgos.toggles.sky-on.roads-on.peaks-off.areas-off.png"
naxos-cyclades.vista.zas-to-amorgos.toggles.sky-on.roads-off.peaks-on.areas-on.png	naxos-cyclades	toggles	37.0197	25.4783	115	-7	3500m	on	peaks,mountain_ranges,islands,lakes	1600	1000	120000	java -jar headless/build/libs/peaknav-headless-1.1.0.jar --lat 37.0197 --lon 25.4783 --width 1600 --height 1000 --await 120000 --sky on --sky-mode day --constellations off --horizon-compass off --coordinates off --labels "peaks,mountain_ranges,islands,lakes" --download 900000 --shot "115,-7,3500m,snapshots/images/naxos-cyclades.vista.zas-to-amorgos.toggles.sky-on.roads-off.peaks-on.areas-on.png"
naxos-cyclades.vista.zas-to-amorgos.toggles.sky-on.roads-off.peaks-on.areas-off.png	naxos-cyclades	toggles	37.0197	25.4783	115	-7	3500m	on	peaks	1600	1000	120000	java -jar headless/build/libs/peaknav-headless-1.1.0.jar --lat 37.0197 --lon 25.4783 --width 1600 --height 1000 --await 120000 --sky on --sky-mode day --constellations off --horizon-compass off --coordinates off --labels "peaks" --download 900000 --shot "115,-7,3500m,snapshots/images/naxos-cyclades.vista.zas-to-amorgos.toggles.sky-on.roads-off.peaks-on.areas-off.png"
naxos-cyclades.vista.zas-to-amorgos.toggles.sky-on.roads-off.peaks-off.areas-on.png	naxos-cyclades	toggles	37.0197	25.4783	115	-7	3500m	on	mountain_ranges,islands,lakes	1600	1000	120000	java -jar headless/build/libs/peaknav-headless-1.1.0.jar --lat 37.0197 --lon 25.4783 --width 1600 --height 1000 --await 120000 --sky on --sky-mode day --constellations off --horizon-compass off --coordinates off --labels "mountain_ranges,islands,lakes" --download 900000 --shot "115,-7,3500m,snapshots/images/naxos-cyclades.vista.zas-to-amorgos.toggles.sky-on.roads-off.peaks-off.areas-on.png"
naxos-cyclades.vista.zas-to-amorgos.toggles.sky-on.roads-off.peaks-off.areas-off.png	naxos-cyclades	toggles	37.0197	25.4783	115	-7	3500m	on	(none)	1600	1000	120000	java -jar headless/build/libs/peaknav-headless-1.1.0.jar --lat 37.0197 --lon 25.4783 --width 1600 --height 1000 --await 120000 --sky on --sky-mode day --constellations off --horizon-compass off --coordinates off --labels "" --download 900000 --shot "115,-7,3500m,snapshots/images/naxos-cyclades.vista.zas-to-amorgos.toggles.sky-on.roads-off.peaks-off.areas-off.png"
naxos-cyclades.vista.zas-to-amorgos.toggles.sky-off.roads-on.peaks-on.areas-on.png	naxos-cyclades	toggles	37.0197	25.4783	115	-7	3500m	off	peaks,mountain_ranges,islands,lakes,roads	1600	1000	120000	java -jar headless/build/libs/peaknav-headless-1.1.0.jar --lat 37.0197 --lon 25.4783 --width 1600 --height 1000 --await 120000 --sky off --sky-mode day --constellations off --horizon-compass off --coordinates off --labels "peaks,mountain_ranges,islands,lakes,roads" --download 900000 --shot "115,-7,3500m,snapshots/images/naxos-cyclades.vista.zas-to-amorgos.toggles.sky-off.roads-on.peaks-on.areas-on.png"
naxos-cyclades.vista.zas-to-amorgos.toggles.sky-off.roads-on.peaks-on.areas-off.png	naxos-cyclades	toggles	37.0197	25.4783	115	-7	3500m	off	peaks,roads	1600	1000	120000	java -jar headless/build/libs/peaknav-headless-1.1.0.jar --lat 37.0197 --lon 25.4783 --width 1600 --height 1000 --await 120000 --sky off --sky-mode day --constellations off --horizon-compass off --coordinates off --labels "peaks,roads" --download 900000 --shot "115,-7,3500m,snapshots/images/naxos-cyclades.vista.zas-to-amorgos.toggles.sky-off.roads-on.peaks-on.areas-off.png"
naxos-cyclades.vista.zas-to-amorgos.toggles.sky-off.roads-on.peaks-off.areas-on.png	naxos-cyclades	toggles	37.0197	25.4783	115	-7	3500m	off	mountain_ranges,islands,lakes,roads	1600	1000	120000	java -jar headless/build/libs/peaknav-headless-1.1.0.jar --lat 37.0197 --lon 25.4783 --width 1600 --height 1000 --await 120000 --sky off --sky-mode day --constellations off --horizon-compass off --coordinates off --labels "mountain_ranges,islands,lakes,roads" --download 900000 --shot "115,-7,3500m,snapshots/images/naxos-cyclades.vista.zas-to-amorgos.toggles.sky-off.roads-on.peaks-off.areas-on.png"
naxos-cyclades.vista.zas-to-amorgos.toggles.sky-off.roads-on.peaks-off.areas-off.png	naxos-cyclades	toggles	37.0197	25.4783	115	-7	3500m	off	roads	1600	1000	120000	java -jar headless/build/libs/peaknav-headless-1.1.0.jar --lat 37.0197 --lon 25.4783 --width 1600 --height 1000 --await 120000 --sky off --sky-mode day --constellations off --horizon-compass off --coordinates off --labels "roads" --download 900000 --shot "115,-7,3500m,snapshots/images/naxos-cyclades.vista.zas-to-amorgos.toggles.sky-off.roads-on.peaks-off.areas-off.png"
naxos-cyclades.vista.zas-to-amorgos.toggles.sky-off.roads-off.peaks-on.areas-on.png	naxos-cyclades	toggles	37.0197	25.4783	115	-7	3500m	off	peaks,mountain_ranges,islands,lakes	1600	1000	120000	java -jar headless/build/libs/peaknav-headless-1.1.0.jar --lat 37.0197 --lon 25.4783 --width 1600 --height 1000 --await 120000 --sky off --sky-mode day --constellations off --horizon-compass off --coordinates off --labels "peaks,mountain_ranges,islands,lakes" --download 900000 --shot "115,-7,3500m,snapshots/images/naxos-cyclades.vista.zas-to-amorgos.toggles.sky-off.roads-off.peaks-on.areas-on.png"
naxos-cyclades.vista.zas-to-amorgos.toggles.sky-off.roads-off.peaks-on.areas-off.png	naxos-cyclades	toggles	37.0197	25.4783	115	-7	3500m	off	peaks	1600	1000	120000	java -jar headless/build/libs/peaknav-headless-1.1.0.jar --lat 37.0197 --lon 25.4783 --width 1600 --height 1000 --await 120000 --sky off --sky-mode day --constellations off --horizon-compass off --coordinates off --labels "peaks" --download 900000 --shot "115,-7,3500m,snapshots/images/naxos-cyclades.vista.zas-to-amorgos.toggles.sky-off.roads-off.peaks-on.areas-off.png"
naxos-cyclades.vista.zas-to-amorgos.toggles.sky-off.roads-off.peaks-off.areas-on.png	naxos-cyclades	toggles	37.0197	25.4783	115	-7	3500m	off	mountain_ranges,islands,lakes	1600	1000	120000	java -jar headless/build/libs/peaknav-headless-1.1.0.jar --lat 37.0197 --lon 25.4783 --width 1600 --height 1000 --await 120000 --sky off --sky-mode day --constellations off --horizon-compass off --coordinates off --labels "mountain_ranges,islands,lakes" --download 900000 --shot "115,-7,3500m,snapshots/images/naxos-cyclades.vista.zas-to-amorgos.toggles.sky-off.roads-off.peaks-off.areas-on.png"
naxos-cyclades.vista.zas-to-amorgos.toggles.sky-off.roads-off.peaks-off.areas-off.png	naxos-cyclades	toggles	37.0197	25.4783	115	-7	3500m	off	(none)	1600	1000	120000	java -jar headless/build/libs/peaknav-headless-1.1.0.jar --lat 37.0197 --lon 25.4783 --width 1600 --height 1000 --await 120000 --sky off --sky-mode day --constellations off --horizon-compass off --coordinates off --labels "" --download 900000 --shot "115,-7,3500m,snapshots/images/naxos-cyclades.vista.zas-to-amorgos.toggles.sky-off.roads-off.peaks-off.areas-off.png"
skye.vista.elgol.toggles.sky-on.roads-on.peaks-on.areas-on.png	skye	toggles	57.145	-6.105	316	-3	800m	on	peaks,mountain_ranges,islands,lakes,roads	1600	1000	120000	java -jar headless/build/libs/peaknav-headless-1.1.0.jar --lat 57.145 --lon -6.105 --width 1600 --height 1000 --await 120000 --sky on --sky-mode day --constellations off --horizon-compass off --coordinates off --labels "peaks,mountain_ranges,islands,lakes,roads" --download 900000 --shot "316,-3,800m,snapshots/images/skye.vista.elgol.toggles.sky-on.roads-on.peaks-on.areas-on.png"
skye.vista.elgol.toggles.sky-on.roads-on.peaks-on.areas-off.png	skye	toggles	57.145	-6.105	316	-3	800m	on	peaks,roads	1600	1000	120000	java -jar headless/build/libs/peaknav-headless-1.1.0.jar --lat 57.145 --lon -6.105 --width 1600 --height 1000 --await 120000 --sky on --sky-mode day --constellations off --horizon-compass off --coordinates off --labels "peaks,roads" --download 900000 --shot "316,-3,800m,snapshots/images/skye.vista.elgol.toggles.sky-on.roads-on.peaks-on.areas-off.png"
skye.vista.elgol.toggles.sky-on.roads-on.peaks-off.areas-on.png	skye	toggles	57.145	-6.105	316	-3	800m	on	mountain_ranges,islands,lakes,roads	1600	1000	120000	java -jar headless/build/libs/peaknav-headless-1.1.0.jar --lat 57.145 --lon -6.105 --width 1600 --height 1000 --await 120000 --sky on --sky-mode day --constellations off --horizon-compass off --coordinates off --labels "mountain_ranges,islands,lakes,roads" --download 900000 --shot "316,-3,800m,snapshots/images/skye.vista.elgol.toggles.sky-on.roads-on.peaks-off.areas-on.png"
skye.vista.elgol.toggles.sky-on.roads-on.peaks-off.areas-off.png	skye	toggles	57.145	-6.105	316	-3	800m	on	roads	1600	1000	120000	java -jar headless/build/libs/peaknav-headless-1.1.0.jar --lat 57.145 --lon -6.105 --width 1600 --height 1000 --await 120000 --sky on --sky-mode day --constellations off --horizon-compass off --coordinates off --labels "roads" --download 900000 --shot "316,-3,800m,snapshots/images/skye.vista.elgol.toggles.sky-on.roads-on.peaks-off.areas-off.png"
skye.vista.elgol.toggles.sky-on.roads-off.peaks-on.areas-on.png	skye	toggles	57.145	-6.105	316	-3	800m	on	peaks,mountain_ranges,islands,lakes	1600	1000	120000	java -jar headless/build/libs/peaknav-headless-1.1.0.jar --lat 57.145 --lon -6.105 --width 1600 --height 1000 --await 120000 --sky on --sky-mode day --constellations off --horizon-compass off --coordinates off --labels "peaks,mountain_ranges,islands,lakes" --download 900000 --shot "316,-3,800m,snapshots/images/skye.vista.elgol.toggles.sky-on.roads-off.peaks-on.areas-on.png"
skye.vista.elgol.toggles.sky-on.roads-off.peaks-on.areas-off.png	skye	toggles	57.145	-6.105	316	-3	800m	on	peaks	1600	1000	120000	java -jar headless/build/libs/peaknav-headless-1.1.0.jar --lat 57.145 --lon -6.105 --width 1600 --height 1000 --await 120000 --sky on --sky-mode day --constellations off --horizon-compass off --coordinates off --labels "peaks" --download 900000 --shot "316,-3,800m,snapshots/images/skye.vista.elgol.toggles.sky-on.roads-off.peaks-on.areas-off.png"
skye.vista.elgol.toggles.sky-on.roads-off.peaks-off.areas-on.png	skye	toggles	57.145	-6.105	316	-3	800m	on	mountain_ranges,islands,lakes	1600	1000	120000	java -jar headless/build/libs/peaknav-headless-1.1.0.jar --lat 57.145 --lon -6.105 --width 1600 --height 1000 --await 120000 --sky on --sky-mode day --constellations off --horizon-compass off --coordinates off --labels "mountain_ranges,islands,lakes" --download 900000 --shot "316,-3,800m,snapshots/images/skye.vista.elgol.toggles.sky-on.roads-off.peaks-off.areas-on.png"
skye.vista.elgol.toggles.sky-on.roads-off.peaks-off.areas-off.png	skye	toggles	57.145	-6.105	316	-3	800m	on	(none)	1600	1000	120000	java -jar headless/build/libs/peaknav-headless-1.1.0.jar --lat 57.145 --lon -6.105 --width 1600 --height 1000 --await 120000 --sky on --sky-mode day --constellations off --horizon-compass off --coordinates off --labels "" --download 900000 --shot "316,-3,800m,snapshots/images/skye.vista.elgol.toggles.sky-on.roads-off.peaks-off.areas-off.png"
skye.vista.elgol.toggles.sky-off.roads-on.peaks-on.areas-on.png	skye	toggles	57.145	-6.105	316	-3	800m	off	peaks,mountain_ranges,islands,lakes,roads	1600	1000	120000	java -jar headless/build/libs/peaknav-headless-1.1.0.jar --lat 57.145 --lon -6.105 --width 1600 --height 1000 --await 120000 --sky off --sky-mode day --constellations off --horizon-compass off --coordinates off --labels "peaks,mountain_ranges,islands,lakes,roads" --download 900000 --shot "316,-3,800m,snapshots/images/skye.vista.elgol.toggles.sky-off.roads-on.peaks-on.areas-on.png"
skye.vista.elgol.toggles.sky-off.roads-on.peaks-on.areas-off.png	skye	toggles	57.145	-6.105	316	-3	800m	off	peaks,roads	1600	1000	120000	java -jar headless/build/libs/peaknav-headless-1.1.0.jar --lat 57.145 --lon -6.105 --width 1600 --height 1000 --await 120000 --sky off --sky-mode day --constellations off --horizon-compass off --coordinates off --labels "peaks,roads" --download 900000 --shot "316,-3,800m,snapshots/images/skye.vista.elgol.toggles.sky-off.roads-on.peaks-on.areas-off.png"
skye.vista.elgol.toggles.sky-off.roads-on.peaks-off.areas-on.png	skye	toggles	57.145	-6.105	316	-3	800m	off	mountain_ranges,islands,lakes,roads	1600	1000	120000	java -jar headless/build/libs/peaknav-headless-1.1.0.jar --lat 57.145 --lon -6.105 --width 1600 --height 1000 --await 120000 --sky off --sky-mode day --constellations off --horizon-compass off --coordinates off --labels "mountain_ranges,islands,lakes,roads" --download 900000 --shot "316,-3,800m,snapshots/images/skye.vista.elgol.toggles.sky-off.roads-on.peaks-off.areas-on.png"
skye.vista.elgol.toggles.sky-off.roads-on.peaks-off.areas-off.png	skye	toggles	57.145	-6.105	316	-3	800m	off	roads	1600	1000	120000	java -jar headless/build/libs/peaknav-headless-1.1.0.jar --lat 57.145 --lon -6.105 --width 1600 --height 1000 --await 120000 --sky off --sky-mode day --constellations off --horizon-compass off --coordinates off --labels "roads" --download 900000 --shot "316,-3,800m,snapshots/images/skye.vista.elgol.toggles.sky-off.roads-on.peaks-off.areas-off.png"
skye.vista.elgol.toggles.sky-off.roads-off.peaks-on.areas-on.png	skye	toggles	57.145	-6.105	316	-3	800m	off	peaks,mountain_ranges,islands,lakes	1600	1000	120000	java -jar headless/build/libs/peaknav-headless-1.1.0.jar --lat 57.145 --lon -6.105 --width 1600 --height 1000 --await 120000 --sky off --sky-mode day --constellations off --horizon-compass off --coordinates off --labels "peaks,mountain_ranges,islands,lakes" --download 900000 --shot "316,-3,800m,snapshots/images/skye.vista.elgol.toggles.sky-off.roads-off.peaks-on.areas-on.png"
skye.vista.elgol.toggles.sky-off.roads-off.peaks-on.areas-off.png	skye	toggles	57.145	-6.105	316	-3	800m	off	peaks	1600	1000	120000	java -jar headless/build/libs/peaknav-headless-1.1.0.jar --lat 57.145 --lon -6.105 --width 1600 --height 1000 --await 120000 --sky off --sky-mode day --constellations off --horizon-compass off --coordinates off --labels "peaks" --download 900000 --shot "316,-3,800m,snapshots/images/skye.vista.elgol.toggles.sky-off.roads-off.peaks-on.areas-off.png"
skye.vista.elgol.toggles.sky-off.roads-off.peaks-off.areas-on.png	skye	toggles	57.145	-6.105	316	-3	800m	off	mountain_ranges,islands,lakes	1600	1000	120000	java -jar headless/build/libs/peaknav-headless-1.1.0.jar --lat 57.145 --lon -6.105 --width 1600 --height 1000 --await 120000 --sky off --sky-mode day --constellations off --horizon-compass off --coordinates off --labels "mountain_ranges,islands,lakes" --download 900000 --shot "316,-3,800m,snapshots/images/skye.vista.elgol.toggles.sky-off.roads-off.peaks-off.areas-on.png"
skye.vista.elgol.toggles.sky-off.roads-off.peaks-off.areas-off.png	skye	toggles	57.145	-6.105	316	-3	800m	off	(none)	1600	1000	120000	java -jar headless/build/libs/peaknav-headless-1.1.0.jar --lat 57.145 --lon -6.105 --width 1600 --height 1000 --await 120000 --sky off --sky-mode day --constellations off --horizon-compass off --coordinates off --labels "" --download 900000 --shot "316,-3,800m,snapshots/images/skye.vista.elgol.toggles.sky-off.roads-off.peaks-off.areas-off.png"
brac-croatia.vista.vidova-gora.toggles.sky-on.roads-on.peaks-on.areas-on.png	brac-croatia	toggles	43.265	16.6197	180	-7	2800m	on	peaks,mountain_ranges,islands,lakes,roads	1600	1000	120000	java -jar headless/build/libs/peaknav-headless-1.1.0.jar --lat 43.265 --lon 16.6197 --width 1600 --height 1000 --await 120000 --sky on --sky-mode day --constellations off --horizon-compass off --coordinates off --labels "peaks,mountain_ranges,islands,lakes,roads" --download 900000 --shot "180,-7,2800m,snapshots/images/brac-croatia.vista.vidova-gora.toggles.sky-on.roads-on.peaks-on.areas-on.png"
brac-croatia.vista.vidova-gora.toggles.sky-on.roads-on.peaks-on.areas-off.png	brac-croatia	toggles	43.265	16.6197	180	-7	2800m	on	peaks,roads	1600	1000	120000	java -jar headless/build/libs/peaknav-headless-1.1.0.jar --lat 43.265 --lon 16.6197 --width 1600 --height 1000 --await 120000 --sky on --sky-mode day --constellations off --horizon-compass off --coordinates off --labels "peaks,roads" --download 900000 --shot "180,-7,2800m,snapshots/images/brac-croatia.vista.vidova-gora.toggles.sky-on.roads-on.peaks-on.areas-off.png"
brac-croatia.vista.vidova-gora.toggles.sky-on.roads-on.peaks-off.areas-on.png	brac-croatia	toggles	43.265	16.6197	180	-7	2800m	on	mountain_ranges,islands,lakes,roads	1600	1000	120000	java -jar headless/build/libs/peaknav-headless-1.1.0.jar --lat 43.265 --lon 16.6197 --width 1600 --height 1000 --await 120000 --sky on --sky-mode day --constellations off --horizon-compass off --coordinates off --labels "mountain_ranges,islands,lakes,roads" --download 900000 --shot "180,-7,2800m,snapshots/images/brac-croatia.vista.vidova-gora.toggles.sky-on.roads-on.peaks-off.areas-on.png"
brac-croatia.vista.vidova-gora.toggles.sky-on.roads-on.peaks-off.areas-off.png	brac-croatia	toggles	43.265	16.6197	180	-7	2800m	on	roads	1600	1000	120000	java -jar headless/build/libs/peaknav-headless-1.1.0.jar --lat 43.265 --lon 16.6197 --width 1600 --height 1000 --await 120000 --sky on --sky-mode day --constellations off --horizon-compass off --coordinates off --labels "roads" --download 900000 --shot "180,-7,2800m,snapshots/images/brac-croatia.vista.vidova-gora.toggles.sky-on.roads-on.peaks-off.areas-off.png"
brac-croatia.vista.vidova-gora.toggles.sky-on.roads-off.peaks-on.areas-on.png	brac-croatia	toggles	43.265	16.6197	180	-7	2800m	on	peaks,mountain_ranges,islands,lakes	1600	1000	120000	java -jar headless/build/libs/peaknav-headless-1.1.0.jar --lat 43.265 --lon 16.6197 --width 1600 --height 1000 --await 120000 --sky on --sky-mode day --constellations off --horizon-compass off --coordinates off --labels "peaks,mountain_ranges,islands,lakes" --download 900000 --shot "180,-7,2800m,snapshots/images/brac-croatia.vista.vidova-gora.toggles.sky-on.roads-off.peaks-on.areas-on.png"
brac-croatia.vista.vidova-gora.toggles.sky-on.roads-off.peaks-on.areas-off.png	brac-croatia	toggles	43.265	16.6197	180	-7	2800m	on	peaks	1600	1000	120000	java -jar headless/build/libs/peaknav-headless-1.1.0.jar --lat 43.265 --lon 16.6197 --width 1600 --height 1000 --await 120000 --sky on --sky-mode day --constellations off --horizon-compass off --coordinates off --labels "peaks" --download 900000 --shot "180,-7,2800m,snapshots/images/brac-croatia.vista.vidova-gora.toggles.sky-on.roads-off.peaks-on.areas-off.png"
brac-croatia.vista.vidova-gora.toggles.sky-on.roads-off.peaks-off.areas-on.png	brac-croatia	toggles	43.265	16.6197	180	-7	2800m	on	mountain_ranges,islands,lakes	1600	1000	120000	java -jar headless/build/libs/peaknav-headless-1.1.0.jar --lat 43.265 --lon 16.6197 --width 1600 --height 1000 --await 120000 --sky on --sky-mode day --constellations off --horizon-compass off --coordinates off --labels "mountain_ranges,islands,lakes" --download 900000 --shot "180,-7,2800m,snapshots/images/brac-croatia.vista.vidova-gora.toggles.sky-on.roads-off.peaks-off.areas-on.png"
brac-croatia.vista.vidova-gora.toggles.sky-on.roads-off.peaks-off.areas-off.png	brac-croatia	toggles	43.265	16.6197	180	-7	2800m	on	(none)	1600	1000	120000	java -jar headless/build/libs/peaknav-headless-1.1.0.jar --lat 43.265 --lon 16.6197 --width 1600 --height 1000 --await 120000 --sky on --sky-mode day --constellations off --horizon-compass off --coordinates off --labels "" --download 900000 --shot "180,-7,2800m,snapshots/images/brac-croatia.vista.vidova-gora.toggles.sky-on.roads-off.peaks-off.areas-off.png"
brac-croatia.vista.vidova-gora.toggles.sky-off.roads-on.peaks-on.areas-on.png	brac-croatia	toggles	43.265	16.6197	180	-7	2800m	off	peaks,mountain_ranges,islands,lakes,roads	1600	1000	120000	java -jar headless/build/libs/peaknav-headless-1.1.0.jar --lat 43.265 --lon 16.6197 --width 1600 --height 1000 --await 120000 --sky off --sky-mode day --constellations off --horizon-compass off --coordinates off --labels "peaks,mountain_ranges,islands,lakes,roads" --download 900000 --shot "180,-7,2800m,snapshots/images/brac-croatia.vista.vidova-gora.toggles.sky-off.roads-on.peaks-on.areas-on.png"
brac-croatia.vista.vidova-gora.toggles.sky-off.roads-on.peaks-on.areas-off.png	brac-croatia	toggles	43.265	16.6197	180	-7	2800m	off	peaks,roads	1600	1000	120000	java -jar headless/build/libs/peaknav-headless-1.1.0.jar --lat 43.265 --lon 16.6197 --width 1600 --height 1000 --await 120000 --sky off --sky-mode day --constellations off --horizon-compass off --coordinates off --labels "peaks,roads" --download 900000 --shot "180,-7,2800m,snapshots/images/brac-croatia.vista.vidova-gora.toggles.sky-off.roads-on.peaks-on.areas-off.png"
brac-croatia.vista.vidova-gora.toggles.sky-off.roads-on.peaks-off.areas-on.png	brac-croatia	toggles	43.265	16.6197	180	-7	2800m	off	mountain_ranges,islands,lakes,roads	1600	1000	120000	java -jar headless/build/libs/peaknav-headless-1.1.0.jar --lat 43.265 --lon 16.6197 --width 1600 --height 1000 --await 120000 --sky off --sky-mode day --constellations off --horizon-compass off --coordinates off --labels "mountain_ranges,islands,lakes,roads" --download 900000 --shot "180,-7,2800m,snapshots/images/brac-croatia.vista.vidova-gora.toggles.sky-off.roads-on.peaks-off.areas-on.png"
brac-croatia.vista.vidova-gora.toggles.sky-off.roads-on.peaks-off.areas-off.png	brac-croatia	toggles	43.265	16.6197	180	-7	2800m	off	roads	1600	1000	120000	java -jar headless/build/libs/peaknav-headless-1.1.0.jar --lat 43.265 --lon 16.6197 --width 1600 --height 1000 --await 120000 --sky off --sky-mode day --constellations off --horizon-compass off --coordinates off --labels "roads" --download 900000 --shot "180,-7,2800m,snapshots/images/brac-croatia.vista.vidova-gora.toggles.sky-off.roads-on.peaks-off.areas-off.png"
brac-croatia.vista.vidova-gora.toggles.sky-off.roads-off.peaks-on.areas-on.png	brac-croatia	toggles	43.265	16.6197	180	-7	2800m	off	peaks,mountain_ranges,islands,lakes	1600	1000	120000	java -jar headless/build/libs/peaknav-headless-1.1.0.jar --lat 43.265 --lon 16.6197 --width 1600 --height 1000 --await 120000 --sky off --sky-mode day --constellations off --horizon-compass off --coordinates off --labels "peaks,mountain_ranges,islands,lakes" --download 900000 --shot "180,-7,2800m,snapshots/images/brac-croatia.vista.vidova-gora.toggles.sky-off.roads-off.peaks-on.areas-on.png"
brac-croatia.vista.vidova-gora.toggles.sky-off.roads-off.peaks-on.areas-off.png	brac-croatia	toggles	43.265	16.6197	180	-7	2800m	off	peaks	1600	1000	120000	java -jar headless/build/libs/peaknav-headless-1.1.0.jar --lat 43.265 --lon 16.6197 --width 1600 --height 1000 --await 120000 --sky off --sky-mode day --constellations off --horizon-compass off --coordinates off --labels "peaks" --download 900000 --shot "180,-7,2800m,snapshots/images/brac-croatia.vista.vidova-gora.toggles.sky-off.roads-off.peaks-on.areas-off.png"
brac-croatia.vista.vidova-gora.toggles.sky-off.roads-off.peaks-off.areas-on.png	brac-croatia	toggles	43.265	16.6197	180	-7	2800m	off	mountain_ranges,islands,lakes	1600	1000	120000	java -jar headless/build/libs/peaknav-headless-1.1.0.jar --lat 43.265 --lon 16.6197 --width 1600 --height 1000 --await 120000 --sky off --sky-mode day --constellations off --horizon-compass off --coordinates off --labels "mountain_ranges,islands,lakes" --download 900000 --shot "180,-7,2800m,snapshots/images/brac-croatia.vista.vidova-gora.toggles.sky-off.roads-off.peaks-off.areas-on.png"
brac-croatia.vista.vidova-gora.toggles.sky-off.roads-off.peaks-off.areas-off.png	brac-croatia	toggles	43.265	16.6197	180	-7	2800m	off	(none)	1600	1000	120000	java -jar headless/build/libs/peaknav-headless-1.1.0.jar --lat 43.265 --lon 16.6197 --width 1600 --height 1000 --await 120000 --sky off --sky-mode day --constellations off --horizon-compass off --coordinates off --labels "" --download 900000 --shot "180,-7,2800m,snapshots/images/brac-croatia.vista.vidova-gora.toggles.sky-off.roads-off.peaks-off.areas-off.png"
zermatt-matterhorn.curated.gornergrat.png	zermatt-matterhorn	curated	45.9833	7.7853	265	2	0.18	on	peaks,mountain_ranges,islands,lakes,cities	1600	1000	120000	java -jar headless/build/libs/peaknav-headless-1.1.0.jar --lat 45.9833 --lon 7.7853 --width 1600 --height 1000 --await 120000 --sky on --sky-mode local --constellations on --horizon-compass off --coordinates off --labels "peaks,mountain_ranges,islands,lakes,cities" --download 900000 --shot "265,2,0.18,snapshots/images/zermatt-matterhorn.curated.gornergrat.png"
mount-rainier.curated.centered-nw.png	mount-rainier	curated	46.9	-121.9	116	-1	0.4	on	peaks,mountain_ranges,islands,lakes,cities	1600	1000	120000	java -jar headless/build/libs/peaknav-headless-1.1.0.jar --lat 46.9 --lon -121.9 --width 1600 --height 1000 --await 120000 --sky on --sky-mode local --constellations on --horizon-compass off --coordinates off --labels "peaks,mountain_ranges,islands,lakes,cities" --download 900000 --shot "116,-1,0.4,snapshots/images/mount-rainier.curated.centered-nw.png"
mount-rainier.curated.paradise.png	mount-rainier	curated	46.786	-121.735	355	8	0.15	on	peaks,mountain_ranges,islands,lakes,cities	1600	1000	120000	java -jar headless/build/libs/peaknav-headless-1.1.0.jar --lat 46.786 --lon -121.735 --width 1600 --height 1000 --await 120000 --sky on --sky-mode local --constellations on --horizon-compass off --coordinates off --labels "peaks,mountain_ranges,islands,lakes,cities" --download 900000 --shot "355,8,0.15,snapshots/images/mount-rainier.curated.paradise.png"
yosemite-valley.curated.tunnel-view.png	yosemite-valley	curated	37.7156	-119.6772	68	2	0.15	on	peaks,mountain_ranges,islands,lakes,cities	1600	1000	120000	java -jar headless/build/libs/peaknav-headless-1.1.0.jar --lat 37.7156 --lon -119.6772 --width 1600 --height 1000 --await 120000 --sky on --sky-mode local --constellations on --horizon-compass off --coordinates off --labels "peaks,mountain_ranges,islands,lakes,cities" --download 900000 --shot "68,2,0.15,snapshots/images/yosemite-valley.curated.tunnel-view.png"
yosemite-valley.curated.glacier-point.png	yosemite-valley	curated	37.73	-119.573	28	3	0.2	on	peaks,mountain_ranges,islands,lakes,cities	1600	1000	120000	java -jar headless/build/libs/peaknav-headless-1.1.0.jar --lat 37.73 --lon -119.573 --width 1600 --height 1000 --await 120000 --sky on --sky-mode local --constellations on --horizon-compass off --coordinates off --labels "peaks,mountain_ranges,islands,lakes,cities" --download 900000 --shot "28,3,0.2,snapshots/images/yosemite-valley.curated.glacier-point.png"
dolomites-tre-cime.curated.locatelli.png	dolomites-tre-cime	curated	46.6427	12.3223	208	4	0.15	on	peaks,mountain_ranges,islands,lakes,cities	1600	1000	120000	java -jar headless/build/libs/peaknav-headless-1.1.0.jar --lat 46.6427 --lon 12.3223 --width 1600 --height 1000 --await 120000 --sky on --sky-mode local --constellations on --horizon-compass off --coordinates off --labels "peaks,mountain_ranges,islands,lakes,cities" --download 900000 --shot "208,4,0.15,snapshots/images/dolomites-tre-cime.curated.locatelli.png"
aoraki-mount-cook.curated.hooker-valley.png	aoraki-mount-cook	curated	-43.669	170.0996	12	5	0.12	on	peaks,mountain_ranges,islands,lakes,cities	1600	1000	120000	java -jar headless/build/libs/peaknav-headless-1.1.0.jar --lat -43.669 --lon 170.0996 --width 1600 --height 1000 --await 120000 --sky on --sky-mode local --constellations on --horizon-compass off --coordinates off --labels "peaks,mountain_ranges,islands,lakes,cities" --download 900000 --shot "12,5,0.12,snapshots/images/aoraki-mount-cook.curated.hooker-valley.png"
everest.curated.kala-patthar.png	everest	curated	27.9626	86.8285	78	6	0.15	on	peaks,mountain_ranges,islands,lakes,cities	1600	1000	120000	java -jar headless/build/libs/peaknav-headless-1.1.0.jar --lat 27.9626 --lon 86.8285 --width 1600 --height 1000 --await 120000 --sky on --sky-mode local --constellations on --horizon-compass off --coordinates off --labels "peaks,mountain_ranges,islands,lakes,cities" --download 900000 --shot "78,6,0.15,snapshots/images/everest.curated.kala-patthar.png"
banff-lake-louise.curated.lake-shore.png	banff-lake-louise	curated	51.4172	-116.216	235	3	0.1	on	peaks,mountain_ranges,islands,lakes,cities	1600	1000	120000	java -jar headless/build/libs/peaknav-headless-1.1.0.jar --lat 51.4172 --lon -116.216 --width 1600 --height 1000 --await 120000 --sky on --sky-mode local --constellations on --horizon-compass off --coordinates off --labels "peaks,mountain_ranges,islands,lakes,cities" --download 900000 --shot "235,3,0.1,snapshots/images/banff-lake-louise.curated.lake-shore.png"
santorini-greece.curated.caldera-fira.png	santorini-greece	curated	36.4202	25.431	300	-4	0.12	on	peaks,mountain_ranges,islands,lakes,cities	1600	1000	120000	java -jar headless/build/libs/peaknav-headless-1.1.0.jar --lat 36.4202 --lon 25.431 --width 1600 --height 1000 --await 120000 --sky on --sky-mode local --constellations on --horizon-compass off --coordinates off --labels "peaks,mountain_ranges,islands,lakes,cities" --download 900000 --shot "300,-4,0.12,snapshots/images/santorini-greece.curated.caldera-fira.png"
santorini-greece.curated.sea-approach.png	santorini-greece	curated	36.4	25.35	80	1	0.1	on	peaks,mountain_ranges,islands,lakes,cities	1600	1000	120000	java -jar headless/build/libs/peaknav-headless-1.1.0.jar --lat 36.4 --lon 25.35 --width 1600 --height 1000 --await 120000 --sky on --sky-mode local --constellations on --horizon-compass off --coordinates off --labels "peaks,mountain_ranges,islands,lakes,cities" --download 900000 --shot "80,1,0.1,snapshots/images/santorini-greece.curated.sea-approach.png"
hvar-croatia.curated.town-west.png	hvar-croatia	curated	43.1729	16.4433	250	-5	0.15	on	peaks,mountain_ranges,islands,lakes,cities	1600	1000	120000	java -jar headless/build/libs/peaknav-headless-1.1.0.jar --lat 43.1729 --lon 16.4433 --width 1600 --height 1000 --await 120000 --sky on --sky-mode local --constellations on --horizon-compass off --coordinates off --labels "peaks,mountain_ranges,islands,lakes,cities" --download 900000 --shot "250,-5,0.15,snapshots/images/hvar-croatia.curated.town-west.png"
hvar-croatia.curated.sea-north.png	hvar-croatia	curated	43.22	16.35	135	0	0.1	on	peaks,mountain_ranges,islands,lakes,cities	1600	1000	120000	java -jar headless/build/libs/peaknav-headless-1.1.0.jar --lat 43.22 --lon 16.35 --width 1600 --height 1000 --await 120000 --sky on --sky-mode local --constellations on --horizon-compass off --coordinates off --labels "peaks,mountain_ranges,islands,lakes,cities" --download 900000 --shot "135,0,0.1,snapshots/images/hvar-croatia.curated.sea-north.png"
